,state.pn,state.pe,state.vn,state.ve,next_state.pn,next_state.pe,next_state.vn,next_state.ve,action_vel.vn,action_vel.ve,action
0,-1.616691853928566,0.2774913669586182,-0.00022951683701197988,0.0005457430040370168,-1.8506720571041106,0.39797323909401894,-0.2926100657178811,0.13578560364204162,-0.21213204,0.21213204,4
1,-1.8506720571041106,0.39797323909401894,-0.2926100657178811,0.13578560364204162,-1.8832931390285492,0.6446203184843063,0.11803421765781161,0.28468094276348005,0.0,0.3,5
2,-1.8832931390285492,0.6446203184843063,0.11803421765781161,0.28468094276348005,-1.7030035385370257,0.5519930842518807,0.2267116735610216,-0.19156793266837377,0.21213204,-0.21213204,8
3,-1.7030035385370257,0.5519930842518807,0.2267116735610216,-0.19156793266837377,-1.9412991716861727,0.5182356020092964,-0.2598708306270348,-0.010752718527073372,-0.3,0.0,7
4,-1.9412991716861727,0.5182356020092964,-0.2598708306270348,-0.010752718527073372,-1.9896609717130662,0.7515003941416741,-0.18257248347414737,0.1893421371101558,0.0,0.3,5
5,-1.9896609717130662,0.7515003941416741,-0.18257248347414737,0.1893421371101558,-2.205065594148636,0.6239045712828636,-0.2728976094015402,-0.17293719827400383,-0.21213204,-0.21213204,2
6,-2.205065594148636,0.6239045712828636,-0.2728976094015402,-0.17293719827400383,-1.9726357383251192,0.5994362401247024,0.2534092863878842,-0.009309446188801262,0.3,0.0,3
7,-1.9726357383251192,0.5994362401247024,0.2534092863878842,-0.009309446188801262,-1.9311918954610827,0.6000409341096877,0.002917121041218708,-0.003651760293150407,0.0,0.0,0
8,-1.9311918954610827,0.6000409341096877,0.002917121041218708,-0.003651760293150407,-2.174923027086258,0.45859437822103505,-0.26318656972670196,-0.1503668081350875,-0.21213204,-0.21213204,2
9,-2.174923027086258,0.45859437822103505,-0.26318656972670196,-0.1503668081350875,-1.9337574241161346,0.43546370486021047,0.23521872563262747,0.007222278414580712,0.3,0.0,3
10,-1.9337574241161346,0.43546370486021047,0.23521872563262747,0.007222278414580712,-2.16319693775177,0.43334423882961276,-0.26081045837857986,0.009821235524972445,-0.3,0.0,7
11,-2.16319693775177,0.43334423882961276,-0.26081045837857986,0.009821235524972445,-1.9617513545751573,0.3043948806107044,0.2662651248982791,-0.14220815963314007,0.21213204,-0.21213204,8
12,-1.9617513545751573,0.3043948806107044,0.2662651248982791,-0.14220815963314007,-1.6636605997085572,0.29133686821460725,0.3079274958731266,0.0005362541741462532,0.3,0.0,3
13,-1.6636605997085572,0.29133686821460725,0.3079274958731266,0.0005362541741462532,-1.6032262937784196,0.029193266928568485,0.03865045188598258,-0.3206653206373962,0.0,-0.3,1
14,-1.6032262937784196,0.029193266928568485,0.03865045188598258,-0.3206653206373962,-1.591654182457924,0.23518401394784452,0.01351299719399444,0.3054098845876097,0.0,0.3,5
15,-1.591654182457924,0.23518401394784452,0.01351299719399444,0.3054098845876097,-1.8006258606672287,0.11957542172074319,-0.24514744443743636,-0.15589986399812011,-0.21213204,-0.21213204,2
16,-1.8006258606672287,0.11957542172074319,-0.24514744443743636,-0.15589986399812011,-1.8105341697216035,-0.16104694846272471,-0.010952924168905268,-0.2880291594199459,0.0,-0.3,1
17,-1.8105341697216035,-0.16104694846272471,-0.010952924168905268,-0.2880291594199459,-1.5771936628818513,-0.05489172909334302,0.274384934015651,0.14085046270445864,0.21213204,0.21213204,6
18,-1.5771936628818513,-0.05489172909334302,0.274384934015651,0.14085046270445864,-1.5209977417469025,-0.2933788902759552,0.004797869235926716,-0.28366111334668276,0.0,-0.3,1
19,-1.5209977417469025,-0.2933788902759552,0.004797869235926716,-0.28366111334668276,-1.5202505843877792,-0.3253478688657284,-0.00040075388206366164,0.00025755160643638013,0.0,0.0,0
20,-1.5202505843877792,-0.3253478688657284,-0.00040075388206366164,0.00025755160643638013,-1.2759125259876252,-0.19060655389428138,0.27091365689477415,0.1520685556367599,0.21213204,0.21213204,6
21,-1.2759125259876252,-0.19060655389428138,0.27091365689477415,0.1520685556367599,-1.4686740360498427,-0.2901926053583622,-0.2765318963608241,-0.138360453431224,-0.21213204,-0.21213204,2
22,-1.4686740360498427,-0.2901926053583622,-0.2765318963608241,-0.138360453431224,-1.759863309431076,-0.30242387292385103,-0.33060492040699274,-0.024467607464163803,-0.3,0.0,7
23,-1.759863309431076,-0.30242387292385103,-0.33060492040699274,-0.024467607464163803,-1.797375275874138,-0.3019491981327534,0.0009560895774372805,-0.00038267915027706274,0.0,0.0,0
24,-1.797375275874138,-0.3019491981327534,0.0009560895774372805,-0.00038267915027706274,-1.7972546788454058,-0.3019475501716137,0.0014295367781923145,-0.000659862598563361,0.0,0.0,0
25,-1.7972546788454058,-0.3019475501716137,0.0014295367781923145,-0.000659862598563361,-1.5499238864660265,-0.43601911453008657,0.2915887887644983,-0.11634698990393974,0.21213204,-0.21213204,8
26,-1.5499238864660265,-0.43601911453008657,0.2915887887644983,-0.11634698990393974,-1.7424159439325335,-0.324553930002451,-0.27628335520781566,0.14453308108494506,-0.21213204,0.21213204,4
27,-1.7424159439325335,-0.324553930002451,-0.27628335520781566,0.14453308108494506,-1.7873581256628037,-0.5742598526120186,-0.0020589493569349296,-0.29278548526721654,0.0,-0.3,1
28,-1.7873581256628037,-0.5742598526120186,-0.0020589493569349296,-0.29278548526721654,-1.5563705002069474,-0.7584873732805252,0.2824639623656911,-0.12183837930829139,0.21213204,-0.21213204,8
29,-1.5563705002069474,-0.7584873732805252,0.2824639623656911,-0.12183837930829139,-1.2630131419181825,-0.7682001511812211,0.2884384182201147,0.010863505427531808,0.3,0.0,3
30,-1.2630131419181825,-0.7682001511812211,0.2884384182201147,0.010863505427531808,-1.2221650542259217,-0.7681473448395729,2.921640230645353e-05,0.0002727925552841015,0.0,0.0,0
31,-1.2221650542259217,-0.7681473448395729,2.921640230645353e-05,0.0002727925552841015,-0.9723768848538399,-0.8883359095096589,0.2964992550152823,-0.1340848523298735,0.21213204,-0.21213204,8
32,-0.9723768848538399,-0.8883359095096589,0.2964992550152823,-0.1340848523298735,-1.206371255159378,-0.9055262195229532,-0.25763789404772747,-0.0011165253944077401,-0.3,0.0,7
33,-1.206371255159378,-0.9055262195229532,-0.25763789404772747,-0.0011165253944077401,-1.2478682623624802,-0.9053380495667458,-0.000216379966092442,0.00010681336073382646,0.0,0.0,0
34,-1.2478682623624802,-0.9053380495667458,-0.000216379966092442,0.00010681336073382646,-1.256012842798233,-0.6359793439626693,-0.007275591773920522,0.31679893156570443,0.0,0.3,5
35,-1.256012842798233,-0.6359793439626693,-0.007275591773920522,0.31679893156570443,-1.4789207171678542,-0.7234397425770761,-0.280319513598661,-0.15210882777406937,-0.21213204,-0.21213204,2
36,-1.4789207171678542,-0.7234397425770761,-0.280319513598661,-0.15210882777406937,-1.5041099189519884,-0.9941489039301873,0.015998464146031954,-0.2835283036619157,0.0,-0.3,1
37,-1.5041099189519884,-0.9941489039301873,0.015998464146031954,-0.2835283036619157,-1.731592911911011,-0.8950232077598572,-0.2620321458647174,0.09505327237310163,-0.21213204,0.21213204,4
38,-1.731592911911011,-0.8950232077598572,-0.2620321458647174,0.09505327237310163,-1.7735461059570312,-1.1326404529333116,0.013893346508780295,-0.31452543863299914,0.0,-0.3,1
39,-1.7735461059570312,-1.1326404529333116,0.013893346508780295,-0.31452543863299914,-2.001543839788437,-1.3079522714614868,-0.2702566113693493,-0.13593040026614306,-0.21213204,-0.21213204,2
40,-2.001543839788437,-1.3079522714614868,-0.2702566113693493,-0.13593040026614306,-2.053522409200668,-1.0824667160749435,-0.006970563238297566,0.27467932274977286,0.0,0.3,5
41,-2.053522409200668,-1.0824667160749435,-0.006970563238297566,0.27467932274977286,-2.053383794260025,-0.7909174774646759,0.08745249576329434,0.31524789238742784,0.0,0.3,5
42,-2.053383794260025,-0.7909174774646759,0.08745249576329434,0.31524789238742784,-1.8281113163948057,-0.6187065205454826,0.2650451201192459,0.10212736757343899,0.21213204,0.21213204,6
43,-1.8281113163948057,-0.6187065205454826,0.2650451201192459,0.10212736757343899,-1.5785460030555727,-0.7608492244362831,0.27453178692172064,-0.11826885810359078,0.21213204,-0.21213204,8
44,-1.5785460030555727,-0.7608492244362831,0.27453178692172064,-0.11826885810359078,-1.7646627155542376,-0.9154679835438729,-0.2704415276842258,-0.14771749532745757,-0.21213204,-0.21213204,2
45,-1.7646627155542376,-0.9154679835438729,-0.2704415276842258,-0.14771749532745757,-1.5651465155124664,-1.0627865028858186,0.2889194367374297,-0.12191253949964559,0.21213204,-0.21213204,8
46,-1.5651465155124664,-1.0627865028858186,0.2889194367374297,-0.12191253949964559,-1.2671212794065476,-1.0672007788658142,0.30435228960422783,0.008812582792994877,0.3,0.0,3
47,-1.2671212794065476,-1.0672007788658142,0.30435228960422783,0.008812582792994877,-1.5017268761157991,-1.068868383049965,-0.2604093461790615,-0.0012470045257083374,-0.3,0.0,7
48,-1.5017268761157991,-1.068868383049965,-0.2604093461790615,-0.0012470045257083374,-1.562325397515297,-0.8279054310798646,-0.03308257922218884,0.26592151524499646,0.0,0.3,5
49,-1.562325397515297,-0.8279054310798646,-0.03308257922218884,0.26592151524499646,-1.3365993208646774,-0.9275205309629442,0.2807435401561289,-0.12451690242493473,0.21213204,-0.21213204,8
50,-1.3365993208646774,-0.9275205309629442,0.2807435401561289,-0.12451690242493473,-1.0797344317197801,-0.7894636803507805,0.2711045173551848,0.15211014920706123,0.21213204,0.21213204,6
51,-1.0797344317197801,-0.7894636803507805,0.2711045173551848,0.15211014920706123,-1.3172473821878434,-0.7695482959508897,-0.26448918320206416,-0.0069493289106066485,-0.3,0.0,7
52,-1.3172473821878434,-0.7695482959508897,-0.26448918320206416,-0.0069493289106066485,-1.1314952452659608,-0.885516657114029,0.27765866086789154,-0.12150214385393952,0.21213204,-0.21213204,8
53,-1.1314952452659608,-0.885516657114029,0.27765866086789154,-0.12150214385393952,-0.8842306288957597,-0.7446719364762306,0.2930948870316239,0.1457722617358102,0.21213204,0.21213204,6
54,-0.8842306288957597,-0.7446719364762306,0.2930948870316239,0.1457722617358102,-0.8410307430386543,-0.9604937461376191,-0.013385865579644716,-0.2739097655087592,0.0,-0.3,1
55,-0.8410307430386543,-0.9604937461376191,-0.013385865579644716,-0.2739097655087592,-0.8302225310325623,-1.2479256011247635,0.015593340962463051,-0.285142468652188,0.0,-0.3,1
56,-0.8302225310325623,-1.2479256011247635,0.015593340962463051,-0.285142468652188,-1.0568589865207674,-1.1532281112909317,-0.2762516877044404,0.14683419137749662,-0.21213204,0.21213204,4
57,-1.0568589865207674,-1.1532281112909317,-0.2762516877044404,0.14683419137749662,-1.0998107414484026,-1.1371539798259735,0.00013747106163682166,-0.00030705044061576264,0.0,0.0,0
58,-1.0998107414484026,-1.1371539798259735,0.00013747106163682166,-0.00030705044061576264,-1.3748789369821548,-1.1362538169622423,-0.2875410497322956,0.0022016627663348893,-0.3,0.0,7
59,-1.3748789369821548,-1.1362538169622423,-0.2875410497322956,0.0022016627663348893,-1.6511592610836032,-1.0011762374401092,-0.2648379491622794,0.12576476530176797,-0.21213204,0.21213204,4
60,-1.6511592610836032,-1.0011762374401092,-0.2648379491622794,0.12576476530176797,-1.90374435710907,-1.1346949275255203,-0.25795198007416004,-0.1512451169151048,-0.21213204,-0.21213204,2
61,-1.90374435710907,-1.1346949275255203,-0.25795198007416004,-0.1512451169151048,-2.1738107077598574,-1.0134244886875152,-0.30362571268920835,0.1083019957337411,-0.21213204,0.21213204,4
62,-2.1738107077598574,-1.0134244886875152,-0.30362571268920835,0.1083019957337411,-2.2224366296291356,-1.2611117383003236,-0.0020372985650829994,-0.30667598271373026,0.0,-0.3,1
63,-2.2224366296291356,-1.2611117383003236,-0.0020372985650829994,-0.30667598271373026,-2.2382307265758516,-1.0539918801546098,-0.022740290342033162,0.28168281544040313,0.0,0.3,5
64,-2.2382307265758516,-1.0539918801546098,-0.022740290342033162,0.28168281544040313,-1.9724726786613465,-1.0217305192470552,0.27663264832024137,8.330479444484083e-05,0.3,0.0,3
65,-1.9724726786613465,-1.0217305192470552,0.27663264832024137,8.330479444484083e-05,-1.9181891629695893,-1.272888035607338,0.011448950330413632,-0.29250836848354933,0.0,-0.3,1
66,-1.9181891629695893,-1.272888035607338,0.011448950330413632,-0.29250836848354933,-1.9161626652717592,-1.307797913980484,-0.0009028080840386412,0.0028540748937553556,0.0,0.0,0
67,-1.9161626652717592,-1.307797913980484,-0.0009028080840386412,0.0028540748937553556,-1.6625952019929886,-1.4417165196180344,0.287141921884316,-0.14083664063439633,0.21213204,-0.21213204,8
68,-1.6625952019929886,-1.4417165196180344,0.287141921884316,-0.14083664063439633,-1.3780549030065539,-1.5872821273326876,0.29542817599046517,-0.1570163128532255,0.21213204,-0.21213204,8
69,-1.3780549030065539,-1.5872821273326876,0.29542817599046517,-0.1570163128532255,-1.5609532617568969,-1.4819620241642,-0.27100757594501035,0.1494880749693823,-0.21213204,0.21213204,4
70,-1.5609532617568969,-1.4819620241642,-0.27100757594501035,0.1494880749693823,-1.371083115363121,-1.5913010018110276,0.30259394577579146,-0.14849487247263787,0.21213204,-0.21213204,8
71,-1.371083115363121,-1.5913010018110276,0.30259394577579146,-0.14849487247263787,-1.5538954620122911,-1.484773532128334,-0.27992581881873857,0.15320098412181188,-0.21213204,0.21213204,4
72,-1.5538954620122911,-1.484773532128334,-0.27992581881873857,0.15320098412181188,-1.3147073820590973,-1.4572833662509919,0.2593760088729602,-0.0037019533206554853,0.3,0.0,3
73,-1.3147073820590973,-1.4572833662509919,0.2593760088729602,-0.0037019533206554853,-1.49857576649189,-1.5808132189989093,-0.2839977788930451,-0.15904943242375813,-0.21213204,-0.21213204,2
74,-1.49857576649189,-1.5808132189989093,-0.2839977788930451,-0.15904943242375813,-1.7585342242240907,-1.454981393289566,-0.2792899387341347,0.13297328352701798,-0.21213204,0.21213204,4
75,-1.7585342242240907,-1.454981393289566,-0.2792899387341347,0.13297328352701798,-2.044076135492325,-1.3244163378715514,-0.2863886322703896,0.1304302023781491,-0.21213204,0.21213204,4
76,-2.044076135492325,-1.3244163378715514,-0.2863886322703896,0.1304302023781491,-2.0853799448013306,-1.0633489968776704,-0.0351681626421013,0.2876549783596157,0.0,0.3,5
77,-2.0853799448013306,-1.0633489968776704,-0.0351681626421013,0.2876549783596157,-1.8189843515872957,-1.027655645632744,0.2631623409068728,0.010800091722733624,0.3,0.0,3
78,-1.8189843515872957,-1.027655645632744,0.2631623409068728,0.010800091722733624,-2.008496936750412,-1.1548620812416077,-0.26997352121023394,-0.17182644044659748,-0.21213204,-0.21213204,2
79,-2.008496936750412,-1.1548620812416077,-0.26997352121023394,-0.17182644044659748,-2.062552845287323,-0.925568217074871,-0.05809191958109121,0.26156434159023745,0.0,0.3,5
80,-2.062552845287323,-0.925568217074871,-0.05809191958109121,0.26156434159023745,-1.7992814817190173,-0.8907606141209603,0.2692372840393033,-0.017611726376180442,0.3,0.0,3
81,-1.7992814817190173,-0.8907606141209603,0.2692372840393033,-0.017611726376180442,-2.0314984385013584,-0.8916389351844789,-0.27187029741244984,-0.01736920118283344,-0.3,0.0,7
82,-2.0314984385013584,-0.8916389351844789,-0.27187029741244984,-0.01736920118283344,-1.797283623790741,-0.8890392212033271,0.24628152869529363,-0.03162135603388466,0.3,0.0,3
83,-1.797283623790741,-0.8890392212033271,0.24628152869529363,-0.03162135603388466,-1.7519298914909363,-0.645143957412243,-0.0027362433604176187,0.2940287130199075,0.0,0.3,5
84,-1.7519298914909363,-0.645143957412243,-0.0027362433604176187,0.2940287130199075,-1.9792616406202317,-0.7590685315728188,-0.26900562757073004,-0.14528022692635867,-0.21213204,-0.21213204,2
85,-1.9792616406202317,-0.7590685315728188,-0.26900562757073004,-0.14528022692635867,-2.019376259660721,-0.7754632106900216,0.0041999292362594675,0.0019731621677002574,0.0,0.0,0
86,-2.019376259660721,-0.7754632106900216,0.0041999292362594675,0.0019731621677002574,-2.0304531322002415,-0.5227685399413109,0.020195107590176772,0.2854407076567145,0.0,0.3,5
87,-2.0304531322002415,-0.5227685399413109,0.020195107590176772,0.2854407076567145,-1.8202500173807146,-0.6346836121797562,0.2775979956538435,-0.154970075278298,0.21213204,-0.21213204,8
88,-1.8202500173807146,-0.6346836121797562,0.2775979956538435,-0.154970075278298,-2.0518128127098083,-0.6606927301049232,-0.1962527066632377,-0.0008939864688017093,-0.3,0.0,7
89,-2.0518128127098083,-0.6606927301049232,-0.1962527066632377,-0.0008939864688017093,-2.0829188532829286,-0.9171241087913513,0.016372916228671194,-0.316772018432686,0.0,-0.3,1
90,-2.0829188532829286,-0.9171241087913513,0.016372916228671194,-0.316772018432686,-2.073750719881058,-0.7028297616481781,0.0020314273805932606,0.2801176487458264,0.0,0.3,5
91,-2.073750719881058,-0.7028297616481781,0.0020314273805932606,0.2801176487458264,-2.0721868829727175,-0.6694353314876557,0.001313340342473579,-0.00016367532201596636,0.0,0.0,0
92,-2.0721868829727175,-0.6694353314876557,0.001313340342473579,-0.00016367532201596636,-1.8019786689281467,-0.6720999060630799,0.2755783161562827,-0.011526896278766088,0.3,0.0,3
93,-1.8019786689281467,-0.6720999060630799,0.2755783161562827,-0.011526896278766088,-1.7557689093828204,-0.6728448784947395,-0.000681409000851929,0.005030423026275434,0.0,0.0,0
94,-1.7557689093828204,-0.6728448784947395,-0.000681409000851929,0.005030423026275434,-2.001175210094452,-0.8115277631282807,-0.2968427054340266,-0.1615070805026909,-0.21213204,-0.21213204,2
95,-2.001175210094452,-0.8115277631282807,-0.2968427054340266,-0.1615070805026909,-2.0444505331516267,-0.5854202459454536,-0.011096537406372328,0.28875574889162825,0.0,0.3,5
96,-2.0444505331516267,-0.5854202459454536,-0.011096537406372328,0.28875574889162825,-1.7849230654954908,-0.5560534984469414,0.28025070546563813,0.009523353208760167,0.3,0.0,3
97,-1.7849230654954908,-0.5560534984469414,0.28025070546563813,0.009523353208760167,-1.7416839613437654,-0.8204908674597741,-0.003445963402280058,-0.27718373161238924,0.0,-0.3,1
98,-1.7416839613437654,-0.8204908674597741,-0.003445963402280058,-0.27718373161238924,-1.7421419164180758,-0.8558858838915826,0.0002803139080985324,-0.00038684944217560227,0.0,0.0,0
99,-1.7421419164180758,-0.8558858838915826,0.0002803139080985324,-0.00038684944217560227,-1.7421867665529254,-0.8558662412405015,-0.0007160164858100949,0.0004779253157888043,0.0,0.0,0
100,-1.7421867665529254,-0.8558662412405015,-0.0007160164858100949,0.0004779253157888043,-1.4703657674551012,-0.8551121960163116,0.27707439414093266,-0.014204514523204632,0.3,0.0,3
101,-1.4703657674551012,-0.8551121960163116,0.27707439414093266,-0.014204514523204632,-1.6707552800416947,-0.7308564645886423,-0.2760052097530779,0.09054465278359392,-0.21213204,0.21213204,4
102,-1.6707552800416947,-0.7308564645886423,-0.2760052097530779,0.09054465278359392,-1.70833772585392,-0.47422743844985965,0.00048165767426430685,0.2689374871883086,0.0,0.3,5
103,-1.70833772585392,-0.47422743844985965,0.00048165767426430685,0.2689374871883086,-1.9382378808259964,-0.5826682801365852,-0.2813602291672068,-0.14082587540395033,-0.21213204,-0.21213204,2
104,-1.9382378808259964,-0.5826682801365852,-0.2813602291672068,-0.14082587540395033,-1.973331092953682,-0.5973524761676788,0.001249979855989241,-0.00017393022453276037,0.0,0.0,0
105,-1.973331092953682,-0.5973524761676788,0.001249979855989241,-0.00017393022453276037,-1.7368572130680087,-0.47421022098660476,0.2659240887068442,0.1336118107119278,0.21213204,0.21213204,6
106,-1.7368572130680087,-0.47421022098660476,0.2659240887068442,0.1336118107119278,-1.4807691231012345,-0.6089409927368163,0.25251821791252654,-0.15432699122253146,0.21213204,-0.21213204,8
107,-1.4807691231012345,-0.6089409927368163,0.25251821791252654,-0.15432699122253146,-1.6855242719888688,-0.7665578129410744,-0.26432093094871945,-0.1384932914495805,-0.21213204,-0.21213204,2
108,-1.6855242719888688,-0.7665578129410744,-0.26432093094871945,-0.1384932914495805,-1.4509352377176286,-0.7911919560194016,0.27368178152558936,0.007286951970155577,0.3,0.0,3
109,-1.4509352377176286,-0.7911919560194016,0.27368178152558936,0.007286951970155577,-1.1523325609207156,-0.7854152867436409,0.30348775188974153,0.012243204779396286,0.3,0.0,3
110,-1.1523325609207156,-0.7854152867436409,0.30348775188974153,0.012243204779396286,-1.3874946406126023,-0.7854392391324043,-0.2553870352884028,0.003426041860309142,-0.3,0.0,7
111,-1.3874946406126023,-0.7854392391324043,-0.2553870352884028,0.003426041860309142,-1.2164738190174105,-0.6524087147355081,0.27858207223657827,0.16609917377283903,0.21213204,0.21213204,6
112,-1.2164738190174105,-0.6524087147355081,0.27858207223657827,0.16609917377283903,-1.1826371796369555,-0.6358481686115266,-7.387003630035398e-05,3.488620207311539e-05,0.0,0.0,0
113,-1.1826371796369555,-0.6358481686115266,-7.387003630035398e-05,3.488620207311539e-05,-1.4627583719968795,-0.6299436695218086,-0.31067530822533507,0.006135707297361575,-0.3,0.0,7
114,-1.4627583719968795,-0.6299436695218086,-0.31067530822533507,0.006135707297361575,-1.2766159566879272,-0.49252341052889825,0.27388110182519204,0.1600618480614742,0.21213204,0.21213204,6
115,-1.2766159566879272,-0.49252341052889825,0.27388110182519204,0.1600618480614742,-1.2347785511016847,-0.6984798511505128,0.0004547178153626399,-0.2591261830012138,0.0,-0.3,1
116,-1.2347785511016847,-0.6984798511505128,0.0004547178153626399,-0.2591261830012138,-1.4775208298206328,-0.586601001405716,-0.2848417522162533,0.1424082044193445,-0.21213204,0.21213204,4
117,-1.4775208298206328,-0.586601001405716,-0.2848417522162533,0.1424082044193445,-1.741420187520981,-0.7294596616864204,-0.26940485494071825,-0.1620996866164522,-0.21213204,-0.21213204,2
118,-1.741420187520981,-0.7294596616864204,-0.26940485494071825,-0.1620996866164522,-2.033411306810379,-0.7445243709445,-0.3103329294082613,-0.00425647691771698,-0.3,0.0,7
119,-2.033411306810379,-0.7445243709445,-0.3103329294082613,-0.00425647691771698,-1.844140815472603,-0.8711757240176201,0.2626724720078862,-0.09962429171091114,0.21213204,-0.21213204,8
120,-1.844140815472603,-0.8711757240176201,0.2626724720078862,-0.09962429171091114,-1.8092558907747271,-0.6442313375830651,-0.017426498584453803,0.28793717192524243,0.0,0.3,5
121,-1.8092558907747271,-0.6442313375830651,-0.017426498584453803,0.28793717192524243,-1.5794286213159563,-0.47468939136266713,0.2798945438950607,0.13724069909905148,0.21213204,0.21213204,6
122,-1.5794286213159563,-0.47468939136266713,0.2798945438950607,0.13724069909905148,-1.7719680057764056,-0.5875741370320321,-0.2725076703041649,-0.15663740489506756,-0.21213204,-0.21213204,2
123,-1.7719680057764056,-0.5875741370320321,-0.2725076703041649,-0.15663740489506756,-1.8076974550247193,-0.8733955409169197,-0.008784149010499764,-0.32011817865384723,0.0,-0.3,1
124,-1.8076974550247193,-0.8733955409169197,-0.008784149010499764,-0.32011817865384723,-1.810431150484085,-0.906360620045662,6.673633100370565e-05,-0.011207660591927742,0.0,0.0,0
125,-1.810431150484085,-0.906360620045662,6.673633100370565e-05,-0.011207660591927742,-1.55856083881855,-1.0358978651523592,0.29334165697888387,-0.14158258754659045,0.21213204,-0.21213204,8
126,-1.55856083881855,-1.0358978651523592,0.29334165697888387,-0.14158258754659045,-1.2832617586612702,-1.1791178000926972,0.26626526095911446,-0.1356243564467895,0.21213204,-0.21213204,8
127,-1.2832617586612702,-1.1791178000926972,0.26626526095911446,-0.1356243564467895,-1.246119476222992,-1.1913824946880343,0.0009364401780751417,-0.0003715924873910006,0.0,0.0,0
128,-1.246119476222992,-1.1913824946880343,0.0009364401780751417,-0.0003715924873910006,-1.2462417564392092,-1.191233025145531,-0.0022067362945571638,0.003863495966191426,0.0,0.0,0
129,-1.2462417564392092,-1.191233025145531,-0.0022067362945571638,0.003863495966191426,-1.2554074709653855,-0.9321519390344621,-0.0016563124915703591,0.2896581362608678,0.0,0.3,5
130,-1.2554074709653855,-0.9321519390344621,-0.0016563124915703591,0.2896581362608678,-1.4850599799394608,-1.025172812318802,-0.27110304728280676,-0.1367974673868259,-0.21213204,-0.21213204,2
131,-1.4850599799394608,-1.025172812318802,-0.27110304728280676,-0.1367974673868259,-1.7520417005538942,-0.9028169626832009,-0.2623625980090992,0.11008133699347152,-0.21213204,0.21213204,4
132,-1.7520417005538942,-0.9028169626832009,-0.2623625980090992,0.11008133699347152,-1.7949496594190597,-1.1374812142610553,0.008662904271860915,-0.2819267952693767,0.0,-0.3,1
133,-1.7949496594190597,-1.1374812142610553,0.008662904271860915,-0.2819267952693767,-1.5443053638219837,-1.3112342118263247,0.2933610595656645,-0.14169066784948448,0.21213204,-0.21213204,8
134,-1.5443053638219837,-1.3112342118263247,0.2933610595656645,-0.14169066784948448,-1.2468116345882418,-1.31900548620224,0.3029045871692751,-0.003119870240751602,0.3,0.0,3
135,-1.2468116345882418,-1.31900548620224,0.3029045871692751,-0.003119870240751602,-0.9438012033939362,-1.31513224902153,0.304648951711236,0.005662126563449545,0.3,0.0,3
136,-0.9438012033939362,-1.31513224902153,0.304648951711236,0.005662126563449545,-1.1341929255008698,-1.1924030420064926,-0.2704131303685206,0.15562000134694434,-0.21213204,0.21213204,4
137,-1.1341929255008698,-1.1924030420064926,-0.2704131303685206,0.15562000134694434,-0.8945564187288284,-1.1664735617399216,0.257384951013127,0.0009154978818797308,0.3,0.0,3
138,-0.8945564187288284,-1.1664735617399216,0.257384951013127,0.0009154978818797308,-0.6240879571437836,-1.017844564819336,0.294299597759609,0.1467691087415057,0.21213204,0.21213204,6
139,-0.6240879571437836,-1.017844564819336,0.294299597759609,0.1467691087415057,-0.5564346402406694,-1.2554825401067733,0.027420945988300312,-0.29648438927832466,0.0,-0.3,1
140,-0.5564346402406694,-1.2554825401067733,0.027420945988300312,-0.29648438927832466,-0.7722905224084854,-1.1618643587827682,-0.26802609694332047,0.13218298230379322,-0.21213204,0.21213204,4
141,-0.7722905224084854,-1.1618643587827682,-0.26802609694332047,0.13218298230379322,-0.5671117742657662,-1.2760953485012057,0.2974481088498541,-0.1366377380413872,0.21213204,-0.21213204,8
142,-0.5671117742657662,-1.2760953485012057,0.2974481088498541,-0.1366377380413872,-0.5230492369771004,-1.544879656481743,0.006013315086914111,-0.28537298161355973,0.0,-0.3,1
143,-0.5230492369771004,-1.544879656481743,0.006013315086914111,-0.28537298161355973,-0.5227349704623223,-1.8651281567096711,0.010535420901613917,-0.33476175195461905,0.0,-0.3,1
144,-0.5227349704623223,-1.8651281567096711,0.010535420901613917,-0.33476175195461905,-0.7473959747195245,-2.054383368587494,-0.2673743639646295,-0.15927945137401497,-0.21213204,-0.21213204,2
145,-0.7473959747195245,-2.054383368587494,-0.2673743639646295,-0.15927945137401497,-1.008151791858673,-1.9327275399446489,-0.27891409822834023,0.14037088109459311,-0.21213204,0.21213204,4
146,-1.008151791858673,-1.9327275399446489,-0.27891409822834023,0.14037088109459311,-1.043919321513176,-1.9195501573801044,0.001985474077193446,-0.002908480843146717,0.0,0.0,0
147,-1.043919321513176,-1.9195501573801044,0.001985474077193446,-0.002908480843146717,-0.7971291531205178,-1.794053595042229,0.27306960115527884,0.14839653412364445,0.21213204,0.21213204,6
148,-0.7971291531205178,-1.794053595042229,0.27306960115527884,0.14839653412364445,-0.7641732243061067,-1.5198029361486436,0.009909493608884535,0.2795007856007555,0.0,0.3,5
149,-0.7641732243061067,-1.5198029361486436,0.009909493608884535,0.2795007856007555,-0.49202695741057395,-1.4893330507040026,0.2774812124541186,-0.0022583307349507116,0.3,0.0,3
150,-0.49202695741057395,-1.4893330507040026,0.2774812124541186,-0.0022583307349507116,-0.7192346346974374,-1.4914321929693224,-0.24365291295403702,-0.002573781362374055,-0.3,0.0,7
151,-0.7192346346974374,-1.4914321929693224,-0.24365291295403702,-0.002573781362374055,-0.7682326442360878,-1.7548739146709442,-0.010866737967106205,-0.313431504377342,0.0,-0.3,1
152,-0.7682326442360878,-1.7548739146709442,-0.010866737967106205,-0.313431504377342,-0.5051685826897622,-1.7913170660495759,0.25587695330562527,0.003677694759221299,0.3,0.0,3
153,-0.5051685826897622,-1.7913170660495759,0.25587695330562527,0.003677694759221299,-0.466160343927145,-1.5487040451049805,-0.004416443512753022,0.2645653302051505,0.0,0.3,5
154,-0.466160343927145,-1.5487040451049805,-0.004416443512753022,0.2645653302051505,-0.2305373093754053,-1.3711290255546569,0.2784675508592632,0.15561147676882453,0.21213204,0.21213204,6
155,-0.2305373093754053,-1.3711290255546569,0.2784675508592632,0.15561147676882453,-0.18385833171308041,-1.5865249608278276,-0.02152444811446158,-0.27953998646527484,0.0,-0.3,1
156,-0.18385833171308041,-1.5865249608278276,-0.02152444811446158,-0.27953998646527484,-0.4117078671038151,-1.7566160661220553,-0.26065540848491464,-0.14590386054987578,-0.21213204,-0.21213204,2
157,-0.4117078671038151,-1.7566160661220553,-0.26065540848491464,-0.14590386054987578,-0.2268658967971802,-1.9111851103067399,0.26568944252546606,-0.14365806173428092,0.21213204,-0.21213204,8
158,-0.2268658967971802,-1.9111851103067399,0.26568944252546606,-0.14365806173428092,0.03736888175085187,-1.7722553591012957,0.2787626500797834,0.16515416622221238,0.21213204,0.21213204,6
159,0.03736888175085187,-1.7722553591012957,0.2787626500797834,0.16515416622221238,-0.15141606352925302,-1.8590502460956573,-0.28135234001272313,-0.1148108925474019,-0.21213204,-0.21213204,2
160,-0.15141606352925302,-1.8590502460956573,-0.28135234001272313,-0.1148108925474019,-0.17694229791164398,-2.111080892753601,0.01444541418526752,-0.29320371340605933,0.0,-0.3,1
161,-0.17694229791164398,-2.111080892753601,0.01444541418526752,-0.29320371340605933,-0.403656319218874,-2.0077573371887207,-0.2614533715466841,0.15380647769483166,-0.21213204,0.21213204,4
162,-0.403656319218874,-2.0077573371887207,-0.2614533715466841,0.15380647769483166,-0.16635891875922681,-1.9868647421360017,0.2646411438940386,0.0008609751109809813,0.3,0.0,3
163,-0.16635891875922681,-1.9868647421360017,0.2646411438940386,0.0008609751109809813,0.10923933783322573,-1.829954817557335,0.27348181162114144,0.16414834350487073,0.21213204,0.21213204,6
164,0.10923933783322573,-1.829954817557335,0.27348181162114144,0.16414834350487073,-0.12423710044324399,-1.7934421880722047,-0.2654642929830165,0.007343639193906442,-0.3,0.0,7
165,-0.12423710044324399,-1.7934421880722047,-0.2654642929830165,0.007343639193906442,-0.1785981220394373,-1.525257562708855,-0.012836635717769553,0.3110866264308189,0.0,0.3,5
166,-0.1785981220394373,-1.525257562708855,-0.012836635717769553,0.3110866264308189,-0.18104003700912,-1.7155560007572175,0.0007257403888755771,-0.2498910207311934,0.0,-0.3,1
167,-0.18104003700912,-1.7155560007572175,0.0007257403888755771,-0.2498910207311934,0.08718999074250461,-1.7335725258350374,0.2737896087734211,0.010590325662129021,0.3,0.0,3
168,0.08718999074250461,-1.7335725258350374,0.2737896087734211,0.010590325662129021,0.38850982909798626,-1.728270127439499,0.2976061477410945,0.004150751413589162,0.3,0.0,3
169,0.38850982909798626,-1.728270127439499,0.2976061477410945,0.004150751413589162,0.43060842413306244,-1.984685707330704,0.01058948222005433,-0.29609902373895025,0.0,-0.3,1
170,0.43060842413306244,-1.984685707330704,0.01058948222005433,-0.29609902373895025,0.4207679834902287,-1.7775958343982698,-0.006930519545597897,0.284879856183367,0.0,0.3,5
171,0.4207679834902287,-1.7775958343982698,-0.006930519545597897,0.284879856183367,0.6857444631695748,-1.7468345153093339,0.24264949264554245,-0.005752016431900542,0.3,0.0,3
172,0.6857444631695748,-1.7468345153093339,0.24264949264554245,-0.005752016431900542,0.4580590061604977,-1.7474385522365572,-0.2500888127171075,0.008223400568011404,-0.3,0.0,7
173,0.4580590061604977,-1.7474385522365572,-0.2500888127171075,0.008223400568011404,0.18274076347053053,-1.6079964662790298,-0.25541637016155533,0.14099399330059673,-0.21213204,0.21213204,4
174,0.18274076347053053,-1.6079964662790298,-0.25541637016155533,0.14099399330059673,0.4152126735270023,-1.5825941593170165,0.25589742009311317,-0.005550959236447552,0.3,0.0,3
175,0.4152126735270023,-1.5825941593170165,0.25589742009311317,-0.005550959236447552,0.4568763388633728,-1.3386528611183168,-0.004403057037436969,0.29246620261417633,0.0,0.3,5
176,0.4568763388633728,-1.3386528611183168,-0.004403057037436969,0.29246620261417633,0.4569416176736355,-1.3038640847206115,0.0007653706039809874,-0.0015613236905847793,0.0,0.0,0
177,0.4569416176736355,-1.3038640847206115,0.0007653706039809874,-0.0015613236905847793,0.4616252928972244,-1.56310581073761,0.002566124659904528,-0.30262923301257466,0.0,-0.3,1
178,0.4616252928972244,-1.56310581073761,0.002566124659904528,-0.30262923301257466,0.1976792907625437,-1.5998346093893052,-0.27541953200922253,0.0046782571393406405,-0.3,0.0,7
179,0.1976792907625437,-1.5998346093893052,-0.27541953200922253,0.0046782571393406405,0.15694093836247922,-1.5990610107660295,0.00022680801772530777,0.00014073403320363865,0.0,0.0,0
180,0.15694093836247922,-1.5990610107660295,0.00022680801772530777,0.00014073403320363865,0.40407956485748286,-1.7221176632642747,0.26795698052316097,-0.13594552234560572,0.21213204,-0.21213204,8
181,0.40407956485748286,-1.7221176632642747,0.26795698052316097,-0.13594552234560572,0.4490056751132012,-1.4916685065746307,0.0032118026956308478,0.2823364299855109,0.0,0.3,5
182,0.4490056751132012,-1.4916685065746307,0.0032118026956308478,0.2823364299855109,0.68024734030962,-1.5948436658620835,0.28617745470639633,-0.1628664279250766,0.21213204,-0.21213204,8
183,0.68024734030962,-1.5948436658620835,0.28617745470639633,-0.1628664279250766,0.7173164395928383,-1.609984955596924,-0.0005778217738244705,0.00032499587100141326,0.0,0.0,0
184,0.7173164395928383,-1.609984955596924,-0.0005778217738244705,0.00032499587100141326,0.9953803223848343,-1.6099359051942828,0.28621679894127633,-0.00018432933170421694,0.3,0.0,3
185,0.9953803223848343,-1.6099359051942828,0.28621679894127633,-0.00018432933170421694,1.0360981218338012,-1.6100449898719789,-0.0001404718731486205,-0.0001436245475097851,0.0,0.0,0
186,1.0360981218338012,-1.6100449898719789,-0.0001404718731486205,-0.0001436245475097851,1.2890278207063677,-1.7320457777023317,0.2866309701550735,-0.1289357573528479,0.21213204,-0.21213204,8
187,1.2890278207063677,-1.7320457777023317,0.2866309701550735,-0.1289357573528479,1.3390912345647812,-1.496143819642067,0.022950725242635524,0.2969752467540422,0.0,0.3,5
188,1.3390912345647812,-1.496143819642067,0.022950725242635524,0.2969752467540422,1.1207857497930527,-1.5971872772455216,-0.26463275020121785,-0.14469204476907807,-0.21213204,-0.21213204,2
189,1.1207857497930527,-1.5971872772455216,-0.26463275020121785,-0.14469204476907807,0.8495068293333055,-1.7491793608665467,-0.2666827157279749,-0.14903952402782308,-0.21213204,-0.21213204,2
190,0.8495068293333055,-1.7491793608665467,-0.2666827157279749,-0.14903952402782308,0.801882393372059,-1.529887438941002,0.01605099894142798,0.2828728824100613,0.0,0.3,5
191,0.801882393372059,-1.529887438941002,0.01605099894142798,0.2828728824100613,1.0428341123342515,-1.353340792489052,0.2939670248086514,0.14875470858199552,0.21213204,0.21213204,6
192,1.0428341123342515,-1.353340792489052,0.2939670248086514,0.14875470858199552,0.8095640827059747,-1.3290533622264862,-0.2545231811839376,-0.0003053339020434322,-0.3,0.0,7
193,0.8095640827059747,-1.3290533622264862,-0.2545231811839376,-0.0003053339020434322,1.046072423529625,-1.3236297784566882,0.2548833483068477,0.007354227301679956,0.3,0.0,3
194,1.046072423529625,-1.3236297784566882,0.2548833483068477,0.007354227301679956,0.8584476437449455,-1.4442332026243212,-0.2657152785501974,-0.1471897810543947,-0.21213204,-0.21213204,2
195,0.8584476437449455,-1.4442332026243212,-0.2657152785501974,-0.1471897810543947,0.5974085918426514,-1.3189204566717148,-0.264625678401913,0.17312741229068462,-0.21213204,0.21213204,4
196,0.5974085918426514,-1.3189204566717148,-0.264625678401913,0.17312741229068462,0.30013228561282157,-1.3070065487623217,-0.3023300127018909,-0.00561227293517404,-0.3,0.0,7
197,0.30013228561282157,-1.3070065487623217,-0.3023300127018909,-0.00561227293517404,0.5365266316056252,-1.305444398021698,0.2724757410314903,0.001180313344787697,0.3,0.0,3
198,0.5365266316056252,-1.305444398021698,0.2724757410314903,0.001180313344787697,0.304869478303194,-1.3050856320142745,-0.2586227224261459,-0.002524610999367215,-0.3,0.0,7
199,0.304869478303194,-1.3050856320142745,-0.2586227224261459,-0.002524610999367215,0.538504412996769,-1.3041336176872256,0.25947615226360154,0.0027054356251961496,0.3,0.0,3
200,0.538504412996769,-1.3041336176872256,0.25947615226360154,0.0027054356251961496,0.577887228012085,-1.0404282655000687,-0.02389280531345551,0.31876306869363447,0.0,0.3,5
201,0.577887228012085,-1.0404282655000687,-0.02389280531345551,0.31876306869363447,0.8434885015487672,-0.9984157375335694,0.27891506523156107,0.00680059356460193,0.3,0.0,3
202,0.8434885015487672,-0.9984157375335694,0.27891506523156107,0.00680059356460193,0.8969283475875856,-0.7403783071994782,0.0016165628525195703,0.2887153094217251,0.0,0.3,5
203,0.8969283475875856,-0.7403783071994782,0.0016165628525195703,0.2887153094217251,0.6621558797478677,-0.5658750527620315,-0.26776969980368365,0.1351214264875454,-0.21213204,0.21213204,4
204,0.6621558797478677,-0.5658750527620315,-0.26776969980368365,0.1351214264875454,0.6251891970992087,-0.5527273704171181,-0.00033206120623999994,-0.0005642824142635871,0.0,0.0,0
205,0.6251891970992087,-0.5527273704171181,-0.00033206120623999994,-0.0005642824142635871,0.6245304254293442,-0.8088649596452713,0.007241408450924132,-0.2903279702610513,0.0,-0.3,1
206,0.6245304254293442,-0.8088649596452713,0.007241408450924132,-0.2903279702610513,0.8918774537205697,-0.8343351581573487,0.27171511831590023,-0.00028077419604639317,0.3,0.0,3
207,0.8918774537205697,-0.8343351581573487,0.27171511831590023,-0.00028077419604639317,0.9404974030256273,-1.0708197009563447,-0.01054601979539328,-0.2690235318022249,0.0,-0.3,1
208,0.9404974030256273,-1.0708197009563447,-0.01054601979539328,-0.2690235318022249,0.7100031584978104,-1.2345284804582595,-0.29259106237861227,-0.14668723753417515,-0.21213204,-0.21213204,2
209,0.7100031584978104,-1.2345284804582595,-0.29259106237861227,-0.14668723753417515,0.6532895697951318,-0.9912083107113838,-0.014371529374488365,0.30877997994397977,0.0,0.3,5
210,0.6532895697951318,-0.9912083107113838,-0.014371529374488365,0.30877997994397977,0.9191407534241677,-0.9500497742891312,0.2594645438285072,0.011072279714840186,0.3,0.0,3
211,0.9191407534241677,-0.9500497742891312,0.2594645438285072,0.011072279714840186,0.9655131522774696,-1.1827285118818285,-0.015075360565510903,-0.27528283936967424,0.0,-0.3,1
212,0.9655131522774696,-1.1827285118818285,-0.015075360565510903,-0.27528283936967424,1.2306253514528274,-1.209141884851456,0.2726480277595768,0.00502294990335388,0.3,0.0,3
213,1.2306253514528274,-1.209141884851456,0.2726480277595768,0.00502294990335388,0.9963929300546647,-1.2091599551439285,-0.26299701825810873,-0.002823276646158335,-0.3,0.0,7
214,0.9963929300546647,-1.2091599551439285,-0.26299701825810873,-0.002823276646158335,0.6955659155964851,-1.2083679579496385,-0.31772214766148543,-0.0011094366627497458,-0.3,0.0,7
215,0.6955659155964851,-1.2083679579496385,-0.31772214766148543,-0.0011094366627497458,0.654183894455433,-1.4459873266458512,-0.004408511386511291,-0.2951283542468799,0.0,-0.3,1
216,0.654183894455433,-1.4459873266458512,-0.004408511386511291,-0.2951283542468799,0.6541739986896515,-1.4779208009481433,8.12131020504854e-05,4.4811679743870114e-05,0.0,0.0,0
217,0.6541739986896515,-1.4779208009481433,8.12131020504854e-05,4.4811679743870114e-05,0.40720474835634235,-1.35383052110672,-0.290711951551241,0.13096370537121985,-0.21213204,0.21213204,4
218,0.40720474835634235,-1.35383052110672,-0.290711951551241,0.13096370537121985,0.3680547580301762,-1.340768993616104,0.0025449201554194585,0.00022954489602362401,0.0,0.0,0
219,0.3680547580301762,-1.340768993616104,0.0025449201554194585,0.00022954489602362401,0.6110037059903145,-1.2085553750276565,0.2646943059599019,0.1585641450150467,0.21213204,0.21213204,6
220,0.6110037059903145,-1.2085553750276565,0.2646943059599019,0.1585641450150467,0.6405055202364922,-0.9251950666069986,-0.018767683994868473,0.31206258660198555,0.0,0.3,5
221,0.6405055202364922,-0.9251950666069986,-0.018767683994868473,0.31206258660198555,0.8670967142701149,-1.0063213527441026,0.2787778529069312,-0.11960604177563111,0.21213204,-0.21213204,8
222,0.8670967142701149,-1.0063213527441026,0.2787778529069312,-0.11960604177563111,0.6806516721367837,-1.138281548690796,-0.2679973544765496,-0.12739695446882157,-0.21213204,-0.21213204,2
223,0.6806516721367837,-1.138281548690796,-0.2679973544765496,-0.12739695446882157,0.9141490384340287,-1.1496929187059404,0.24135695779783056,0.012826985277037573,0.3,0.0,3
224,0.9141490384340287,-1.1496929187059404,0.24135695779783056,0.012826985277037573,0.9590528544783594,-0.8869356631875038,0.018574315763831693,0.3187535026048405,0.0,0.3,5
225,0.9590528544783594,-0.8869356631875038,0.018574315763831693,0.3187535026048405,0.9575013451695443,-0.8525090923905373,0.0034702937148125184,-0.0021330958149395093,0.0,0.0,0
226,0.9575013451695443,-0.8525090923905373,0.0034702937148125184,-0.0021330958149395093,1.1987518887758255,-0.7210654436469078,0.27618579797177256,0.14526172288985015,0.21213204,0.21213204,6
227,1.1987518887758255,-0.7210654436469078,0.27618579797177256,0.14526172288985015,1.2338672591209412,-0.46155064664483075,-0.002094300358424614,0.27891685300318003,0.0,0.3,5
228,1.2338672591209412,-0.46155064664483075,-0.002094300358424614,0.27891685300318003,1.232059082198143,-0.4286790780246258,0.0031717860079218878,-0.0002982904757997029,0.0,0.0,0
229,1.232059082198143,-0.4286790780246258,0.0031717860079218878,-0.0002982904757997029,1.4779218950510025,-0.301354309040308,0.28203820629169396,0.14071966680025422,0.21213204,0.21213204,6
230,1.4779218950510025,-0.301354309040308,0.28203820629169396,0.14071966680025422,1.2433937761306764,-0.27742837636470796,-0.2613943817019454,0.0017973451313754532,-0.3,0.0,7
231,1.2433937761306764,-0.27742837636470796,-0.2613943817019454,0.0017973451313754532,1.477544509625435,-0.2742253857910633,0.26924096725292507,0.007852182755116595,0.3,0.0,3
232,1.477544509625435,-0.2742253857910633,0.26924096725292507,0.007852182755116595,1.5262869514465331,-0.02474482857137919,0.020070320674846813,0.301099657224959,0.0,0.3,5
233,1.5262869514465331,-0.02474482857137919,0.020070320674846813,0.301099657224959,1.5267330967187882,0.011503461748920382,-2.2553988824946267e-05,0.0003998197703241367,0.0,0.0,0
234,1.5267330967187882,0.011503461748920382,-2.2553988824946267e-05,0.0003998197703241367,1.2890276562213898,-0.10642354306578639,-0.27588506582516964,-0.1171088027154343,-0.21213204,-0.21213204,2
235,1.2890276562213898,-0.10642354306578639,-0.27588506582516964,-0.1171088027154343,1.4818016225576403,-0.24078795119524005,0.26610795450943847,-0.13649160518406728,0.21213204,-0.21213204,8
236,1.4818016225576403,-0.24078795119524005,0.26610795450943847,-0.13649160518406728,1.7668842634439468,-0.3933614927113056,0.2724918547857529,-0.15785023559304245,0.21213204,-0.21213204,8
237,1.7668842634439468,-0.3933614927113056,0.2724918547857529,-0.15785023559304245,1.5291421287298204,-0.4197272482693195,-0.26295413845870386,0.0002274953896676415,-0.3,0.0,7
238,1.5291421287298204,-0.4197272482693195,-0.26295413845870386,0.0002274953896676415,1.259142916727066,-0.27633624299764636,-0.2812334446603269,0.13753685481729522,-0.21213204,0.21213204,4
239,1.259142916727066,-0.27633624299764636,-0.2812334446603269,0.13753685481729522,0.9958586799383164,-0.4021721609950065,-0.26941436940886365,-0.14520638706255296,-0.21213204,-0.21213204,2
240,0.9958586799383164,-0.4021721609950065,-0.26941436940886365,-0.14520638706255296,1.231123630142212,-0.4234424454510212,0.2531859486196846,-0.007107587094324559,0.3,0.0,3
241,1.231123630142212,-0.4234424454510212,0.2531859486196846,-0.007107587094324559,0.9960956344127656,-0.4253269897520542,-0.26017488597342464,-0.001952264225238882,-0.3,0.0,7
242,0.9960956344127656,-0.4253269897520542,-0.26017488597342464,-0.001952264225238882,0.9541408059477806,-0.4258667886674405,0.0006784607566266516,-0.00035037162155583776,0.0,0.0,0
243,0.9541408059477806,-0.4258667886674405,0.0006784607566266516,-0.00035037162155583776,1.2048579500198366,-0.5567413585424423,0.27026812936255257,-0.1493775639273802,0.21213204,-0.21213204,8
244,1.2048579500198366,-0.5567413585424423,0.27026812936255257,-0.1493775639273802,1.2439951570272447,-0.8325296159982682,0.013732832225733438,-0.29086657857432396,0.0,-0.3,1
245,1.2439951570272447,-0.8325296159982682,0.013732832225733438,-0.29086657857432396,1.2337257006406785,-0.6248696498155595,0.00792214504382289,0.277062381475902,0.0,0.3,5
246,1.2337257006406785,-0.6248696498155595,0.00792214504382289,0.277062381475902,0.9714883292317391,-0.5991743659615516,-0.26583261883750686,-0.006112003635618136,-0.3,0.0,7
247,0.9714883292317391,-0.5991743659615516,-0.26583261883750686,-0.006112003635618136,0.9239501077771188,-0.8480755743265151,0.006718975215010415,-0.2797547203693953,0.0,-0.3,1
248,0.9239501077771188,-0.8480755743265151,0.006718975215010415,-0.2797547203693953,1.149438775444031,-0.7428777078866959,0.2805495552976415,0.14388736349747835,0.21213204,0.21213204,6
249,1.149438775444031,-0.7428777078866959,0.2805495552976415,0.14388736349747835,0.915034987461567,-0.7254762475013734,-0.2662246484535301,0.00010103294092287285,-0.3,0.0,7
250,0.915034987461567,-0.7254762475013734,-0.2662246484535301,0.00010103294092287285,1.1054058608055115,-0.8496303791999817,0.2764296601039688,-0.1484473713592414,0.21213204,-0.21213204,8
251,1.1054058608055115,-0.8496303791999817,0.2764296601039688,-0.1484473713592414,1.1426354619741441,-1.1093929775476457,0.013005757104928304,-0.2840873549879313,0.0,-0.3,1
252,1.1426354619741441,-1.1093929775476457,0.013005757104928304,-0.2840873549879313,1.3669465338468552,-1.003387889933586,0.22608539243857387,0.16189240027391053,0.21213204,0.21213204,6
253,1.3669465338468552,-1.003387889933586,0.22608539243857387,0.16189240027391053,1.1633560157537461,-0.85192848880291,-0.3067159967788649,0.1614492562120095,-0.21213204,0.21213204,4
254,1.1633560157537461,-0.85192848880291,-0.3067159967788649,0.1614492562120095,1.3574380676269533,-0.9531073335528374,0.28129916509595854,-0.13641332755597388,0.21213204,-0.21213204,8
255,1.3574380676269533,-0.9531073335528374,0.28129916509595854,-0.13641332755597388,1.166848702120781,-1.0982978017091751,-0.28429909190483016,-0.14156926584286358,-0.21213204,-0.21213204,2
256,1.166848702120781,-1.0982978017091751,-0.28429909190483016,-0.14156926584286358,0.8699236263275147,-1.1095361708164215,-0.3063503855448348,0.004997587622207112,-0.3,0.0,7
257,0.8699236263275147,-1.1095361708164215,-0.3063503855448348,0.004997587622207112,0.8214836873292923,-0.8522601240038873,-0.002248873551820702,0.2933963579958194,0.0,0.3,5
258,0.8214836873292923,-0.8522601240038873,-0.002248873551820702,0.2933963579958194,0.5553400705337525,-0.8173829119801521,-0.27364811209761436,0.007365123808040233,-0.3,0.0,7
259,0.5553400705337525,-0.8173829119801521,-0.27364811209761436,0.007365123808040233,0.5015914537549019,-0.5646476227760315,-0.010333598871578895,0.2920105007269033,0.0,0.3,5
260,0.5015914537549019,-0.5646476227760315,-0.010333598871578895,0.2920105007269033,0.5025504236221314,-0.2746322322845459,0.00835535823761395,0.2882322014888834,0.0,0.3,5
261,0.5025504236221314,-0.2746322322845459,0.00835535823761395,0.2882322014888834,0.24165955590605737,-0.24520478062033654,-0.26811234127742384,0.0006179224127622872,-0.3,0.0,7
262,0.24165955590605737,-0.24520478062033654,-0.26811234127742384,0.0006179224127622872,-0.03540942614749074,-0.11423964327126741,-0.2754629605091411,0.14107353492642244,-0.21213204,0.21213204,4
263,-0.03540942614749074,-0.11423964327126741,-0.2754629605091411,0.14107353492642244,-0.3274760730028153,-0.1041738452643156,-0.2861165084969323,0.0013086040993146857,-0.3,0.0,7
264,-0.3274760730028153,-0.1041738452643156,-0.2861165084969323,0.0013086040993146857,-0.08764422614872457,-0.10654201136231423,0.26506514056575203,0.00646057469212381,0.3,0.0,3
265,-0.08764422614872457,-0.10654201136231423,0.26506514056575203,0.00646057469212381,-0.3171854774713517,-0.10873164541125299,-0.2545523222002973,-0.0023129859542241455,-0.3,0.0,7
266,-0.3171854774713517,-0.10873164541125299,-0.2545523222002973,-0.0023129859542241455,-0.5743218851447106,-0.25736638752222063,-0.2620744890403088,-0.163826726715375,-0.21213204,-0.21213204,2
267,-0.5743218851447106,-0.25736638752222063,-0.2620744890403088,-0.163826726715375,-0.8492154992222786,-0.40382566131949427,-0.26846311214621427,-0.13201040182671203,-0.21213204,-0.21213204,2
268,-0.8492154992222786,-0.40382566131949427,-0.26846311214621427,-0.13201040182671203,-0.6157795474171638,-0.4235777566552163,0.24900289315259475,-0.005746327567706321,0.3,0.0,3
269,-0.6157795474171638,-0.4235777566552163,0.24900289315259475,-0.005746327567706321,-0.3389258605957031,-0.2820598248958588,0.27978400568387535,0.130931921179914,0.21213204,0.21213204,6
270,-0.3389258605957031,-0.2820598248958588,0.27978400568387535,0.130931921179914,-0.2920531793475151,-0.5186625882148743,-0.0010780310717670681,-0.28482384430426533,0.0,-0.3,1
271,-0.2920531793475151,-0.5186625882148743,-0.0010780310717670681,-0.28482384430426533,-0.06086550587266684,-0.4198085897445679,0.28211856550331077,0.1492199276072664,0.21213204,0.21213204,6
272,-0.06086550587266684,-0.4198085897445679,0.28211856550331077,0.1492199276072664,-0.2953385306298733,-0.3984315012216568,-0.26945502870027743,0.00043779465822235187,-0.3,0.0,7
273,-0.2953385306298733,-0.3984315012216568,-0.26945502870027743,0.00043779465822235187,-0.3335268613755703,-0.1564234025210142,0.023646345658750657,0.2811189964473948,0.0,0.3,5
274,-0.3335268613755703,-0.1564234025210142,0.023646345658750657,0.2811189964473948,-0.5513034800171852,-0.2601297524392605,-0.2580379788367962,-0.16330683078532418,-0.21213204,-0.21213204,2
275,-0.5513034800171852,-0.2601297524392605,-0.2580379788367962,-0.16330683078532418,-0.8215403967142105,-0.13269157026708128,-0.29038247116620547,0.14342267350847598,-0.21213204,0.21213204,4
276,-0.8215403967142105,-0.13269157026708128,-0.29038247116620547,0.14342267350847598,-1.0929892666578294,-0.2598569420218467,-0.2846030671718181,-0.14503327417322384,-0.21213204,-0.21213204,2
277,-1.0929892666578294,-0.2598569420218467,-0.2846030671718181,-0.14503327417322384,-1.1299016504764559,-0.5072768924713135,-0.004275058985532371,-0.2754754593019023,0.0,-0.3,1
278,-1.1299016504764559,-0.5072768924713135,-0.004275058985532371,-0.2754754593019023,-1.3677028844594956,-0.3904771415352821,-0.27724790293636803,0.15864483135708413,-0.21213204,0.21213204,4
279,-1.3677028844594956,-0.3904771415352821,-0.27724790293636803,0.15864483135708413,-1.1337945672750473,-0.3554481631755829,0.2533617994697889,0.00775767496605354,0.3,0.0,3
280,-1.1337945672750473,-0.3554481631755829,0.2533617994697889,0.00775767496605354,-1.1038469432115556,-0.10114487894773483,-0.006210264041876877,0.2647539469931112,0.0,0.3,5
281,-1.1038469432115556,-0.10114487894773483,-0.006210264041876877,0.2647539469931112,-1.104933902692795,-0.3186973544836045,-0.00900653272239852,-0.285345462258313,0.0,-0.3,1
282,-1.104933902692795,-0.3186973544836045,-0.00900653272239852,-0.285345462258313,-1.1034121926546097,-0.34822324737906457,0.00021230690858780373,0.00010242804231667175,0.0,0.0,0
283,-1.1034121926546097,-0.34822324737906457,0.00021230690858780373,0.00010242804231667175,-1.348742904829979,-0.4578331501066685,-0.28183233226516363,-0.1239066338210795,-0.21213204,-0.21213204,2
284,-1.348742904829979,-0.4578331501066685,-0.28183233226516363,-0.1239066338210795,-1.162236827325821,-0.32777256659865384,0.2660867380401937,0.1663847694525832,0.21213204,0.21213204,6
285,-1.162236827325821,-0.32777256659865384,0.2660867380401937,0.1663847694525832,-1.3582241870403289,-0.4142335869252682,-0.2675915189104768,-0.11296724427677445,-0.21213204,-0.21213204,2
286,-1.3582241870403289,-0.4142335869252682,-0.2675915189104768,-0.11296724427677445,-1.6438496727228165,-0.5598216566324234,-0.28578475872645004,-0.16531737260820165,-0.21213204,-0.21213204,2
287,-1.6438496727228165,-0.5598216566324234,-0.28578475872645004,-0.16531737260820165,-1.9128651599884035,-0.43523180564045905,-0.28632159997243506,0.1726575022427979,-0.21213204,0.21213204,4
288,-1.9128651599884035,-0.43523180564045905,-0.28632159997243506,0.1726575022427979,-2.1917287021636964,-0.29701753860712055,-0.26502523957907065,0.14751540460137275,-0.21213204,0.21213204,4
289,-2.1917287021636964,-0.29701753860712055,-0.26502523957907065,0.14751540460137275,-2.239659755086899,-0.041103691041469576,0.010345600628713522,0.2679429908517695,0.0,0.3,5
290,-2.239659755086899,-0.041103691041469576,0.010345600628713522,0.2679429908517695,-2.007360958766937,0.13480187559723855,0.2751796017633635,0.15589187037340368,0.21213204,0.21213204,6
291,-2.007360958766937,0.13480187559723855,0.2751796017633635,0.15589187037340368,-1.722596825218201,0.2915283821582794,0.26884366793237957,0.13755561260373586,0.21213204,0.21213204,6
292,-1.722596825218201,0.2915283821582794,0.26884366793237957,0.13755561260373586,-1.9077462345123295,0.17231816039681438,-0.26579714803487353,-0.17919706658330292,-0.21213204,-0.21213204,2
293,-1.9077462345123295,0.17231816039681438,-0.26579714803487353,-0.17919706658330292,-2.166101446247101,0.30400948840975767,-0.2723284958309764,0.1550944747588923,-0.21213204,0.21213204,4
294,-2.166101446247101,0.30400948840975767,-0.2723284958309764,0.1550944747588923,-2.204104606819153,0.31312455384731297,0.0009283959819233464,-0.0010397986493429212,0.0,0.0,0
295,-2.204104606819153,0.31312455384731297,0.0009283959819233464,-0.0010397986493429212,-2.187747567415238,0.041401431018114096,0.03906291583608877,-0.32175812923475516,0.0,-0.3,1
296,-2.187747567415238,0.041401431018114096,0.03906291583608877,-0.32175812923475516,-1.9255619940757756,-0.1475062506079674,0.5560768781365343,-0.3306494780896088,0.21213204,-0.21213204,8
297,-1.9255619940757756,-0.1475062506079674,0.5560768781365343,-0.3306494780896088,-1.6586938226222991,-0.0029660117882303895,0.30621267328491575,0.14725500068937894,0.21213204,0.21213204,6
298,-1.6586938226222991,-0.0029660117882303895,0.30621267328491575,0.14725500068937894,-1.3604658899307251,0.004705864985100926,0.2951005178727197,-0.004021347167808998,0.3,0.0,3
299,-1.3604658899307251,0.004705864985100926,0.2951005178727197,-0.004021347167808998,-1.322841662979126,-0.25074660795331005,-0.006690632029756066,-0.2924943866112044,0.0,-0.3,1
300,-1.322841662979126,-0.25074660795331005,-0.006690632029756066,-0.2924943866112044,-1.5642336140155793,-0.42260050852894787,-0.28080433128570476,-0.14140970597501568,-0.21213204,-0.21213204,2
301,-1.5642336140155793,-0.42260050852894787,-0.28080433128570476,-0.14140970597501568,-1.5957006637573243,-0.6919991958618164,-0.008908855302735035,-0.2952325902998696,0.0,-0.3,1
302,-1.5957006637573243,-0.6919991958618164,-0.008908855302735035,-0.2952325902998696,-1.8294891114711762,-0.5934228776097298,-0.2770046470052093,0.12988456582450655,-0.21213204,0.21213204,4
303,-1.8294891114711762,-0.5934228776097298,-0.2770046470052093,0.12988456582450655,-1.6355942833662036,-0.7099943550467491,0.2739529282675244,-0.15405293660352343,0.21213204,-0.21213204,8
304,-1.6355942833662036,-0.7099943550467491,0.2739529282675244,-0.15405293660352343,-1.600416574215889,-0.722865733551979,6.211559763065618e-05,8.102451342707943e-05,0.0,0.0,0
305,-1.600416574215889,-0.722865733551979,6.211559763065618e-05,8.102451342707943e-05,-1.3636472482204436,-0.8550828674554826,0.2641008612471117,-0.13263746355283224,0.21213204,-0.21213204,8
306,-1.3636472482204436,-0.8550828674554826,0.2641008612471117,-0.13263746355283224,-1.60186705596447,-0.8748853349685669,-0.2484051075643578,0.005608874255561471,-0.3,0.0,7
307,-1.60186705596447,-0.8748853349685669,-0.2484051075643578,0.005608874255561471,-1.8735395420312884,-1.0172881931304931,-0.2393088735029067,-0.11863587256701291,-0.21213204,-0.21213204,2
308,-1.8735395420312884,-1.0172881931304931,-0.2393088735029067,-0.11863587256701291,-1.6825341355085373,-0.9061450031280518,0.26932074550373597,0.16637860111145553,0.21213204,0.21213204,6
309,-1.6825341355085373,-0.9061450031280518,0.26932074550373597,0.16637860111145553,-1.6451853756189345,-0.8931539795517922,1.6082135800730198e-05,-0.0003289285579135562,0.0,0.0,0
310,-1.6451853756189345,-0.8931539795517922,1.6082135800730198e-05,-0.0003289285579135562,-1.6451840374469757,-0.8931430942177772,0.0003357000892918459,-0.00028716346094539964,0.0,0.0,0
311,-1.6451840374469757,-0.8931430942177772,0.0003357000892918459,-0.00028716346094539964,-1.6451945428609849,-0.8931446743130684,-0.00020333464609868391,0.0005230253491198036,0.0,0.0,0
312,-1.6451945428609849,-0.8931446743130684,-0.00020333464609868391,0.0005230253491198036,-1.4134815576791764,-0.7679363050222398,0.2768060796531312,0.10877075716047965,0.21213204,0.21213204,6
313,-1.4134815576791764,-0.7679363050222398,0.2768060796531312,0.10877075716047965,-1.6542719254493716,-0.7440829722404481,-0.2753800936958932,-0.031563520969932105,-0.3,0.0,7
314,-1.6542719254493716,-0.7440829722404481,-0.2753800936958932,-0.031563520969932105,-1.953290943789482,-0.7453290530085565,-0.3007846357177786,0.0034745089964421717,-0.3,0.0,7
315,-1.953290943789482,-0.7453290530085565,-0.3007846357177786,0.0034745089964421717,-1.7186504073858262,-0.7485652977824212,0.2524590674479832,-0.004395607187404776,0.3,0.0,3
316,-1.7186504073858262,-0.7485652977824212,0.2524590674479832,-0.004395607187404776,-1.9097843384504318,-0.8770111243844032,-0.26615124834348014,-0.13672632608587826,-0.21213204,-0.21213204,2
317,-1.9097843384504318,-0.8770111243844032,-0.26615124834348014,-0.13672632608587826,-1.9387256142139437,-1.1473951210260394,0.008818151898209505,-0.286701678997346,0.0,-0.3,1
318,-1.9387256142139437,-1.1473951210260394,0.008818151898209505,-0.286701678997346,-1.6670940363407138,-1.1792065068960191,0.28549076918181576,0.007743691361606992,0.3,0.0,3
319,-1.6670940363407138,-1.1792065068960191,0.28549076918181576,0.007743691361606992,-1.6231599020481111,-0.9273880663156511,-0.0458232374163492,0.3313723304072927,0.0,0.3,5
320,-1.6231599020481111,-0.9273880663156511,-0.0458232374163492,0.3313723304072927,-1.8392017227411273,-1.0428588327884674,-0.2970399585067538,-0.16642383742512398,-0.21213204,-0.21213204,2
321,-1.8392017227411273,-1.0428588327884674,-0.2970399585067538,-0.16642383742512398,-1.6432198666095736,-0.9293165294051171,0.27896406904514115,0.15174669042297584,0.21213204,0.21213204,6
322,-1.6432198666095736,-0.9293165294051171,0.27896406904514115,0.15174669042297584,-1.8388276834964754,-1.0436068145513535,-0.2744630273605965,-0.1616269866810446,-0.21213204,-0.21213204,2
323,-1.8388276834964754,-1.0436068145513535,-0.2744630273605965,-0.1616269866810446,-1.5970271317958833,-1.0638458939313888,0.25673720464430266,-0.012054376115135117,0.3,0.0,3
324,-1.5970271317958833,-1.0638458939313888,0.25673720464430266,-0.012054376115135117,-1.3251343219041827,-0.9188319220066071,0.27257774611716457,0.14693564047101754,0.21213204,0.21213204,6
325,-1.3251343219041827,-0.9188319220066071,0.27257774611716457,0.14693564047101754,-1.0515890357732773,-0.764085950922966,0.2602800006384386,0.134193317271955,0.21213204,0.21213204,6
326,-1.0515890357732773,-0.764085950922966,0.2602800006384386,0.134193317271955,-0.7551716555476189,-0.7502453496217728,0.2973991094630672,-0.0006390554019893033,0.3,0.0,3
327,-0.7551716555476189,-0.7502453496217728,0.2973991094630672,-0.0006390554019893033,-0.9450142213225365,-0.873713516330719,-0.2754936443184934,-0.14792565391924478,-0.21213204,-0.21213204,2
328,-0.9450142213225365,-0.873713516330719,-0.2754936443184934,-0.14792565391924478,-0.9725915225028992,-1.1365479240655898,0.014104178219747973,-0.2938586301606414,0.0,-0.3,1
329,-0.9725915225028992,-1.1365479240655898,0.014104178219747973,-0.2938586301606414,-1.2354221965789796,-1.1641194764614105,-0.2709618637375892,0.0030467254848163114,-0.3,0.0,7
330,-1.2354221965789796,-1.1641194764614105,-0.2709618637375892,0.0030467254848163114,-1.5030457275629043,-1.3031218445301056,-0.26822789042729334,-0.1608349239040189,-0.21213204,-0.21213204,2
331,-1.5030457275629043,-1.3031218445301056,-0.26822789042729334,-0.1608349239040189,-1.2613045622348786,-1.3202891360998155,0.2645487880197523,0.0006971665492311492,0.3,0.0,3
332,-1.2613045622348786,-1.3202891360998155,0.2645487880197523,0.0006971665492311492,-1.4502987579584121,-1.4398222307920456,-0.26087174153042936,-0.11867847321266231,-0.21213204,-0.21213204,2
333,-1.4502987579584121,-1.4398222307920456,-0.26087174153042936,-0.11867847321266231,-1.740787243461609,-1.4547033937692642,-0.31300468033542833,5.591040205222414e-05,-0.3,0.0,7
334,-1.740787243461609,-1.4547033937692642,-0.31300468033542833,5.591040205222414e-05,-1.7833987914323806,-1.7348242131948473,-0.0005156035808887148,-0.3223254418328071,0.0,-0.3,1
335,-1.7833987914323806,-1.7348242131948473,-0.0005156035808887148,-0.3223254418328071,-2.022227605199814,-1.9286779348850251,-0.2592767011527777,-0.15083705465518463,-0.21213204,-0.21213204,2
336,-2.022227605199814,-1.9286779348850251,-0.2592767011527777,-0.15083705465518463,-1.8134822867155078,-2.0893598771095276,0.29436752665652705,-0.15707918443063829,0.21213204,-0.21213204,8
337,-1.8134822867155078,-2.0893598771095276,0.29436752665652705,-0.15707918443063829,-1.5136629205465317,-2.1037761176109315,0.3093716363425386,-0.0025708782283351567,0.3,0.0,3
338,-1.5136629205465317,-2.1037761176109315,0.3093716363425386,-0.0025708782283351567,-1.4799962319850923,-2.1042217874526976,0.009649482105903669,-0.01672744802084161,0.0,0.0,0
339,-1.4799962319850923,-2.1042217874526976,0.009649482105903669,-0.01672744802084161,-1.2030881197929386,-2.1065766032695774,0.29465796371630937,-0.011716555990931743,0.3,0.0,3
340,-1.2030881197929386,-2.1065766032695774,0.29465796371630937,-0.011716555990931743,-0.8982834283828736,-2.1071960921287536,0.31474157805429226,0.0025450543774278938,0.3,0.0,3
341,-0.8982834283828736,-2.1071960921287536,0.31474157805429226,0.0025450543774278938,-1.1301240348100663,-2.1079547147750857,-0.2575476989838593,-0.005163992767606124,-0.3,0.0,7
342,-1.1301240348100663,-2.1079547147750857,-0.2575476989838593,-0.005163992767606124,-1.176811874961853,-1.869058146429062,0.013400963522726567,0.29999900620518954,0.0,0.3,5
343,-1.176811874961853,-1.869058146429062,0.013400963522726567,0.29999900620518954,-1.383912658429146,-1.9703347124576571,-0.2479049789726792,-0.1698846123390126,-0.21213204,-0.21213204,2
344,-1.383912658429146,-1.9703347124576571,-0.2479049789726792,-0.1698846123390126,-1.4117312653541567,-2.263213253688812,0.014077402938151693,-0.31918552084711693,0.0,-0.3,1
345,-1.4117312653541567,-2.263213253688812,0.014077402938151693,-0.31918552084711693,-1.1460836289405822,-2.3034410999774932,0.2840458053149653,-0.006439744978691229,0.3,0.0,3
346,-1.1460836289405822,-2.3034410999774932,0.2840458053149653,-0.006439744978691229,-0.8800247782111168,-2.170703912639618,0.30054128598097685,0.14555706621416573,0.21213204,0.21213204,6
347,-0.8800247782111168,-2.170703912639618,0.30054128598097685,0.14555706621416573,-0.6001258121132851,-2.022745196533203,0.2678632877737674,0.14314532138376906,0.21213204,0.21213204,6
348,-0.6001258121132851,-2.022745196533203,0.2678632877737674,0.14314532138376906,-0.7909479582667351,-1.8686599930047991,-0.3013898569961298,0.1458499646974992,-0.21213204,0.21213204,4
349,-0.7909479582667351,-1.8686599930047991,-0.3013898569961298,0.1458499646974992,-0.5925239610910417,-1.9861268686056137,0.3135128605195021,-0.1531697146437271,0.21213204,-0.21213204,8
350,-0.5925239610910417,-1.9861268686056137,0.3135128605195021,-0.1531697146437271,-0.5402479448318481,-2.2614045720100404,0.03006156223525955,-0.2977546426552309,0.0,-0.3,1
351,-0.5402479448318481,-2.2614045720100404,0.03006156223525955,-0.2977546426552309,-0.30399378185868264,-2.164629400730133,0.28298648641510865,0.13728656942032683,0.21213204,0.21213204,6
352,-0.30399378185868264,-2.164629400730133,0.28298648641510865,0.13728656942032683,-0.2760724165081978,-1.891611487698555,-0.010683036515386641,0.30516200272462446,0.0,0.3,5
353,-0.2760724165081978,-1.891611487698555,-0.010683036515386641,0.30516200272462446,-0.27684159219264987,-1.8606424942970277,0.0004645393045575192,-0.0016929607983231301,0.0,0.0,0
354,-0.27684159219264987,-1.8606424942970277,0.0004645393045575192,-0.0016929607983231301,-0.2849261200368405,-1.5993238322734833,-0.006388455275772623,0.29712469691658405,0.0,0.3,5
355,-0.2849261200368405,-1.5993238322734833,-0.006388455275772623,0.29712469691658405,-0.053806496180593966,-1.6886146300315859,0.2975657933717544,-0.122098749731325,0.21213204,-0.21213204,8
356,-0.053806496180593966,-1.6886146300315859,0.2975657933717544,-0.122098749731325,-0.2582160891711712,-1.5690586808443072,-0.2811422617224013,0.14636146025230434,-0.21213204,0.21213204,4
357,-0.2582160891711712,-1.5690586808443072,-0.2811422617224013,0.14636146025230434,-0.5293192913889886,-1.4202427041530608,-0.2822769338728551,0.14722482744986584,-0.21213204,0.21213204,4
358,-0.5293192913889886,-1.4202427041530608,-0.2822769338728551,0.14722482744986584,-0.3269274530351162,-1.5277915188312532,0.308978900230883,-0.14770790544976,0.21213204,-0.21213204,8
359,-0.3269274530351162,-1.5277915188312532,0.308978900230883,-0.14770790544976,-0.5219999410033227,-1.4162543104410172,-0.2802999126020863,0.1378559097834784,-0.21213204,0.21213204,4
360,-0.5219999410033227,-1.4162543104410172,-0.2802999126020863,0.1378559097834784,-0.8125352239847183,-1.4073812609910963,-0.2910222260895231,-0.008172267268739073,-0.3,0.0,7
361,-0.8125352239847183,-1.4073812609910963,-0.2910222260895231,-0.008172267268739073,-1.0795943883657455,-1.2678439667463304,-0.28945776263772255,0.15318800936561985,-0.21213204,0.21213204,4
362,-1.0795943883657455,-1.2678439667463304,-0.28945776263772255,0.15318800936561985,-0.8862584832072259,-1.1204863528490068,0.28915313272847487,0.1361909323221262,0.21213204,0.21213204,6
363,-0.8862584832072259,-1.1204863528490068,0.28915313272847487,0.1361909323221262,-0.6017759876608849,-0.9753092484474183,0.28764722956400274,0.13964370650962768,0.21213204,0.21213204,6
364,-0.6017759876608849,-0.9753092484474183,0.28764722956400274,0.13964370650962768,-0.5631612186551095,-0.963100092303753,0.0001395637280382524,-0.0002604532317045325,0.0,0.0,0
365,-0.5631612186551095,-0.963100092303753,0.0001395637280382524,-0.0002604532317045325,-0.5631628087878228,-0.9630825297474862,-0.0004035970593328835,-0.0003582195687767399,0.0,0.0,0
366,-0.5631628087878228,-0.9630825297474862,-0.0004035970593328835,-0.0003582195687767399,-0.30349625187516216,-1.0898931250810624,0.2857079442159042,-0.13387833938673968,0.21213204,-0.21213204,8
367,-0.30349625187516216,-1.0898931250810624,0.2857079442159042,-0.13387833938673968,-0.2680880607008934,-1.1029922022581102,0.0003210391697961842,-5.02459661023667e-05,0.0,0.0,0
368,-0.2680880607008934,-1.1029922022581102,0.0003210391697961842,-5.02459661023667e-05,-0.024055799769610166,-0.9746020367503166,0.28823133266091483,0.16029022241209295,0.21213204,0.21213204,6
369,-0.024055799769610166,-0.9746020367503166,0.28823133266091483,0.16029022241209295,-0.2143753827124834,-1.0780143889904021,-0.26643354077110404,-0.15978141767245713,-0.21213204,-0.21213204,2
370,-0.2143753827124834,-1.0780143889904021,-0.26643354077110404,-0.15978141767245713,-0.4723760947704315,-0.9569938515305519,-0.28915080797327547,0.13068707262969448,-0.21213204,0.21213204,4
371,-0.4723760947704315,-0.9569938515305519,-0.28915080797327547,0.13068707262969448,-0.4962286292016507,-1.1880394894123076,0.03466635209722158,-0.311090377298774,0.0,-0.3,1
372,-0.4962286292016507,-1.1880394894123076,0.03466635209722158,-0.311090377298774,-0.7108118474364281,-1.3614150507450105,-0.26746642007074917,-0.1327615334538416,-0.21213204,-0.21213204,2
373,-0.7108118474364281,-1.3614150507450105,-0.26746642007074917,-0.1327615334538416,-0.9781794054865838,-1.5158274158239367,-0.2384846972651513,-0.18675771793150786,-0.21213204,-0.21213204,2
374,-0.9781794054865838,-1.5158274158239367,-0.2384846972651513,-0.18675771793150786,-0.9897322857022287,-1.793358315420151,0.010589985220725791,-0.29302050348207165,0.0,-0.3,1
375,-0.9897322857022287,-1.793358315420151,0.010589985220725791,-0.29302050348207165,-0.9896043769001962,-1.8279171746969223,-0.0027594031892579692,0.005383444337716622,0.0,0.0,0
376,-0.9896043769001962,-1.8279171746969223,-0.0027594031892579692,0.005383444337716622,-1.2597153796195983,-1.829585801434517,-0.2745806174397746,-0.016699943015591988,-0.3,0.0,7
377,-1.2597153796195983,-1.829585801434517,-0.2745806174397746,-0.016699943015591988,-1.0237175839662553,-1.8273697192668916,0.2644710561004414,-0.008551884155062695,0.3,0.0,3
378,-1.0237175839662553,-1.8273697192668916,0.2644710561004414,-0.008551884155062695,-0.7459060760259629,-1.9737996470212937,0.3064062878046243,-0.1553256147871972,0.21213204,-0.21213204,8
379,-0.7459060760259629,-1.9737996470212937,0.3064062878046243,-0.1553256147871972,-0.44594451967477805,-1.9867000737190248,0.306282054921366,0.005573297415513941,0.3,0.0,3
380,-0.44594451967477805,-1.9867000737190248,0.306282054921366,0.005573297415513941,-0.6306605341553688,-2.1159728296756746,-0.2594693695276822,-0.16798957732823466,-0.21213204,-0.21213204,2
381,-0.6306605341553688,-2.1159728296756746,-0.2594693695276822,-0.16798957732823466,-0.3899222506284714,-2.1365656573295597,0.26539469405867067,0.006846382740497567,0.3,0.0,3
382,-0.3899222506284714,-2.1365656573295597,0.26539469405867067,0.006846382740497567,-0.1228704852730036,-1.9856162372589112,0.2902626042472959,0.1541004879869611,0.21213204,0.21213204,6
383,-0.1228704852730036,-1.9856162372589112,0.2902626042472959,0.1541004879869611,-0.35608039337992675,-1.9619340573787691,-0.25095776561427047,-0.00110128325498924,-0.3,0.0,7
384,-0.35608039337992675,-1.9619340573787691,-0.25095776561427047,-0.00110128325498924,-0.6235106694579124,-2.1058893471240996,-0.2765653791469988,-0.1475149147740656,-0.21213204,-0.21213204,2
385,-0.6235106694579124,-2.1058893471240996,-0.2765653791469988,-0.1475149147740656,-0.6585568270921707,-2.1214675552845,4.118204357536962e-05,7.753415324285588e-05,0.0,0.0,0
386,-0.6585568270921707,-2.1214675552845,4.118204357536962e-05,7.753415324285588e-05,-0.3795518296837807,-2.120400548410416,0.2957533470768254,3.144378227355621e-05,0.3,0.0,3
387,-0.3795518296837807,-2.120400548410416,0.2957533470768254,3.144378227355621e-05,-0.5605768894910812,-1.9954657269716265,-0.2829548800442835,0.13653905500363092,-0.21213204,0.21213204,4
388,-0.5605768894910812,-1.9954657269716265,-0.2829548800442835,0.13653905500363092,-0.37315837742686275,-1.8426458953619005,0.2909689913807562,0.14454490707048306,0.21213204,0.21213204,6
389,-0.37315837742686275,-1.8426458953619005,0.2909689913807562,0.14454490707048306,-0.559157733464241,-1.9539071196079254,-0.2706708958021392,-0.16354631287457233,-0.21213204,-0.21213204,2
390,-0.559157733464241,-1.9539071196079254,-0.2706708958021392,-0.16354631287457233,-0.3640729158103466,-2.1127821288585666,0.27720012900287505,-0.1430875844227825,0.21213204,-0.21213204,8
391,-0.3640729158103466,-2.1127821288585666,0.27720012900287505,-0.1430875844227825,-0.3279129224777222,-1.8781206342935564,-0.011616456465095782,0.3071470605943448,0.0,0.3,5
392,-0.3279129224777222,-1.8781206342935564,-0.011616456465095782,0.3071470605943448,-0.3267673765182495,-1.8440302484273912,0.000921183737798497,1.5679021153650856e-05,0.0,0.0,0
393,-0.3267673765182495,-1.8440302484273912,0.000921183737798497,1.5679021153650856e-05,-0.5747254959106445,-1.7158771749973298,-0.28332188171980366,0.14172726167371788,-0.21213204,0.21213204,4
394,-0.5747254959106445,-1.7158771749973298,-0.28332188171980366,0.14172726167371788,-0.8496433218836785,-1.5706707891464233,-0.28391678607160825,0.13810075331466137,-0.21213204,0.21213204,4
395,-0.8496433218836785,-1.5706707891464233,-0.28391678607160825,0.13810075331466137,-1.1022717450618744,-1.7073176515579225,-0.2658487663635759,-0.1545701134155761,-0.21213204,-0.21213204,2
396,-1.1022717450618744,-1.7073176515579225,-0.2658487663635759,-0.1545701134155761,-0.9054911129951477,-1.5994507597446443,0.29141725523597245,0.1310413453772816,0.21213204,0.21213204,6
397,-0.9054911129951477,-1.5994507597446443,0.29141725523597245,0.1310413453772816,-0.8716478721261024,-1.5855150754451752,-0.00026147366444069465,-0.0002034133771270828,0.0,0.0,0
398,-0.8716478721261024,-1.5855150754451752,-0.00026147366444069465,-0.0002034133771270828,-0.5985748286008835,-1.5901086168527603,0.2953667702451208,-0.002641623622093018,0.3,0.0,3
399,-0.5985748286008835,-1.5901086168527603,0.2953667702451208,-0.002641623622093018,-0.3257809419453145,-1.7419862939119342,0.2601259304321759,-0.15647379584053342,0.21213204,-0.21213204,8
400,-0.3257809419453145,-1.7419862939119342,0.2601259304321759,-0.15647379584053342,-0.06916402039676905,-1.5996705149650574,0.2770621040596118,0.16118858152994714,0.21213204,0.21213204,6
401,-0.06916402039676905,-1.5996705149650574,0.2770621040596118,0.16118858152994714,0.22885252170860765,-1.5794658047199248,0.29067258513616334,-0.0020469519102133374,0.3,0.0,3
402,0.22885252170860765,-1.5794658047199248,0.29067258513616334,-0.0020469519102133374,0.039993852408975364,-1.6890500914335254,-0.28106816544979596,-0.12550653242552318,-0.21213204,-0.21213204,2
403,0.039993852408975364,-1.6890500914335254,-0.28106816544979596,-0.12550653242552318,0.0058415730733424424,-1.922069830441475,2.2864316730546585e-05,-0.25894347007566293,0.0,-0.3,1
404,0.0058415730733424424,-1.922069830441475,2.2864316730546585e-05,-0.25894347007566293,-0.2631039096593857,-1.9425211349725724,-0.29498089422139695,0.0019368108826890386,-0.3,0.0,7
405,-0.2631039096593857,-1.9425211349725724,-0.29498089422139695,0.0019368108826890386,-0.5615242540121078,-1.9432321955204013,-0.32152194369468035,-0.005485908791026474,-0.3,0.0,7
406,-0.5615242540121078,-1.9432321955204013,-0.32152194369468035,-0.005485908791026474,-0.8153768087387085,-2.0951640059471135,-0.2594567051175413,-0.14883407280561572,-0.21213204,-0.21213204,2
407,-0.8153768087387085,-2.0951640059471135,-0.2594567051175413,-0.14883407280561572,-0.573022508442402,-2.1142448762893675,0.25611586078458215,0.00300035918737043,0.3,0.0,3
408,-0.573022508442402,-2.1142448762893675,0.25611586078458215,0.00300035918737043,-0.525885501420498,-1.8669576730012896,0.009858108264890735,0.28970198244532774,0.0,0.3,5
409,-0.525885501420498,-1.8669576730012896,0.009858108264890735,0.28970198244532774,-0.2584158561885357,-1.8350355100154878,0.29457853264228695,-0.00020438978265115552,0.3,0.0,3
410,-0.2584158561885357,-1.8350355100154878,0.29457853264228695,-0.00020438978265115552,-0.21815474605560303,-2.073382019376755,-0.017153371291873616,-0.2986023314558387,0.0,-0.3,1
411,-0.21815474605560303,-2.073382019376755,-0.017153371291873616,-0.2986023314558387,0.017656933767162264,-1.9762256926298143,0.2853753084586652,0.1431091196084672,0.21213204,0.21213204,6
412,0.017656933767162264,-1.9762256926298143,0.2853753084586652,0.1431091196084672,0.05546934235468507,-1.678931499695778,0.007206560601931416,0.324228523854762,0.0,0.3,5
413,0.05546934235468507,-1.678931499695778,0.007206560601931416,0.324228523854762,-0.1692075782686472,-1.7585714092493059,-0.2748936026411583,-0.11397972572557484,-0.21213204,-0.21213204,2
414,-0.1692075782686472,-1.7585714092493059,-0.2748936026411583,-0.11397972572557484,-0.43409641320705417,-1.6281828944921495,-0.2752588115068639,0.14597518440104781,-0.21213204,0.21213204,4
415,-0.43409641320705417,-1.6281828944921495,-0.2752588115068639,0.14597518440104781,-0.2011150344878435,-1.6029935195684433,0.26204178152508273,0.0009472886716232977,0.3,0.0,3
416,-0.2011150344878435,-1.6029935195684433,0.26204178152508273,0.0009472886716232977,0.06906858044862747,-1.7247072226762772,0.28875472965426574,-0.12026811738681206,0.21213204,-0.21213204,8
417,0.06906858044862747,-1.7247072226762772,0.28875472965426574,-0.12026811738681206,0.10629286161214116,-1.7353686759948732,0.0008487600582287022,0.0011893235667706,0.0,0.0,0
418,0.10629286161214116,-1.7353686759948732,0.0008487600582287022,0.0011893235667706,0.3456135688722134,-1.5965678190708164,0.28257644492428713,0.15576481864180422,0.21213204,0.21213204,6
419,0.3456135688722134,-1.5965678190708164,0.28257644492428713,0.15576481864180422,0.3755670786678791,-1.8210138133764269,-0.004710551574584704,-0.2804347999668639,0.0,-0.3,1
420,0.3755670786678791,-1.8210138133764269,-0.004710551574584704,-0.2804347999668639,0.5892893503904343,-1.7190361989259721,0.2425610699530805,0.14312903118683878,0.21213204,0.21213204,6
421,0.5892893503904343,-1.7190361989259721,0.2425610699530805,0.14312903118683878,0.6485401869893075,-1.9484378247499468,0.025072457237099086,-0.290123269389538,0.0,-0.3,1
422,0.6485401869893075,-1.9484378247499468,0.025072457237099086,-0.290123269389538,0.6478540611743928,-1.7366866752147676,-0.006898622310840904,0.27311593838060205,0.0,0.3,5
423,0.6478540611743928,-1.7366866752147676,-0.006898622310840904,0.27311593838060205,0.6509955452442169,-1.707872477579117,0.0002173651779943549,-6.0955889963748016e-05,0.0,0.0,0
424,0.6509955452442169,-1.707872477579117,0.0002173651779943549,-6.0955889963748016e-05,0.6561126733422279,-1.9743477211236953,0.011898748153103517,-0.29256934158875064,0.0,-0.3,1
425,0.6561126733422279,-1.9743477211236953,0.011898748153103517,-0.29256934158875064,0.4269727363526821,-1.8792790945053102,-0.28865008901922107,0.13825808101655176,-0.21213204,0.21213204,4
426,0.4269727363526821,-1.8792790945053102,-0.28865008901922107,0.13825808101655176,0.39977566319108016,-2.107695176792145,0.025955994829159963,-0.29494444938723585,0.0,-0.3,1
427,0.39977566319108016,-2.107695176792145,0.025955994829159963,-0.29494444938723585,0.41309258212447164,-1.9022378189086915,0.016843433866406268,0.26477180013387974,0.0,0.3,5
428,0.41309258212447164,-1.9022378189086915,0.016843433866406268,0.26477180013387974,0.6417702008724213,-2.0108263267993927,0.28494315347524346,-0.13411914702242908,0.21213204,-0.21213204,8
429,0.6417702008724213,-2.0108263267993927,0.28494315347524346,-0.13411914702242908,0.6835902364134789,-1.7728215267181398,0.01250274986266085,0.2974896747779782,0.0,0.3,5
430,0.6835902364134789,-1.7728215267181398,0.01250274986266085,0.2974896747779782,0.91483019438982,-1.596815872335434,0.29088535400490645,0.1424062246386655,0.21213204,0.21213204,6
431,0.91483019438982,-1.596815872335434,0.29088535400490645,0.1424062246386655,0.7199668631553651,-1.4510157039403917,-0.2775083974740021,0.14342056657601526,-0.21213204,0.21213204,4
432,0.7199668631553651,-1.4510157039403917,-0.2775083974740021,0.14342056657601526,0.6830441235303879,-1.4384081733465197,-0.0008924460024603168,0.0003081523766490476,0.0,0.0,0
433,0.6830441235303879,-1.4384081733465197,-0.0008924460024603168,0.0003081523766490476,0.43883663231730463,-1.5685736149072647,-0.2703236973998957,-0.16325400388416442,-0.21213204,-0.21213204,2
434,0.43883663231730463,-1.5685736149072647,-0.2703236973998957,-0.16325400388416442,0.631676473581791,-1.4653568248510362,0.2733227341487071,0.14885246295528284,0.21213204,0.21213204,6
435,0.631676473581791,-1.4653568248510362,0.2733227341487071,0.14885246295528284,0.4389480122029782,-1.5739682439088822,-0.2712473201313546,-0.1663501667870453,-0.21213204,-0.21213204,2
436,0.4389480122029782,-1.5739682439088822,-0.2712473201313546,-0.1663501667870453,0.6765026422858239,-1.6002857078790664,0.24718506805005744,-0.004828377860940731,0.3,0.0,3
437,0.6765026422858239,-1.6002857078790664,0.24718506805005744,-0.004828377860940731,0.9570263600349427,-1.7437747564792634,0.2891341794387731,-0.15347843052114427,0.21213204,-0.21213204,8
438,0.9570263600349427,-1.7437747564792634,0.2891341794387731,-0.15347843052114427,1.0019526619434358,-1.515173243665695,0.006961870955554249,0.304589663648051,0.0,0.3,5
439,1.0019526619434358,-1.515173243665695,0.006961870955554249,0.304589663648051,1.2411069148540497,-1.5998809085845949,0.2971153629965176,-0.134395382533359,0.21213204,-0.21213204,8
440,1.2411069148540497,-1.5998809085845949,0.2971153629965176,-0.134395382533359,1.005628428077698,-1.6253760497093201,-0.2693907292855455,-0.004274674374486905,-0.3,0.0,7
441,1.005628428077698,-1.6253760497093201,-0.2693907292855455,-0.004274674374486905,0.7077915042638778,-1.630455017256737,-0.293818138960333,0.00012918785272375284,-0.3,0.0,7
442,0.7077915042638778,-1.630455017256737,-0.293818138960333,0.00012918785272375284,0.9427579900026323,-1.627888352251053,0.26452461428380775,-0.0012368120075851835,0.3,0.0,3
443,0.9427579900026323,-1.627888352251053,0.26452461428380775,-0.0012368120075851835,0.9865082668185235,-1.6282255489110948,0.006285782077824515,-0.0012791256522447362,0.0,0.0,0
444,0.9865082668185235,-1.6282255489110948,0.006285782077824515,-0.0012791256522447362,0.7473742601394653,-1.7612111802577974,-0.2603411308019929,-0.15197596696369714,-0.21213204,-0.21213204,2
445,0.7473742601394653,-1.7612111802577974,-0.2603411308019929,-0.15197596696369714,0.47044035464525225,-1.9249227958202364,-0.2887956330213017,-0.16563892268047692,-0.21213204,-0.21213204,2
446,0.47044035464525225,-1.9249227958202364,-0.2887956330213017,-0.16563892268047692,0.20351631520688535,-1.8007925182819369,-0.27478442649137846,0.15170614755066564,-0.21213204,0.21213204,4
447,0.20351631520688535,-1.8007925182819369,-0.27478442649137846,0.15170614755066564,-0.06045418105348945,-1.905832834839821,-0.2823228395095809,-0.12495330773029106,-0.21213204,-0.21213204,2
448,-0.06045418105348945,-1.905832834839821,-0.2823228395095809,-0.12495330773029106,-0.3326863629698753,-1.7671477452516557,-0.25572154419019877,0.17203716204119893,-0.21213204,0.21213204,4
449,-0.3326863629698753,-1.7671477452516557,-0.25572154419019877,0.17203716204119893,-0.6101521988749505,-1.6170456336021424,-0.2792970746020083,0.14961879552033702,-0.21213204,0.21213204,4
450,-0.6101521988749505,-1.6170456336021424,-0.2792970746020083,0.14961879552033702,-0.6560430586695671,-1.8643928441286086,-0.014671936835748134,-0.3267774954505157,0.0,-0.3,1
451,-0.6560430586695671,-1.8643928441286086,-0.014671936835748134,-0.3267774954505157,-0.4224650415182114,-2.0495480301380162,0.2767260011867204,-0.16419460580270956,0.21213204,-0.21213204,8
452,-0.4224650415182114,-2.0495480301380162,0.2767260011867204,-0.16419460580270956,-0.38619064835906025,-2.0639080750465393,0.0001323818488259712,-7.361366002478678e-05,0.0,0.0,0
453,-0.38619064835906025,-2.0639080750465393,0.0001323818488259712,-7.361366002478678e-05,-0.6286371952772142,-1.9393549864053727,-0.2817752743853603,0.1267066735177403,-0.21213204,0.21213204,4
454,-0.6286371952772142,-1.9393549864053727,-0.2817752743853603,0.1267066735177403,-0.8949671471953393,-2.0628476935386657,-0.26242098232615985,-0.14268005185085186,-0.21213204,-0.21213204,2
455,-0.8949671471953393,-2.0628476935386657,-0.26242098232615985,-0.14268005185085186,-0.6520725327730179,-2.080957315683365,0.26427925097230653,-0.004354975961252188,0.3,0.0,3
456,-0.6520725327730179,-2.080957315683365,0.26427925097230653,-0.004354975961252188,-0.8385320551514626,-1.961197416472435,-0.27624542452066275,0.13957464231898245,-0.21213204,0.21213204,4
457,-0.8385320551514626,-1.961197416472435,-0.27624542452066275,0.13957464231898245,-0.6432293959021569,-2.073258534526825,0.296975447700904,-0.16119188258721195,0.21213204,-0.21213204,8
458,-0.6432293959021569,-2.073258534526825,0.296975447700904,-0.16119188258721195,-0.3813445652723313,-1.9446398514747623,0.27906298267681556,0.15055839200346482,0.21213204,0.21213204,6
459,-0.3813445652723313,-1.9446398514747623,0.27906298267681556,0.15055839200346482,-0.08479511672109366,-1.9253975939035417,0.3028880891970849,0.008617465552685812,0.3,0.0,3
460,-0.08479511672109366,-1.9253975939035417,0.3028880891970849,0.008617465552685812,-0.2772844234108925,-2.039823760843277,-0.29351922251245754,-0.15620165409729386,-0.21213204,-0.21213204,2
461,-0.2772844234108925,-2.039823760843277,-0.29351922251245754,-0.15620165409729386,-0.08211190994381905,-1.9294642876386645,0.2871792641560994,0.16795282334092693,0.21213204,0.21213204,6
462,-0.08211190994381905,-1.9294642876386645,0.2871792641560994,0.16795282334092693,-0.02606629840694368,-2.1516141659736636,0.020060996483391953,-0.29684623625047296,0.0,-0.3,1
463,-0.02606629840694368,-2.1516141659736636,0.020060996483391953,-0.29684623625047296,-0.24455825441479684,-2.0574656833171847,-0.28804647152310975,0.1437922307437935,-0.21213204,0.21213204,4
464,-0.24455825441479684,-2.0574656833171847,-0.28804647152310975,0.1437922307437935,-0.04844204974174499,-1.90058067317009,0.2756728401114148,0.15538321752033976,0.21213204,0.21213204,6
465,-0.04844204974174499,-1.90058067317009,0.2756728401114148,0.15538321752033976,-0.23602027503550055,-1.7361152965545656,-0.2857283331939092,0.1530746230344478,-0.21213204,0.21213204,4
466,-0.23602027503550055,-1.7361152965545656,-0.2857283331939092,0.1530746230344478,-0.26493556382656097,-1.4644383476257326,0.018673669405483834,0.3045392557559961,0.0,0.3,5
467,-0.26493556382656097,-1.4644383476257326,0.018673669405483834,0.3045392557559961,-0.5252239516735078,-1.4313473895549773,-0.2751074393468523,-0.00044045595819897483,-0.3,0.0,7
468,-0.5252239516735078,-1.4313473895549773,-0.2751074393468523,-0.00044045595819897483,-0.2903399159908295,-1.4322856115579605,0.25602487645648797,0.004244339789339554,0.3,0.0,3
469,-0.2903399159908295,-1.4322856115579605,0.25602487645648797,0.004244339789339554,-0.022114061937481166,-1.2839389430046082,0.27633834528799955,0.14320745541893243,0.21213204,0.21213204,6
470,-0.022114061937481166,-1.2839389430046082,0.27633834528799955,0.14320745541893243,-0.21423676251471044,-1.3911556392192843,-0.27590049230324887,-0.13992749067648214,-0.21213204,-0.21213204,2
471,-0.21423676251471044,-1.3911556392192843,-0.27590049230324887,-0.13992749067648214,-0.25650361769795416,-1.1646333062648773,0.005665735435092372,0.30645553735192144,0.0,0.3,5
472,-0.25650361769795416,-1.1646333062648773,0.005665735435092372,0.30645553735192144,-0.4854270352125168,-0.9963507895469665,-0.2694139597491517,0.13526789446733395,-0.21213204,0.21213204,4
473,-0.4854270352125168,-0.9963507895469665,-0.2694139597491517,0.13526789446733395,-0.28127456263303763,-1.1041589561700822,0.2858106951181663,-0.1584646860235479,0.21213204,-0.21213204,8
474,-0.28127456263303763,-1.1041589561700822,0.2858106951181663,-0.1584646860235479,0.0140697609083727,-1.112887900233269,0.3015121625406831,0.0011221094246373392,0.3,0.0,3
475,0.0140697609083727,-1.112887900233269,0.3015121625406831,0.0011221094246373392,0.28674671785235406,-1.2475624780178074,0.28010756468678777,-0.13561267290998613,0.21213204,-0.21213204,8
476,0.28674671785235406,-1.2475624780178074,0.28010756468678777,-0.13561267290998613,0.5638235589623452,-1.3922130449056629,0.280917306129277,-0.1505016529311051,0.21213204,-0.21213204,8
477,0.5638235589623452,-1.3922130449056629,0.280917306129277,-0.1505016529311051,0.37273097848296166,-1.2806076731920242,-0.301740137934125,0.13549489920759583,-0.21213204,0.21213204,4
478,0.37273097848296166,-1.2806076731920242,-0.301740137934125,0.13549489920759583,0.5572281777977944,-1.1278844221830369,0.26545673600436664,0.1625195245506998,0.21213204,0.21213204,6
479,0.5572281777977944,-1.1278844221830369,0.26545673600436664,0.1625195245506998,0.594325720012188,-1.112506124138832,-0.0012292038214000156,0.002275202328595745,0.0,0.0,0
480,0.594325720012188,-1.112506124138832,-0.0012292038214000156,0.002275202328595745,0.3175446004271507,-1.110852783560753,-0.2957484846796532,-0.005536906877059079,-0.3,0.0,7
481,0.3175446004271507,-1.110852783560753,-0.2957484846796532,-0.005536906877059079,0.26821925318241124,-1.3489765587091447,-0.006061115860368761,-0.2903620447136822,0.0,-0.3,1
482,0.26821925318241124,-1.3489765587091447,-0.006061115860368761,-0.2903620447136822,0.5321189777731895,-1.3815586173295975,0.2738307578943578,-0.003709974884155777,0.3,0.0,3
483,0.5321189777731895,-1.3815586173295975,0.2738307578943578,-0.003709974884155777,0.3437673820912838,-1.5021547619342805,-0.28490390834460366,-0.15352960638677016,-0.21213204,-0.21213204,2
484,0.3437673820912838,-1.5021547619342805,-0.28490390834460366,-0.15352960638677016,0.30455706339478494,-1.5161206235647202,0.001316266422783614,0.00017981085746097682,0.0,0.0,0
485,0.30455706339478494,-1.5161206235647202,0.001316266422783614,0.00017981085746097682,0.5790948937535286,-1.5171438765048981,0.28671880255922083,0.0029194610490403264,0.3,0.0,3
486,0.5790948937535286,-1.5171438765048981,0.28671880255922083,0.0029194610490403264,0.34912850554585456,-1.5194662757873536,-0.27223649912863257,-0.0009457052744186415,-0.3,0.0,7
487,0.34912850554585456,-1.5194662757873536,-0.27223649912863257,-0.0009457052744186415,0.08442186868786812,-1.6589340292692187,-0.27409291986163603,-0.11916856927695849,-0.21213204,-0.21213204,2
488,0.08442186868786812,-1.6589340292692187,-0.27409291986163603,-0.11916856927695849,0.03773031491339207,-1.412338016533852,-0.005078374261072125,0.305088355935835,0.0,0.3,5
489,0.03773031491339207,-1.412338016533852,-0.005078374261072125,0.305088355935835,-0.20298422171771527,-1.2373641784191132,-0.2812689803146722,0.14087419389250155,-0.21213204,0.21213204,4
490,-0.20298422171771527,-1.2373641784191132,-0.2812689803146722,0.14087419389250155,-0.24266671894788744,-1.46301886947155,0.015064503191436634,-0.2869265709618111,0.0,-0.3,1
491,-0.24266671894788744,-1.46301886947155,0.015064503191436634,-0.2869265709618111,-0.23637560568153856,-1.7455409948825837,-0.0023017575688379787,-0.280453268958447,0.0,-0.3,1
492,-0.23637560568153856,-1.7455409948825837,-0.0023017575688379787,-0.280453268958447,-0.23756469702720642,-1.7741567905902864,0.00013216859472395845,0.00012920525365620053,0.0,0.0,0
493,-0.23756469702720642,-1.7741567905902864,0.00013216859472395845,0.00012920525365620053,-0.24008585604429247,-1.508556137108803,0.006190374497017253,0.31373504475451897,0.0,0.3,5
494,-0.24008585604429247,-1.508556137108803,0.006190374497017253,0.31373504475451897,-0.23252611527442935,-1.710802031230927,-0.00028207447605957614,-0.285439417540256,0.0,-0.3,1
495,-0.23252611527442935,-1.710802031230927,-0.00028207447605957614,-0.285439417540256,-0.5018664731383324,-1.7399758553743365,-0.27494658307753533,0.0007399754724824196,-0.3,0.0,7
496,-0.5018664731383324,-1.7399758553743365,-0.27494658307753533,0.0007399754724824196,-0.8010865960478784,-1.7436252266645431,-0.3062254708668953,-0.005366564482360988,-0.3,0.0,7
497,-0.8010865960478784,-1.7436252266645431,-0.3062254708668953,-0.005366564482360988,-0.8391648780584336,-1.7438805182218553,0.00027710773057125666,-0.00020047481001202454,0.0,0.0,0
498,-0.8391648780584336,-1.7438805182218553,0.00027710773057125666,-0.00020047481001202454,-0.5980435495853424,-1.8827934907197954,0.25311240086308223,-0.15741449699310775,0.21213204,-0.21213204,8
499,-0.5980435495853424,-1.8827934907197954,0.25311240086308223,-0.15741449699310775,-0.8351345869183541,-1.91103066136837,-0.2534689465459008,0.0011509391907452316,-0.3,0.0,7
500,-0.8351345869183541,-1.91103066136837,-0.2534689465459008,0.0011509391907452316,-0.644473043525219,-2.038079666900635,0.28711167838580376,-0.14919022849290126,0.21213204,-0.21213204,8
501,-0.644473043525219,-2.038079666900635,0.28711167838580376,-0.14919022849290126,-0.8354870376110076,-1.9363772279024123,-0.269141434361044,0.14082050778167526,-0.21213204,0.21213204,4
502,-0.8354870376110076,-1.9363772279024123,-0.269141434361044,0.14082050778167526,-1.092463375043869,-2.063130061531067,-0.2655326875611766,-0.1466254829789994,-0.21213204,-0.21213204,2
503,-1.092463375043869,-2.063130061531067,-0.2655326875611766,-0.1466254829789994,-1.3843815115451814,-2.0813164501667023,-0.29623455207780186,0.006013781277264939,-0.3,0.0,7
504,-1.3843815115451814,-2.0813164501667023,-0.29623455207780186,0.006013781277264939,-1.4344352526426316,-1.847132206082344,0.0033989719270004354,0.2945862420034288,0.0,0.3,5
505,-1.4344352526426316,-1.847132206082344,0.0033989719270004354,0.2945862420034288,-1.6613832138061526,-1.9537794238805772,-0.27747362384630253,-0.13017173865817092,-0.21213204,-0.21213204,2
506,-1.6613832138061526,-1.9537794238805772,-0.27747362384630253,-0.13017173865817092,-1.5020356620788577,-1.8466379353761675,0.27554652241955935,0.14404160130264151,0.21213204,0.21213204,6
507,-1.5020356620788577,-1.8466379353761675,0.27554652241955935,0.14404160130264151,-1.4658545328378678,-1.8325966024875642,0.00047687938910117455,-0.0006380885547695007,0.0,0.0,0
508,-1.4658545328378678,-1.8325966024875642,0.00047687938910117455,-0.0006380885547695007,-1.7397239757061005,-1.838461847352982,-0.30622841432196435,-0.008140240483760375,-0.3,0.0,7
509,-1.7397239757061005,-1.838461847352982,-0.30622841432196435,-0.008140240483760375,-1.5603981647729874,-1.719353827357292,0.2867888851107804,0.1395990721928256,0.21213204,0.21213204,6
510,-1.5603981647729874,-1.719353827357292,0.2867888851107804,0.1395990721928256,-1.2930406145334243,-1.8584601135253906,0.30414634639566374,-0.16054743972434102,0.21213204,-0.21213204,8
511,-1.2930406145334243,-1.8584601135253906,0.30414634639566374,-0.16054743972434102,-1.4828848915338517,-2.010961790561676,-0.26637794163789963,-0.1888774652680417,-0.21213204,-0.21213204,2
512,-1.4828848915338517,-2.010961790561676,-0.26637794163789963,-0.1888774652680417,-1.7519479896306993,-1.8925113597869876,-0.2697144786617346,0.14507377360803986,-0.21213204,0.21213204,4
513,-1.7519479896306993,-1.8925113597869876,-0.2697144786617346,0.14507377360803986,-1.5588858150482179,-2.003454231119156,0.2901340270831722,-0.1593586681666918,0.21213204,-0.21213204,8
514,-1.5588858150482179,-2.003454231119156,0.2901340270831722,-0.1593586681666918,-1.2619386978387832,-2.015398106145859,0.2959616130854187,0.014886480226068118,0.3,0.0,3
515,-1.2619386978387832,-2.015398106145859,0.2959616130854187,0.014886480226068118,-0.9842421040415765,-1.8707749267339708,0.2653011530040525,0.16556492329100556,0.21213204,0.21213204,6
516,-0.9842421040415765,-1.8707749267339708,0.2653011530040525,0.16556492329100556,-0.9283033967614174,-2.101620490169525,0.02743303137156509,-0.29999077327700197,0.0,-0.3,1
517,-0.9283033967614174,-2.101620490169525,0.02743303137156509,-0.29999077327700197,-0.6927383724808692,-1.9976978271961214,0.284397566428397,0.13325079486694374,0.21213204,0.21213204,6
518,-0.6927383724808692,-1.9976978271961214,0.284397566428397,0.13325079486694374,-0.8777106496095659,-2.1098819389343264,-0.260148553510504,-0.14799163906281612,-0.21213204,-0.21213204,2
519,-0.8777106496095659,-2.1098819389343264,-0.260148553510504,-0.14799163906281612,-0.914263727414608,-2.123419108104706,8.198124905397803e-05,-8.288170154323635e-05,0.0,0.0,0
520,-0.914263727414608,-2.123419108104706,8.198124905397803e-05,-8.288170154323635e-05,-0.6601533054351807,-1.9939515115499495,0.2830485405219021,0.14225739152905253,0.21213204,0.21213204,6
521,-0.6601533054351807,-1.9939515115499495,0.2830485405219021,0.14225739152905253,-0.360222626465559,-1.9815797838211062,0.31538792879838196,0.002241357219328697,0.3,0.0,3
522,-0.360222626465559,-1.9815797838211062,0.31538792879838196,0.002241357219328697,-0.5525141614079476,-1.8644983668804171,-0.26955960312104776,0.1546747458872953,-0.21213204,0.21213204,4
523,-0.5525141614079476,-1.8644983668804171,-0.26955960312104776,0.1546747458872953,-0.8477199283599854,-1.8599839074134827,-0.29043510050781995,-0.005727582816882624,-0.3,0.0,7
524,-0.8477199283599854,-1.8599839074134827,-0.29043510050781995,-0.005727582816882624,-0.6507468863129616,-1.9815198171615602,0.2948628337778856,-0.15425449103324668,0.21213204,-0.21213204,8
525,-0.6507468863129616,-1.9815198171615602,0.2948628337778856,-0.15425449103324668,-0.8396077014923096,-2.1415671804428102,-0.26545058015037476,-0.14414660316370326,-0.21213204,-0.21213204,2
526,-0.8396077014923096,-2.1415671804428102,-0.26545058015037476,-0.14414660316370326,-0.8749481832027436,-2.1543529718399053,0.0002916172776020391,-2.0554171357484378e-05,0.0,0.0,0
527,-0.8749481832027436,-2.1543529718399053,0.0002916172776020391,-2.0554171357484378e-05,-1.147637999033928,-2.160212347507477,-0.2921149426936243,-0.00022023986565976338,-0.3,0.0,7
528,-1.147637999033928,-2.160212347507477,-0.2921149426936243,-0.00022023986565976338,-1.185762349152565,-1.9235590848445894,0.01580361962440629,0.2945604118801477,0.0,0.3,5
529,-1.185762349152565,-1.9235590848445894,0.01580361962440629,0.2945604118801477,-0.9372904856204988,-1.7468661391735076,0.28561360114702844,0.13408152796032785,0.21213204,0.21213204,6
530,-0.9372904856204988,-1.7468661391735076,0.28561360114702844,0.13408152796032785,-0.8881340193390848,-1.9829241844415666,0.009693828732151685,-0.2736274538492364,0.0,-0.3,1
531,-0.8881340193390848,-1.9829241844415666,0.009693828732151685,-0.2736274538492364,-0.6539435525178909,-1.879394389796257,0.2737530116857021,0.16124180062085824,0.21213204,0.21213204,6
532,-0.6539435525178909,-1.879394389796257,0.2737530116857021,0.16124180062085824,-0.6218472033619882,-1.8645948137283328,7.753046146181052e-05,0.0001244111345782679,0.0,0.0,0
533,-0.6218472033619882,-1.8645948137283328,7.753046146181052e-05,0.0001244111345782679,-0.8985610904812813,-1.870153769874573,-0.29384032243545266,0.0028550656644124803,-0.3,0.0,7
534,-0.8985610904812813,-1.870153769874573,-0.29384032243545266,0.0028550656644124803,-0.7202655996561051,-1.7525525751113893,0.2777695304410416,0.12724922776690106,0.21213204,0.21213204,6
535,-0.7202655996561051,-1.7525525751113893,0.2777695304410416,0.12724922776690106,-0.9155140498280525,-1.604435184264183,-0.2793969995453791,0.1372240332897037,-0.21213204,0.21213204,4
536,-0.9155140498280525,-1.604435184264183,-0.2793969995453791,0.1372240332897037,-1.1950572374582291,-1.4650267998695374,-0.28687617201628224,0.14096150018334608,-0.21213204,0.21213204,4
537,-1.1950572374582291,-1.4650267998695374,-0.28687617201628224,0.14096150018334608,-1.2275623588085174,-1.1979246739149094,0.006847872399310768,0.29549312477912365,0.0,0.3,5
538,-1.2275623588085174,-1.1979246739149094,0.006847872399310768,0.29549312477912365,-0.9930015127301215,-1.020091478729248,0.27701659458493055,0.1560892446055488,0.21213204,0.21213204,6
539,-0.9930015127301215,-1.020091478729248,0.27701659458493055,0.1560892446055488,-0.9431945397973062,-1.2529951443910599,0.02330396197223967,-0.28988580378525575,0.0,-0.3,1
540,-0.9431945397973062,-1.2529951443910599,0.02330396197223967,-0.28988580378525575,-1.1706497828245161,-1.1569948869466782,-0.28036393643003366,0.14379805578192537,-0.21213204,0.21213204,4
541,-1.1706497828245161,-1.1569948869466782,-0.28036393643003366,0.14379805578192537,-1.4660778502941132,-1.1453504247426989,-0.30163759860103784,0.004886214551853745,-0.3,0.0,7
542,-1.4660778502941132,-1.1453504247426989,-0.30163759860103784,0.004886214551853745,-1.506347672891617,-1.1463716823816301,7.85914281796403e-05,4.2484686885491596e-05,0.0,0.0,0
543,-1.506347672891617,-1.1463716823816301,7.85914281796403e-05,4.2484686885491596e-05,-1.7767972880601883,-1.1488302233695984,-0.2893816375466577,-0.007565911310027578,-0.3,0.0,7
544,-1.7767972880601883,-1.1488302233695984,-0.2893816375466577,-0.007565911310027578,-1.8192701850652695,-1.1489163353443146,-0.001293373103067829,0.006839748358061417,0.0,0.0,0
545,-1.8192701850652695,-1.1489163353443146,-0.001293373103067829,0.006839748358061417,-1.5387256213903429,-1.1464916282415392,0.29363334532624696,0.009215232956487828,0.3,0.0,3
546,-1.5387256213903429,-1.1464916282415392,0.29363334532624696,0.009215232956487828,-1.7251057381391526,-1.026527818608284,-0.27289868692986424,0.13658047173430443,-0.21213204,0.21213204,4
547,-1.7251057381391526,-1.026527818608284,-0.27289868692986424,0.13658047173430443,-1.5396195207357408,-0.873986254799366,0.2754386219484718,0.15475288786589808,0.21213204,0.21213204,6
548,-1.5396195207357408,-0.873986254799366,0.2754386219484718,0.15475288786589808,-1.4801992003679276,-1.100660985302925,0.013617448034241138,-0.26989354078562233,0.0,-0.3,1
549,-1.4801992003679276,-1.100660985302925,0.013617448034241138,-0.26989354078562233,-1.704323896098137,-1.2759280895471572,-0.2649476583309583,-0.1446773358393897,-0.21213204,-0.21213204,2
550,-1.704323896098137,-1.2759280895471572,-0.2649476583309583,-0.1446773358393897,-1.7415191309928895,-1.289321234536171,-0.0029034567375846605,0.008626266314086882,0.0,0.0,0
551,-1.7415191309928895,-1.289321234536171,-0.0029034567375846605,0.008626266314086882,-1.7372512451171875,-1.0301068006753922,-0.003067150603402624,0.3114836573155805,0.0,0.3,5
552,-1.7372512451171875,-1.0301068006753922,-0.003067150603402624,0.3114836573155805,-1.7350080595493313,-0.9984654627680778,0.0005913263328118797,-0.00016012998159686495,0.0,0.0,0
553,-1.7350080595493313,-0.9984654627680778,0.0005913263328118797,-0.00016012998159686495,-1.457291302728653,-0.9977986049175263,0.2775043093872881,-0.004003624212617985,0.3,0.0,3
554,-1.457291302728653,-0.9977986049175263,0.2775043093872881,-0.004003624212617985,-1.6536199628353119,-0.8802405824422836,-0.2796130085566555,0.1419508607840943,-0.21213204,0.21213204,4
555,-1.6536199628353119,-0.8802405824422836,-0.2796130085566555,0.1419508607840943,-1.6874586118459702,-0.6219797636151313,0.0052356228939882425,0.2671117750990446,0.0,0.3,5
556,-1.6874586118459702,-0.6219797636151313,0.0052356228939882425,0.2671117750990446,-1.9250134944677353,-0.7309777899742127,-0.2849425566783458,-0.16478075946792378,-0.21213204,-0.21213204,2
557,-1.9250134944677353,-0.7309777899742127,-0.2849425566783458,-0.16478075946792378,-1.687665107154846,-0.7530627684473992,0.24116203287774957,-0.011814330277405312,0.3,0.0,3
558,-1.687665107154846,-0.7530627684473992,0.24116203287774957,-0.011814330277405312,-1.4172118805646898,-0.8987117240071297,0.2789266549736627,-0.16099107850673544,0.21213204,-0.21213204,8
559,-1.4172118805646898,-0.8987117240071297,0.2789266549736627,-0.16099107850673544,-1.6580998293399811,-0.9210847223281861,-0.2567564753246227,-0.01809721778377609,-0.3,0.0,7
560,-1.6580998293399811,-0.9210847223281861,-0.2567564753246227,-0.01809721778377609,-1.6887733770132065,-1.1742695560932161,0.017065965086422125,-0.3048094713484396,0.0,-0.3,1
561,-1.6887733770132065,-1.1742695560932161,0.017065965086422125,-0.3048094713484396,-1.4516812985420229,-1.071643591427803,0.2762411270954979,0.16640142832573224,0.21213204,0.21213204,6
562,-1.4516812985420229,-1.071643591427803,0.2762411270954979,0.16640142832573224,-1.4183797271966934,-1.0556468091964724,-0.00029407657994872516,-0.006268454385079656,0.0,0.0,0
563,-1.4183797271966934,-1.0556468091964724,-0.00029407657994872516,-0.006268454385079656,-1.1727046108722687,-0.9273987621188164,0.29190049462571976,0.17234734927493262,0.21213204,0.21213204,6
564,-1.1727046108722687,-0.9273987621188164,0.29190049462571976,0.17234734927493262,-1.1182754456281663,-1.1452307965517046,0.004200520003482318,-0.2762778311345109,0.0,-0.3,1
565,-1.1182754456281663,-1.1452307965517046,0.004200520003482318,-0.2762778311345109,-1.1179488459825517,-1.175417258024216,-5.0608599027359265e-06,9.373281272786765e-05,0.0,0.0,0
566,-1.1179488459825517,-1.175417258024216,-5.0608599027359265e-06,9.373281272786765e-05,-1.371752917265892,-1.0488050231933594,-0.2943372037874697,0.15525298509142565,-0.21213204,0.21213204,4
567,-1.371752917265892,-1.0488050231933594,-0.2943372037874697,0.15525298509142565,-1.4098545075178148,-0.7784915145754814,-0.024088075418118606,0.3219430560056544,0.0,0.3,5
568,-1.4098545075178148,-0.7784915145754814,-0.024088075418118606,0.3219430560056544,-1.440073221731186,-0.7453036890149116,0.0004913753503381474,-0.01884821329311876,0.0,0.0,0
569,-1.440073221731186,-0.7453036890149116,0.0004913753503381474,-0.01884821329311876,-1.4367670311927798,-1.0041724709153175,0.011572208552105456,-0.2832671237718138,0.0,-0.3,1
570,-1.4367670311927798,-1.0041724709153175,0.011572208552105456,-0.2832671237718138,-1.4522944690704347,-0.7931376136183739,-0.026585141621984967,0.3069503295390483,0.0,0.3,5
571,-1.4522944690704347,-0.7931376136183739,-0.026585141621984967,0.3069503295390483,-1.4548164951324465,-0.7624768585801125,0.0010242037099041053,-0.0010099649053672477,0.0,0.0,0
572,-1.4548164951324465,-0.7624768585801125,0.0010242037099041053,-0.0010099649053672477,-1.4470034379482268,-1.0230615599393844,0.00923903187905064,-0.2677098779249635,0.0,-0.3,1
573,-1.4470034379482268,-1.0230615599393844,0.00923903187905064,-0.2677098779249635,-1.7091080693244938,-1.054306300163269,-0.26896424333469265,0.009487046327358223,-0.3,0.0,7
574,-1.7091080693244938,-1.054306300163269,-0.26896424333469265,0.009487046327358223,-1.7498527277469635,-0.8059435556054115,-0.006337564319343044,0.264848152237086,0.0,0.3,5
575,-1.7498527277469635,-0.8059435556054115,-0.006337564319343044,0.264848152237086,-1.520092005467415,-0.6292427844405175,0.27321561324927873,0.15997213360887846,0.21213204,0.21213204,6
576,-1.520092005467415,-0.6292427844405175,0.27321561324927873,0.15997213360887846,-1.2664256585359575,-0.7491582743525506,0.2872681528051108,-0.12888293880722868,0.21213204,-0.21213204,8
577,-1.2664256585359575,-0.7491582743525506,0.2872681528051108,-0.12888293880722868,-1.2268890685319902,-0.760726560997963,-0.00029182175587819944,3.4935167247287854e-05,0.0,0.0,0
578,-1.2268890685319902,-0.760726560997963,-0.00029182175587819944,3.4935167247287854e-05,-1.4787071518659591,-0.6250848129153252,-0.2906591775451766,0.14295141393957964,-0.21213204,0.21213204,4
579,-1.4787071518659591,-0.6250848129153252,-0.2906591775451766,0.14295141393957964,-1.7584102090120317,-0.4827625795125962,-0.29742551154463137,0.12545212169468023,-0.21213204,0.21213204,4
580,-1.7584102090120317,-0.4827625795125962,-0.29742551154463137,0.12545212169468023,-2.0461822113990786,-0.47420260134935377,-0.20240748577875903,0.02811503821566606,-0.3,0.0,7
581,-2.0461822113990786,-0.47420260134935377,-0.20240748577875903,0.02811503821566606,-2.0925215048789982,-0.22832413799464707,-0.0512500749060182,0.28293757077867454,0.0,0.3,5
582,-2.0925215048789982,-0.22832413799464707,-0.0512500749060182,0.28293757077867454,-2.0920521072387697,-0.45345773003101353,0.012561585867194155,-0.29347887846490694,0.0,-0.3,1
583,-2.0920521072387697,-0.45345773003101353,0.012561585867194155,-0.29347887846490694,-1.8239079669475557,-0.4820964612483978,0.30601444521247284,0.00023077620716231205,0.3,0.0,3
584,-1.8239079669475557,-0.4820964612483978,0.30601444521247284,0.00023077620716231205,-1.5542363370656969,-0.6320281023979187,0.3000395584721472,-0.16771598612539523,0.21213204,-0.21213204,8
585,-1.5542363370656969,-0.6320281023979187,0.3000395584721472,-0.16771598612539523,-1.287256295490265,-0.7732534698009491,0.2781019017968107,-0.12426919699794804,0.21213204,-0.21213204,8
586,-1.287256295490265,-0.7732534698009491,0.2781019017968107,-0.12426919699794804,-0.9905076206684114,-0.7809777675509454,0.3160993521914034,-0.002344824652389498,0.3,0.0,3
587,-0.9905076206684114,-0.7809777675509454,0.3160993521914034,-0.002344824652389498,-0.9439921923398972,-0.5299056866526604,6.799931406988637e-05,0.30826147246923924,0.0,0.3,5
588,-0.9439921923398972,-0.5299056866526604,6.799931406988637e-05,0.30826147246923924,-0.9448255571722985,-0.49860077607631687,-1.7056211421486452e-05,6.646548402547363e-05,0.0,0.0,0
589,-0.9448255571722985,-0.49860077607631687,-1.7056211421486452e-05,6.646548402547363e-05,-0.7054249267697335,-0.36658254793286327,0.2811564636680394,0.13882025910183945,0.21213204,0.21213204,6
590,-0.7054249267697335,-0.36658254793286327,0.2811564636680394,0.13882025910183945,-0.9064808131217956,-0.21906160103678704,-0.30152572311933495,0.1460079853969668,-0.21213204,0.21213204,4
591,-0.9064808131217956,-0.21906160103678704,-0.30152572311933495,0.1460079853969668,-0.7152445416092873,-0.32921377454400064,0.28053213779928066,-0.13757936250498648,0.21213204,-0.21213204,8
592,-0.7152445416092873,-0.32921377454400064,0.28053213779928066,-0.13757936250498648,-0.41884357704520225,-0.3397762529730797,0.2971091076359966,0.0011663539784608592,0.3,0.0,3
593,-0.41884357704520225,-0.3397762529730797,0.2971091076359966,0.0011663539784608592,-0.6542108666300773,-0.33835370452404023,-0.26599973194745086,-0.0020347408007684266,-0.3,0.0,7
594,-0.6542108666300773,-0.33835370452404023,-0.26599973194745086,-0.0020347408007684266,-0.7107940893650055,-0.5851216256976127,-0.006034801573756265,-0.3012683808351513,0.0,-0.3,1
595,-0.7107940893650055,-0.5851216256976127,-0.006034801573756265,-0.3012683808351513,-0.9410237646818161,-0.4787945363163948,-0.27936621429985053,0.14709987476769745,-0.21213204,0.21213204,4
596,-0.9410237646818161,-0.4787945363163948,-0.27936621429985053,0.14709987476769745,-0.7584665658473969,-0.3199921634137631,0.28317932808509316,0.14261045600801114,0.21213204,0.21213204,6
597,-0.7584665658473969,-0.3199921634137631,0.28317932808509316,0.14261045600801114,-0.7226129052639009,-0.30626324924230575,-0.00015979149793875945,-0.00011674468225706645,0.0,0.0,0
598,-0.7226129052639009,-0.30626324924230575,-0.00015979149793875945,-0.00011674468225706645,-0.4458748673260212,-0.30692486252188683,0.29477841187712644,-0.0026443829930626276,0.3,0.0,3
599,-0.4458748673260212,-0.30692486252188683,0.29477841187712644,-0.0026443829930626276,-0.6765543618559837,-0.3088015128672123,-0.2594743848107231,-0.005028535497895726,-0.3,0.0,7
600,-0.6765543618559837,-0.3088015128672123,-0.2594743848107231,-0.005028535497895726,-0.9451966645002365,-0.4511926454067231,-0.27605016646886876,-0.13739088442898723,-0.21213204,-0.21213204,2
601,-0.9451966645002365,-0.4511926454067231,-0.27605016646886876,-0.13739088442898723,-0.979764361190796,-0.46354473879337316,-0.0003263054690320556,9.223142658432955e-05,0.0,0.0,0
602,-0.979764361190796,-0.46354473879337316,-0.0003263054690320556,9.223142658432955e-05,-1.2562930418968201,-0.457280865341425,-0.2883602189271168,0.01056206192166644,-0.3,0.0,7
603,-1.2562930418968201,-0.457280865341425,-0.2883602189271168,0.01056206192166644,-1.5297412927389145,-0.5968954640984536,-0.2775759863544888,-0.17254240879408028,-0.21213204,-0.21213204,2
604,-1.5297412927389145,-0.5968954640984536,-0.2775759863544888,-0.17254240879408028,-1.5643555720567703,-0.608091008591652,0.001058719869547633,0.0067437656508642085,0.0,0.0,0
605,-1.5643555720567703,-0.608091008591652,0.001058719869547633,0.0067437656508642085,-1.290443921995163,-0.5998916641712189,0.2620715869257544,0.008757646398625658,0.3,0.0,3
606,-1.290443921995163,-0.5998916641712189,0.2620715869257544,0.008757646398625658,-1.029144162273407,-0.43515758225917817,0.27623102833959573,0.16453066646113426,0.21213204,0.21213204,6
607,-1.029144162273407,-0.43515758225917817,0.27623102833959573,0.16453066646113426,-1.2218571852445606,-0.523969090604782,-0.282752756883797,-0.12755427187599602,-0.21213204,-0.21213204,2
608,-1.2218571852445606,-0.523969090604782,-0.282752756883797,-0.12755427187599602,-1.519397196984291,-0.532229145872593,-0.2952546217567581,-0.003750415606455946,-0.3,0.0,7
609,-1.519397196984291,-0.532229145872593,-0.2952546217567581,-0.003750415606455946,-1.560873986339569,-0.5330683729052544,0.0004915359861099877,-0.0001308543178878659,0.0,0.0,0
610,-1.560873986339569,-0.5330683729052544,0.0004915359861099877,-0.0001308543178878659,-1.8116282850265502,-0.6720544953107834,-0.2896298045073641,-0.11015645648738079,-0.21213204,-0.21213204,2
611,-1.8116282850265502,-0.6720544953107834,-0.2896298045073641,-0.11015645648738079,-2.0905288375854494,-0.8319073190927506,-0.3965679071512909,-0.20191850717789733,-0.21213204,-0.21213204,2
612,-2.0905288375854494,-0.8319073190927506,-0.3965679071512909,-0.20191850717789733,-2.126591251182556,-0.8442895910263063,0.002740716689374634,4.20195527607622e-05,0.0,0.0,0
613,-2.126591251182556,-0.8442895910263063,0.002740716689374634,4.20195527607622e-05,-2.1216380425453187,-0.5875357522368432,-0.0509318211362857,0.25855645522339554,0.0,0.3,5
614,-2.1216380425453187,-0.5875357522368432,-0.0509318211362857,0.25855645522339554,-1.85493176715374,-0.5553622497439386,0.2769367387057285,-0.04744269370690193,0.3,0.0,3
615,-1.85493176715374,-0.5553622497439386,0.2769367387057285,-0.04744269370690193,-2.0453571800231933,-0.6877319839000702,-0.32254058999393737,-0.16425428502284375,-0.21213204,-0.21213204,2
616,-2.0453571800231933,-0.6877319839000702,-0.32254058999393737,-0.16425428502284375,-1.8593135542154313,-0.5775098684430122,0.27044996303274615,0.16462664560760112,0.21213204,0.21213204,6
617,-1.8593135542154313,-0.5775098684430122,0.27044996303274615,0.16462664560760112,-1.8265300392866135,-0.31721123687028885,0.031714839839297536,0.30917975995364466,0.0,0.3,5
618,-1.8265300392866135,-0.31721123687028885,0.031714839839297536,0.30917975995364466,-2.0489768483161925,-0.4309048715531826,-0.24856901527038,-0.19695375249458819,-0.21213204,-0.21213204,2
619,-2.0489768483161925,-0.4309048715531826,-0.24856901527038,-0.19695375249458819,-1.8097974875688552,-0.4494516890525818,0.2559574717379629,-0.004004114342413185,0.3,0.0,3
620,-1.8097974875688552,-0.4494516890525818,0.2559574717379629,-0.004004114342413185,-1.7693546216726301,-0.45163980914950375,-0.0004506238967970789,0.0001100833814087572,0.0,0.0,0
621,-1.7693546216726301,-0.45163980914950375,-0.0004506238967970789,0.0001100833814087572,-1.769713453745842,-0.45109577978849413,0.0034360126821557065,-0.01824892408660214,0.0,0.0,0
622,-1.769713453745842,-0.45109577978849413,0.0034360126821557065,-0.01824892408660214,-2.0170638526916504,-0.5917310275673867,-0.305924012838179,-0.19319952748652527,-0.21213204,-0.21213204,2
623,-2.0170638526916504,-0.5917310275673867,-0.305924012838179,-0.19319952748652527,-2.0474942062854766,-0.6039645399451256,-0.0042850364775587945,-0.0003812110617594513,0.0,0.0,0
624,-2.0474942062854766,-0.6039645399451256,-0.0042850364775587945,-0.0003812110617594513,-2.045139326143265,-0.37318870265483856,-0.009391731329675027,0.30191324476710124,0.0,0.3,5
625,-2.045139326143265,-0.37318870265483856,-0.009391731329675027,0.30191324476710124,-1.8129740026950838,-0.4748845543146134,0.24317280036961614,-0.17849063086548006,0.21213204,-0.21213204,8
626,-1.8129740026950838,-0.4748845543146134,0.24317280036961614,-0.17849063086548006,-1.555093529224396,-0.34171178596019747,0.29994260397937555,0.18876184823413,0.21213204,0.21213204,6
627,-1.555093529224396,-0.34171178596019747,0.29994260397937555,0.18876184823413,-1.2559802825927735,-0.3247189261496067,0.3048910581306664,0.006105089605419835,0.3,0.0,3
628,-1.2559802825927735,-0.3247189261496067,0.3048910581306664,0.006105089605419835,-0.9931951532483101,-0.1788583039224148,0.26674299000550283,0.1497067543656379,0.21213204,0.21213204,6
629,-0.9931951532483101,-0.1788583039224148,0.26674299000550283,0.1497067543656379,-0.9544246054172517,-0.40472258284091955,-0.00912957782511366,-0.28276966321529345,0.0,-0.3,1
630,-0.9544246054172517,-0.40472258284091955,-0.00912957782511366,-0.28276966321529345,-1.2237146855354308,-0.4277902379333973,-0.2879949153378685,0.009871540236602139,-0.3,0.0,7
631,-1.2237146855354308,-0.4277902379333973,-0.2879949153378685,0.009871540236602139,-1.2759941680192948,-0.16739091140925888,-0.0021877655333247346,0.30309317730645985,0.0,0.3,5
632,-1.2759941680192948,-0.16739091140925888,-0.0021877655333247346,0.30309317730645985,-1.279046836590767,0.09560277797132731,-0.008045550282201087,0.2690659347729786,0.0,0.3,5
633,-1.279046836590767,0.09560277797132731,-0.008045550282201087,0.2690659347729786,-1.0145935141801834,0.12134055697321894,0.27384832735249753,-0.0048321295099851965,0.3,0.0,3
634,-1.0145935141801834,0.12134055697321894,0.27384832735249753,-0.0048321295099851965,-1.2051807098150253,0.24489262047111987,-0.283642272945512,0.1396661079806787,-0.21213204,0.21213204,4
635,-1.2051807098150253,0.24489262047111987,-0.283642272945512,0.1396661079806787,-1.244675470709801,0.2575328564882279,5.006714327692116e-05,-0.00010842838426047117,0.0,0.0,0
636,-1.244675470709801,0.2575328564882279,5.006714327692116e-05,-0.00010842838426047117,-1.2447140008449555,0.25752426832914355,-0.0003828797657209538,0.00039075797682234695,0.0,0.0,0
637,-1.2447140008449555,0.25752426832914355,-0.0003828797657209538,0.00039075797682234695,-1.2448304501295089,-0.021187715988978742,-0.0007555065136979416,-0.3232114056007844,0.0,-0.3,1
638,-1.2448304501295089,-0.021187715988978742,-0.0007555065136979416,-0.3232114056007844,-1.5125494327783586,-0.06244557196497917,-0.2781812426000069,0.0016149713561087013,-0.3,0.0,7
639,-1.5125494327783586,-0.06244557196497917,-0.2781812426000069,0.0016149713561087013,-1.7792679047107696,0.0809762742549181,-0.22694582672513824,0.17367076478363896,-0.21213204,0.21213204,4
640,-1.7792679047107696,0.0809762742549181,-0.22694582672513824,0.17367076478363896,-1.8039944201946259,0.36235679022073747,0.008788064886408965,0.3002223913790207,0.0,0.3,5
641,-1.8039944201946259,0.36235679022073747,0.008788064886408965,0.3002223913790207,-2.06734550280571,0.38892402587533004,-0.26946014608335345,0.007068115024369117,-0.3,0.0,7
642,-2.06734550280571,0.38892402587533004,-0.26946014608335345,0.007068115024369117,-2.1099326398849487,0.6330618968129158,0.014042724169896765,0.27261491194675513,0.0,0.3,5
643,-2.1099326398849487,0.6330618968129158,0.014042724169896765,0.27261491194675513,-2.1003016510009767,0.39889970133304603,0.009573414787489345,-0.2946737671408556,0.0,-0.3,1
644,-2.1003016510009767,0.39889970133304603,0.009573414787489345,-0.2946737671408556,-1.8494277046442034,0.2180720722705126,0.2802615506546342,-0.13269192627794055,0.21213204,-0.21213204,8
645,-1.8494277046442034,0.2180720722705126,0.2802615506546342,-0.13269192627794055,-1.8010744277000428,0.45202771846055984,0.0003500039828946523,0.2926284483295961,0.0,0.3,5
646,-1.8010744277000428,0.45202771846055984,0.0003500039828946523,0.2926284483295961,-1.8014000065803528,0.48261697362065314,-0.0017647132452004231,0.0008464653458436216,0.0,0.0,0
647,-1.8014000065803528,0.48261697362065314,-0.0017647132452004231,0.0008464653458436216,-2.041770922756195,0.33641466492414474,-0.26547808411673574,-0.15341803215282832,-0.21213204,-0.21213204,2
648,-2.041770922756195,0.33641466492414474,-0.26547808411673574,-0.15341803215282832,-1.798649657344818,0.3135661134183407,0.30159612762413074,-0.022163414834743864,0.3,0.0,3
649,-1.798649657344818,0.3135661134183407,0.30159612762413074,-0.022163414834743864,-1.5331065588474275,0.46594320633411407,0.28387942509582814,0.1530358506801175,0.21213204,0.21213204,6
650,-1.5331065588474275,0.46594320633411407,0.28387942509582814,0.1530358506801175,-1.268580425453186,0.3332223447203636,0.2855095217870721,-0.13679248310618325,0.21213204,-0.21213204,8
651,-1.268580425453186,0.3332223447203636,0.2855095217870721,-0.13679248310618325,-0.9698510089635849,0.323185333520174,0.30976607548080687,-0.00011805920764610366,0.3,0.0,3
652,-0.9698510089635849,0.323185333520174,0.30976607548080687,-0.00011805920764610366,-0.9216894023776055,0.5823591241121293,0.008730639731388894,0.29884571176143315,0.0,0.3,5
653,-0.9216894023776055,0.5823591241121293,0.008730639731388894,0.29884571176143315,-1.144214479136467,0.48024094564914704,-0.2733568162781311,-0.14192979846962217,-0.21213204,-0.21213204,2
654,-1.144214479136467,0.48024094564914704,-0.2733568162781311,-0.14192979846962217,-0.9476910261631014,0.33795482330322263,0.29038885953539206,-0.14564512895703452,0.21213204,-0.21213204,8
655,-0.9476910261631014,0.33795482330322263,0.29038885953539206,-0.14564512895703452,-0.6505875033855438,0.3285808814465999,0.3062904438627367,0.004810957539456935,0.3,0.0,3
656,-0.6505875033855438,0.3285808814465999,0.3062904438627367,0.004810957539456935,-0.3780468532025814,0.1875057028502226,0.2991865767939435,-0.13685950865029636,0.21213204,-0.21213204,8
657,-0.3780468532025814,0.1875057028502226,0.2991865767939435,-0.13685950865029636,-0.6100875141859055,0.16972581175267698,-0.260798946921711,0.013393831573051957,-0.3,0.0,7
658,-0.6100875141859055,0.16972581175267698,-0.260798946921711,0.013393831573051957,-0.37364301776289943,0.17402889596521856,0.24863345843034124,-0.00016456374132637865,0.3,0.0,3
659,-0.37364301776289943,0.17402889596521856,0.24863345843034124,-0.00016456374132637865,-0.07203691533654928,0.17715727604925635,0.3151767130740443,0.002886419358052406,0.3,0.0,3
660,-0.07203691533654928,0.17715727604925635,0.3151767130740443,0.002886419358052406,-0.26662311682105067,0.30383667204976084,-0.2924521790636953,0.14314373248537982,-0.21213204,0.21213204,4
661,-0.26662311682105067,0.30383667204976084,-0.2924521790636953,0.14314373248537982,-0.0764097964718938,0.19798498283326627,0.2823812343670755,-0.1377235099421053,0.21213204,-0.21213204,8
662,-0.0764097964718938,0.19798498283326627,0.2823812343670755,-0.1377235099421053,0.22295679558515552,0.19119467744529248,0.31682496599612,-0.004202348107888805,0.3,0.0,3
663,0.22295679558515552,0.19119467744529248,0.31682496599612,-0.004202348107888805,0.2620865349173546,0.19195944386422634,-0.001751889688411949,-6.186426522148077e-05,0.0,0.0,0
664,0.2620865349173546,0.19195944386422634,-0.001751889688411949,-6.186426522148077e-05,0.2620270507395268,0.1919558723241091,0.0007192344632359313,0.00014672751349793447,0.0,0.0,0
665,0.2620270507395268,0.1919558723241091,0.0007192344632359313,0.00014672751349793447,0.013797204688563944,0.05651453336849809,-0.2851580618989604,-0.15893798900432135,-0.21213204,-0.21213204,2
666,0.013797204688563944,0.05651453336849809,-0.2851580618989604,-0.15893798900432135,0.25052391369044785,0.03463674517348409,0.26428994783379844,0.00641315354787912,0.3,0.0,3
667,0.25052391369044785,0.03463674517348409,0.26428994783379844,0.00641315354787912,0.5240470844626427,0.1900669870018959,0.2769040931431719,0.15090274652104432,0.21213204,0.21213204,6
668,0.5240470844626427,0.1900669870018959,0.2769040931431719,0.15090274652104432,0.295690244448185,0.21575514012277128,-0.2571809920889852,0.001018948221186259,-0.3,0.0,7
669,0.295690244448185,0.21575514012277128,-0.2571809920889852,0.001018948221186259,0.49496938980817795,0.08888469390273095,0.2918095698937327,-0.1401915364269323,0.21213204,-0.21213204,8
670,0.49496938980817795,0.08888469390273095,0.2918095698937327,-0.1401915364269323,0.3105384804069996,-0.055923654610663655,-0.2534690186966665,-0.15448549268356743,-0.21213204,-0.21213204,2
671,0.3105384804069996,-0.055923654610663655,-0.2534690186966665,-0.15448549268356743,0.014109443529509009,-0.06878627905100584,-0.3257650320521584,-0.007736185334609431,-0.3,0.0,7
672,0.014109443529509009,-0.06878627905100584,-0.3257650320521584,-0.007736185334609431,-0.282245517551899,-0.06929754499942065,-0.3065068855951606,0.0026347066776965158,-0.3,0.0,7
673,-0.282245517551899,-0.06929754499942065,-0.3065068855951606,0.0026347066776965158,-0.039505004685372117,-0.06616201535612345,0.27614424327459985,0.0017376162544494693,0.3,0.0,3
674,-0.039505004685372117,-0.06616201535612345,0.27614424327459985,0.0017376162544494693,-0.22121336354911328,0.07059046793580055,-0.26652607497013076,0.13359550006027687,-0.21213204,0.21213204,4
675,-0.22121336354911328,0.07059046793580055,-0.26652607497013076,0.13359550006027687,-0.02461123340725899,-0.04452481013312936,0.270212857929176,-0.1504721143229159,0.21213204,-0.21213204,8
676,-0.02461123340725899,-0.04452481013312936,0.270212857929176,-0.1504721143229159,0.010356527839787305,-0.058442585396766666,-0.0004633172290229742,-0.0002689918112983881,0.0,0.0,0
677,0.010356527839787305,-0.058442585396766666,-0.0004633172290229742,-0.0002689918112983881,0.005327260126546026,0.2148646397382021,-0.0011880408352172407,0.30716380185888803,0.0,0.3,5
678,0.005327260126546026,0.2148646397382021,-0.0011880408352172407,0.30716380185888803,-0.22771537318229676,0.1159543934479356,-0.26980631794036763,-0.1551531750289604,-0.21213204,-0.21213204,2
679,-0.22771537318229676,0.1159543934479356,-0.26980631794036763,-0.1551531750289604,-0.026844859372824433,-0.039719492007792,0.27331002797155957,-0.14676264908539405,0.21213204,-0.21213204,8
680,-0.026844859372824433,-0.039719492007792,0.27331002797155957,-0.14676264908539405,0.2598406191468239,-0.1963191320061684,0.2959354658336217,-0.15822727219444527,0.21213204,-0.21213204,8
681,0.2598406191468239,-0.1963191320061684,0.2959354658336217,-0.15822727219444527,0.06830125170499086,-0.3526267592906952,-0.2840580358403871,-0.15831114020419765,-0.21213204,-0.21213204,2
682,0.06830125170499086,-0.3526267592906952,-0.2840580358403871,-0.15831114020419765,0.31092566519379616,-0.3721355120480061,0.256422996573722,0.00039885818499274604,0.3,0.0,3
683,0.31092566519379616,-0.3721355120480061,0.256422996573722,0.00039885818499274604,0.08237204318344593,-0.37409049359560015,-0.25211014504732243,0.0011003617737838753,-0.3,0.0,7
684,0.08237204318344593,-0.37409049359560015,-0.25211014504732243,0.0011003617737838753,0.28183895336985587,-0.4944678887248039,0.29451880003470243,-0.1493626293800177,0.21213204,-0.21213204,8
685,0.28183895336985587,-0.4944678887248039,0.29451880003470243,-0.1493626293800177,0.5683553488492966,-0.6374429434299469,0.28559346864717705,-0.13499106031851654,0.21213204,-0.21213204,8
686,0.5683553488492966,-0.6374429434299469,0.28559346864717705,-0.13499106031851654,0.8648827008962632,-0.6470804810523987,0.28306325721035785,-0.003074706348430964,0.3,0.0,3
687,0.8648827008962632,-0.6470804810523987,0.28306325721035785,-0.003074706348430964,1.1308003652334215,-0.7934287369132043,0.2672359848585217,-0.13570824143307064,0.21213204,-0.21213204,8
688,1.1308003652334215,-0.7934287369132043,0.2672359848585217,-0.13570824143307064,0.9325063488006591,-0.6883123434782028,-0.272288732801656,0.14661907289043566,-0.21213204,0.21213204,4
689,0.9325063488006591,-0.6883123434782028,-0.272288732801656,0.14661907289043566,0.8962379819273949,-0.6756671672344208,0.00013689705445134187,-0.00018614434447476947,0.0,0.0,0
690,0.8962379819273949,-0.6756671672344208,0.00013689705445134187,-0.00018614434447476947,1.1481789015769959,-0.8027031108140947,0.272588664246586,-0.14040798989792588,0.21213204,-0.21213204,8
691,1.1481789015769959,-0.8027031108140947,0.272588664246586,-0.14040798989792588,0.9112313348650932,-0.8264086547732354,-0.2631004995830528,0.0013682438358003442,-0.3,0.0,7
692,0.9112313348650932,-0.8264086547732354,-0.2631004995830528,0.0013682438358003442,0.637796851181984,-0.9584693559288979,-0.295860477161677,-0.13030706418339116,-0.21213204,-0.21213204,2
693,0.637796851181984,-0.9584693559288979,-0.295860477161677,-0.13030706418339116,0.33944762970209125,-0.968498902142048,-0.31600637319126973,-0.00355244396282158,-0.3,0.0,7
694,0.33944762970209125,-0.968498902142048,-0.31600637319126973,-0.00355244396282158,0.06997200543284415,-0.8237258368611337,-0.2649953607340716,0.13997639364360012,-0.21213204,0.21213204,4
695,0.06997200543284415,-0.8237258368611337,-0.2649953607340716,0.13997639364360012,-0.19410698398649695,-0.9484016728401186,-0.2726102051561687,-0.12878459085744554,-0.21213204,-0.21213204,2
696,-0.19410698398649695,-0.9484016728401186,-0.2726102051561687,-0.12878459085744554,-0.4677266078412533,-1.0985495863437653,-0.26803624090200634,-0.152367457167995,-0.21213204,-0.21213204,2
697,-0.4677266078412533,-1.0985495863437653,-0.26803624090200634,-0.152367457167995,-0.7295413333535195,-1.2480245964288712,-0.2626041011986929,-0.15018012888186386,-0.21213204,-0.21213204,2
698,-0.7295413333535195,-1.2480245964288712,-0.2626041011986929,-0.15018012888186386,-0.48425079821348194,-1.2687520624160769,0.2673114779748212,0.002468706478648286,0.3,0.0,3
699,-0.48425079821348194,-1.2687520624160769,0.2673114779748212,0.002468706478648286,-0.42999729436635975,-1.5187036209583284,0.011058410399198401,-0.292981597043948,0.0,-0.3,1
700,-0.42999729436635975,-1.5187036209583284,0.011058410399198401,-0.292981597043948,-0.6636598504424096,-1.707647047305107,-0.27189401677649416,-0.1607352315342218,-0.21213204,-0.21213204,2
701,-0.6636598504424096,-1.707647047305107,-0.27189401677649416,-0.1607352315342218,-0.48650427492856985,-1.596203267335892,0.27370788333302243,0.13978790767038848,0.21213204,0.21213204,6
702,-0.48650427492856985,-1.596203267335892,0.27370788333302243,0.13978790767038848,-0.23202172654867176,-1.7263236117362974,0.27247487235686707,-0.14405409577413275,0.21213204,-0.21213204,8
703,-0.23202172654867176,-1.7263236117362974,0.27247487235686707,-0.14405409577413275,-0.43055053697824486,-1.8701523304700851,-0.2925487650556502,-0.15586864159006455,-0.21213204,-0.21213204,2
704,-0.43055053697824486,-1.8701523304700851,-0.2925487650556502,-0.15586864159006455,-0.4645169568896294,-1.8856200503826144,0.001177999724299731,-0.0010036588013485326,0.0,0.0,0
705,-0.4645169568896294,-1.8856200503826144,0.001177999724299731,-0.0010036588013485326,-0.45034255826473235,-2.1566802270412446,0.021817917323884,-0.2917658791147897,0.0,-0.3,1
706,-0.45034255826473235,-2.1566802270412446,0.021817917323884,-0.2917658791147897,-0.20947439457476139,-2.0580886484622956,0.2841061970314174,0.15679988315100568,0.21213204,0.21213204,6
707,-0.20947439457476139,-2.0580886484622956,0.2841061970314174,0.15679988315100568,-0.17465136183798313,-2.043969815540314,0.0013019967770050121,-0.00022576914001307474,0.0,0.0,0
708,-0.17465136183798313,-2.043969815540314,0.0013019967770050121,-0.00022576914001307474,-0.173805675727129,-1.7723500584363938,-0.006049567605768843,0.32378233772075476,0.0,0.3,5
709,-0.173805675727129,-1.7723500584363938,-0.006049567605768843,0.32378233772075476,-0.17796525987684725,-1.453889728832245,-0.0065405877809857,0.3146067931820222,0.0,0.3,5
710,-0.17796525987684725,-1.453889728832245,-0.0065405877809857,0.3146067931820222,-0.17868348919153215,-1.158132214474678,0.0008643064168387183,0.30755685299766106,0.0,0.3,5
711,-0.17868348919153215,-1.158132214474678,0.0008643064168387183,0.30755685299766106,-0.40906894142031675,-0.9885211942672729,-0.27041744245841165,0.13035401042445455,-0.21213204,0.21213204,4
712,-0.40906894142031675,-0.9885211942672729,-0.27041744245841165,0.13035401042445455,-0.211873171338439,-1.0984080509901049,0.28021917823436454,-0.14526735370026908,0.21213204,-0.21213204,8
713,-0.211873171338439,-1.0984080509901049,0.28021917823436454,-0.14526735370026908,-0.17567601813673975,-1.1106422328233718,0.0010683678545821973,0.00018853556713221365,0.0,0.0,0
714,-0.17567601813673975,-1.1106422328233718,0.0010683678545821973,0.00018853556713221365,-0.17825318430364132,-0.8478629615902902,0.005672763578761093,0.303596082603656,0.0,0.3,5
715,-0.17825318430364132,-0.8478629615902902,0.005672763578761093,0.303596082603656,-0.44223750868439676,-0.8195172187447548,-0.2845659358958885,-0.006950928332416166,-0.3,0.0,7
716,-0.44223750868439676,-0.8195172187447548,-0.2845659358958885,-0.006950928332416166,-0.4737983305513859,-1.069757574772835,0.012098771518731139,-0.2836981348878087,0.0,-0.3,1
717,-0.4737983305513859,-1.069757574772835,0.012098771518731139,-0.2836981348878087,-0.6879850776791573,-0.9737120342612267,-0.27163877995355723,0.11998874409289426,-0.21213204,0.21213204,4
718,-0.6879850776791573,-0.9737120342612267,-0.27163877995355723,0.11998874409289426,-0.9412357848882675,-1.1073740861654282,-0.26372721281899875,-0.15505185472739522,-0.21213204,-0.21213204,2
719,-0.9412357848882675,-1.1073740861654282,-0.26372721281899875,-0.15505185472739522,-0.9599273389935494,-1.3685035405874253,0.021338803465719935,-0.28376115704838045,0.0,-0.3,1
720,-0.9599273389935494,-1.3685035405874253,0.021338803465719935,-0.28376115704838045,-0.7249521400928498,-1.273469967341423,0.2870523680407988,0.1397985546779556,0.21213204,0.21213204,6
721,-0.7249521400928498,-1.273469967341423,0.2870523680407988,0.1397985546779556,-0.43510579203963284,-1.1282360627651216,0.27346373934269086,0.17270383010341114,0.21213204,0.21213204,6
722,-0.43510579203963284,-1.1282360627651216,0.27346373934269086,0.17270383010341114,-0.39698179001808165,-1.113862682747841,8.706808222440148e-05,6.746215963012359e-05,0.0,0.0,0
723,-0.39698179001808165,-1.113862682747841,8.706808222440148e-05,6.746215963012359e-05,-0.6357055323719979,-0.993331621193886,-0.2633923545029694,0.1308293150805769,-0.21213204,0.21213204,4
724,-0.6357055323719979,-0.993331621193886,-0.2633923545029694,0.1308293150805769,-0.4357695377528668,-0.8547212302684783,0.2851293837939458,0.15159444628199026,0.21213204,0.21213204,6
725,-0.4357695377528668,-0.8547212302684783,0.2851293837939458,0.15159444628199026,-0.17846359709203247,-0.9927869783997537,0.27638630381784496,-0.1316973356764522,0.21213204,-0.21213204,8
726,-0.17846359709203247,-0.9927869783997537,0.27638630381784496,-0.1316973356764522,0.07908926450163126,-0.851294547367096,0.28325305423464575,0.15184078971590653,0.21213204,0.21213204,6
727,0.07908926450163126,-0.851294547367096,0.28325305423464575,0.15184078971590653,0.3461663451910019,-0.9690301948904991,0.2673606281875121,-0.1376205918456652,0.21213204,-0.21213204,8
728,0.3461663451910019,-0.9690301948904991,0.2673606281875121,-0.1376205918456652,0.3792900181949139,-0.9811441719770433,-0.0008535051087054867,0.00011450409974200015,0.0,0.0,0
729,0.3792900181949139,-0.9811441719770433,-0.0008535051087054867,0.00011450409974200015,0.1018824957624078,-0.9822731184959411,-0.28705194571527803,-0.0020926121266500175,-0.3,0.0,7
730,0.1018824957624078,-0.9822731184959411,-0.28705194571527803,-0.0020926121266500175,-0.17525486923456193,-1.1206878559350968,-0.28588402769506055,-0.14507821550917882,-0.21213204,-0.21213204,2
731,-0.17525486923456193,-1.1206878559350968,-0.28588402769506055,-0.14507821550917882,-0.4360465880930424,-0.9978627422451973,-0.2830918144357392,0.14677905218566348,-0.21213204,0.21213204,4
732,-0.4360465880930424,-0.9978627422451973,-0.2830918144357392,0.14677905218566348,-0.23614579569101335,-0.8555155708074571,0.2786667467160833,0.14000484009565586,0.21213204,0.21213204,6
733,-0.23614579569101335,-0.8555155708074571,0.2786667467160833,0.14000484009565586,-0.188071749702096,-0.5862528608083726,0.004667205357226103,0.29841434044310344,0.0,0.3,5
734,-0.188071749702096,-0.5862528608083726,0.004667205357226103,0.29841434044310344,0.05199683609902859,-0.4069105871975422,0.2969959686047896,0.15038353441940816,0.21213204,0.21213204,6
735,0.05199683609902859,-0.4069105871975422,0.2969959686047896,0.15038353441940816,0.32882766754031184,-0.5372269788742065,0.2906954242097698,-0.14152425569580518,0.21213204,-0.21213204,8
736,0.32882766754031184,-0.5372269788742065,0.2906954242097698,-0.14152425569580518,0.5914903936862946,-0.4056032774090767,0.2709590413161892,0.14522363229853935,0.21213204,0.21213204,6
737,0.5914903936862946,-0.4056032774090767,0.2709590413161892,0.14522363229853935,0.8737971630454063,-0.2539468408882618,0.27682140124484705,0.1631875958211163,0.21213204,0.21213204,6
738,0.8737971630454063,-0.2539468408882618,0.27682140124484705,0.1631875958211163,0.9189344048380852,-0.48495645232200624,0.009416519561542725,-0.3142721715519546,0.0,-0.3,1
739,0.9189344048380852,-0.48495645232200624,0.009416519561542725,-0.3142721715519546,0.6867261170506478,-0.38557297516465194,-0.2819018882689113,0.1459119445476857,-0.21213204,0.21213204,4
740,0.6867261170506478,-0.38557297516465194,-0.2819018882689113,0.1459119445476857,0.6457175946593284,-0.37366734653115274,-0.00036978660159970705,0.0002083377291408318,0.0,0.0,0
741,0.6457175946593284,-0.37366734653115274,-0.00036978660159970705,0.0002083377291408318,0.4009163465976715,-0.5087243443727493,-0.27946469226558374,-0.16275576846463247,-0.21213204,-0.21213204,2
742,0.4009163465976715,-0.5087243443727493,-0.27946469226558374,-0.16275576846463247,0.12912319675683975,-0.657007815527916,-0.27540942494552734,-0.13781731893181737,-0.21213204,-0.21213204,2
743,0.12912319675683975,-0.657007815527916,-0.27540942494552734,-0.13781731893181737,0.09220634125769138,-0.4212883147895336,0.01669519545244136,0.29807058235103623,0.0,0.3,5
744,0.09220634125769138,-0.4212883147895336,0.01669519545244136,0.29807058235103623,0.33351195437908177,-0.5157696059107781,0.29560934540314365,-0.1276870092796017,0.21213204,-0.21213204,8
745,0.33351195437908177,-0.5157696059107781,0.29560934540314365,-0.1276870092796017,0.37292509342432023,-0.7774286415219307,-0.0018927601185010528,-0.2761072902227347,0.0,-0.3,1
746,0.37292509342432023,-0.7774286415219307,-0.0018927601185010528,-0.2761072902227347,0.14160246841311455,-0.6788544386863709,-0.2717765804432543,0.14462082454716,-0.21213204,0.21213204,4
747,0.14160246841311455,-0.6788544386863709,-0.2717765804432543,0.14462082454716,-0.14815307330489158,-0.6674225028157235,-0.29637197055727776,-0.0022572848584559834,-0.3,0.0,7
748,-0.14815307330489158,-0.6674225028157235,-0.29637197055727776,-0.0022572848584559834,-0.1877440623909235,-0.4203567317545414,0.007023713992482006,0.30062187635412063,0.0,0.3,5
749,-0.1877440623909235,-0.4203567317545414,0.007023713992482006,0.30062187635412063,-0.4167244465529919,-0.5199066613078117,-0.27739881771863817,-0.1497870899937318,-0.21213204,-0.21213204,2
750,-0.4167244465529919,-0.5199066613078117,-0.27739881771863817,-0.1497870899937318,-0.22390011542737484,-0.6685510795593261,0.2817951240741967,-0.14647266289010968,0.21213204,-0.21213204,8
751,-0.22390011542737484,-0.6685510795593261,0.2817951240741967,-0.14647266289010968,-0.18631540135443211,-0.9290298433780672,0.00658188469585992,-0.26802576250330995,0.0,-0.3,1
752,-0.18631540135443211,-0.9290298433780672,0.00658188469585992,-0.26802576250330995,-0.18753922825455666,-1.21233049492836,0.002428358184716813,-0.2892237346466505,0.0,-0.3,1
753,-0.18753922825455666,-1.21233049492836,0.002428358184716813,-0.2892237346466505,0.0794459737494588,-1.2427787761211395,0.2692810540197644,-0.006149730194910061,0.3,0.0,3
754,0.0794459737494588,-1.2427787761211395,0.2692810540197644,-0.006149730194910061,-0.11623119801580907,-1.3611921530485154,-0.2811560221668239,-0.14411171697157993,-0.21213204,-0.21213204,2
755,-0.11623119801580907,-1.3611921530485154,-0.2811560221668239,-0.14411171697157993,0.07163005001842976,-1.2549864536523818,0.2757867772607573,0.13424390897300917,0.21213204,0.21213204,6
756,0.07163005001842976,-1.2549864536523818,0.2757867772607573,0.13424390897300917,0.3398667322576046,-1.3806962051153184,0.26690134630205986,-0.1640096868703382,0.21213204,-0.21213204,8
757,0.3398667322576046,-1.3806962051153184,0.26690134630205986,-0.1640096868703382,0.367903159314394,-1.1465060294151308,-0.009528025005087756,0.29160143242708425,0.0,0.3,5
758,0.367903159314394,-1.1465060294151308,-0.009528025005087756,0.29160143242708425,0.09879999765306711,-1.1150377463102341,-0.271508879545564,0.0011283916973926524,-0.3,0.0,7
759,0.09879999765306711,-1.1150377463102341,-0.271508879545564,0.0011283916973926524,0.2839684075057507,-0.9839302353858947,0.2611873190298965,0.15057503026112073,0.21213204,0.21213204,6
760,0.2839684075057507,-0.9839302353858947,0.2611873190298965,0.15057503026112073,0.5787889641761781,-0.9641018029928208,0.299804045533213,0.014131107047417648,0.3,0.0,3
761,0.5787889641761781,-0.9641018029928208,0.299804045533213,0.014131107047417648,0.612894040954113,-1.1903285307168963,-0.008567407065290217,-0.25998534861578765,0.0,-0.3,1
762,0.612894040954113,-1.1903285307168963,-0.008567407065290217,-0.25998534861578765,0.34226094943881036,-1.2184551805496218,-0.2928312347345815,-0.007724662370832137,-0.3,0.0,7
763,0.34226094943881036,-1.2184551805496218,-0.2928312347345815,-0.007724662370832137,0.5206443615198135,-1.0871464500427246,0.2785911499029319,0.1724762229923365,0.21213204,0.21213204,6
764,0.5206443615198135,-1.0871464500427246,0.2785911499029319,0.1724762229923365,0.7969568211674691,-0.9284880568504335,0.28772914103745784,0.16624582481617434,0.21213204,0.21213204,6
765,0.7969568211674691,-0.9284880568504335,0.28772914103745784,0.16624582481617434,1.0934692512512207,-0.9107541934370995,0.29107514199501155,0.0008987636911758488,0.3,0.0,3
766,1.0934692512512207,-0.9107541934370995,0.29107514199501155,0.0008987636911758488,1.3682487877607348,-1.0433048267364502,0.28886414109168823,-0.1420948401837605,0.21213204,-0.21213204,8
767,1.3682487877607348,-1.0433048267364502,0.28886414109168823,-0.1420948401837605,1.4029932228565216,-1.055835674381256,-0.007066537483513071,0.0008691540227666545,0.0,0.0,0
768,1.4029932228565216,-1.055835674381256,-0.007066537483513071,0.0008691540227666545,1.6594806335449221,-1.1810414335012438,0.2931704837085837,-0.1408107997283302,0.21213204,-0.21213204,8
769,1.6594806335449221,-1.1810414335012438,0.2931704837085837,-0.1408107997283302,1.696125139451027,-1.1924233967781066,0.0012922540248177668,-0.0003823460339946656,0.0,0.0,0
770,1.696125139451027,-1.1924233967781066,0.0012922540248177668,-0.0003823460339946656,1.9464288394689562,-1.061240627837181,0.2846799794998904,0.16038603641898988,0.21213204,0.21213204,6
771,1.9464288394689562,-1.061240627837181,0.2846799794998904,0.16038603641898988,1.7493456875324251,-1.1624067051887512,-0.27054490925775393,-0.13786320674292107,-0.21213204,-0.21213204,2
772,1.7493456875324251,-1.1624067051887512,-0.27054490925775393,-0.13786320674292107,1.7114808763027192,-1.1753958293437958,-0.00012415854422941753,0.0002208757497688202,0.0,0.0,0
773,1.7114808763027192,-1.1753958293437958,-0.00012415854422941753,0.0002208757497688202,1.4650918970584872,-1.3056445261716842,-0.26905520642428715,-0.14490899120708026,-0.21213204,-0.21213204,2
774,1.4650918970584872,-1.3056445261716842,-0.26905520642428715,-0.14490899120708026,1.6613040804386139,-1.1904733950376514,0.2876780959334846,0.16112033341615323,0.21213204,0.21213204,6
775,1.6613040804386139,-1.1904733950376514,0.2876780959334846,0.16112033341615323,1.4691870609760285,-1.0470974125862123,-0.27469736438716025,0.1405327813984908,-0.21213204,0.21213204,4
776,1.4691870609760285,-1.0470974125862123,-0.27469736438716025,0.1405327813984908,1.1890598702192308,-0.900564383816719,-0.28523910615299364,0.15273048840498887,-0.21213204,0.21213204,4
777,1.1890598702192308,-0.900564383816719,-0.28523910615299364,0.15273048840498887,1.378397596549988,-0.7470919234991074,0.2629672015509471,0.13632880618583254,0.21213204,0.21213204,6
778,1.378397596549988,-0.7470919234991074,0.2629672015509471,0.13632880618583254,1.4362583212852478,-0.9774685811877251,0.030440047968903282,-0.2675002270962371,0.0,-0.3,1
779,1.4362583212852478,-0.9774685811877251,0.030440047968903282,-0.2675002270962371,1.6825435945749283,-1.147119349217415,0.29325942283521056,-0.14527383379485506,0.21213204,-0.21213204,8
780,1.6825435945749283,-1.147119349217415,0.29325942283521056,-0.14527383379485506,1.962611493730545,-1.2877006036520005,0.28026895544759906,-0.13959010558602433,0.21213204,-0.21213204,8
781,1.962611493730545,-1.2877006036520005,0.28026895544759906,-0.13959010558602433,2.0084300956726078,-1.0551061412334444,0.004064408285797156,0.29713432306298154,0.0,0.3,5
782,2.0084300956726078,-1.0551061412334444,0.004064408285797156,0.29713432306298154,2.005450759029389,-0.765138034439087,-0.005639870409494893,0.2885624565295303,0.0,0.3,5
783,2.005450759029389,-0.765138034439087,-0.005639870409494893,0.2885624565295303,1.7714461625576021,-0.6050027110457421,-0.27218353130522377,0.13710405999905628,-0.21213204,0.21213204,4
784,1.7714461625576021,-0.6050027110457421,-0.27218353130522377,0.13710405999905628,1.9637813784837723,-0.7282745505213738,0.2885311833599079,-0.15714779878672952,0.21213204,-0.21213204,8
785,1.9637813784837723,-0.7282745505213738,0.2885311833599079,-0.15714779878672952,1.991897486591339,-1.0021644837021828,0.008740245541672919,-0.2939705076438964,0.0,-0.3,1
786,1.991897486591339,-1.0021644837021828,0.008740245541672919,-0.2939705076438964,2.002377658843994,-1.29124310836792,0.0018838284327625026,-0.2887172062186063,0.0,-0.3,1
787,2.002377658843994,-1.29124310836792,0.0018838284327625026,-0.2887172062186063,2.0073777229785916,-1.0752215852737428,0.0025665075138983622,0.30574143514730767,0.0,0.3,5
788,2.0073777229785916,-1.0752215852737428,0.0025665075138983622,0.30574143514730767,2.0073018151760103,-1.043897596025467,-0.004654810691717855,0.0003642908873850799,0.0,0.0,0
789,2.0073018151760103,-1.043897596025467,-0.004654810691717855,0.0003642908873850799,2.011622748374939,-1.3044644680738449,-0.0009156907498662154,-0.29109674307486905,0.0,-0.3,1
790,2.011622748374939,-1.3044644680738449,-0.0009156907498662154,-0.29109674307486905,1.7778176445007325,-1.4787033952236177,-0.2757747820035174,-0.1316667366849229,-0.21213204,-0.21213204,2
791,1.7778176445007325,-1.4787033952236177,-0.2757747820035174,-0.1316667366849229,1.5120521982431412,-1.3533280881881715,-0.2716290575179119,0.13474192248355008,-0.21213204,0.21213204,4
792,1.5120521982431412,-1.3533280881881715,-0.2716290575179119,0.13474192248355008,1.71008277528286,-1.4618619110345843,0.2770701898231715,-0.13958547880893019,0.21213204,-0.21213204,8
793,1.71008277528286,-1.4618619110345843,0.2770701898231715,-0.13958547880893019,1.9729509306669235,-1.326185589170456,0.2684054759400571,0.15255188801640768,0.21213204,0.21213204,6
794,1.9729509306669235,-1.326185589170456,0.2684054759400571,0.15255188801640768,1.7376322935819626,-1.3047574017047883,-0.2542454042643819,-0.000821191974571468,-0.3,0.0,7
795,1.7376322935819626,-1.3047574017047883,-0.2542454042643819,-0.000821191974571468,1.930709835314751,-1.1766259634256364,0.27531773389387687,0.14663872651368004,0.21213204,0.21213204,6
796,1.930709835314751,-1.1766259634256364,0.27531773389387687,0.14663872651368004,1.735215253353119,-1.0282810718774795,-0.2578593495201228,0.1298491523974498,-0.21213204,0.21213204,4
797,1.735215253353119,-1.0282810718774795,-0.2578593495201228,0.1298491523974498,1.4768502014160156,-1.156399007630348,-0.25312482306068584,-0.14208144055803756,-0.21213204,-0.21213204,2
798,1.4768502014160156,-1.156399007630348,-0.25312482306068584,-0.14208144055803756,1.2070957064628602,-1.0265431854486466,-0.28320713639952844,0.15570023415027812,-0.21213204,0.21213204,4
799,1.2070957064628602,-1.0265431854486466,-0.28320713639952844,0.15570023415027812,1.167494055056572,-0.7525039459824562,0.015706945701039195,0.2973112224070594,0.0,0.3,5
800,1.167494055056572,-0.7525039459824562,0.015706945701039195,0.2973112224070594,0.9359108372807503,-0.8570886630773545,-0.2648518500609132,-0.13963386226361324,-0.21213204,-0.21213204,2
801,0.9359108372807503,-0.8570886630773545,-0.2648518500609132,-0.13963386226361324,0.6578232546806336,-0.9932509468436241,-0.2805595110718044,-0.1165506690913114,-0.21213204,-0.21213204,2
802,0.6578232546806336,-0.9932509468436241,-0.2805595110718044,-0.1165506690913114,0.35793115252256397,-1.0002122112035752,-0.2911501909966384,-0.0003392294599304296,-0.3,0.0,7
803,0.35793115252256397,-1.0002122112035752,-0.2911501909966384,-0.0003392294599304296,0.5432580233573915,-0.867363898050785,0.2720983305782744,0.16980764096880455,0.21213204,0.21213204,6
804,0.5432580233573915,-0.867363898050785,0.2720983305782744,0.16980764096880455,0.5762476766705513,-0.5881541615605355,-0.001993717272422694,0.3005614051526709,0.0,0.3,5
805,0.5762476766705513,-0.5881541615605355,-0.001993717272422694,0.3005614051526709,0.34422910200357437,-0.6858893109679222,-0.2758352568418146,-0.1420874292367889,-0.21213204,-0.21213204,2
806,0.34422910200357437,-0.6858893109679222,-0.2758352568418146,-0.1420874292367889,0.310412757319212,-0.4539948961675167,0.020388170953663517,0.29733146533546206,0.0,0.3,5
807,0.310412757319212,-0.4539948961675167,0.020388170953663517,0.29733146533546206,0.31556851636171346,-0.1657933966904879,0.011731556941844709,0.2761712745584494,0.0,0.3,5
808,0.31556851636171346,-0.1657933966904879,0.011731556941844709,0.2761712745584494,0.5596588815093041,0.022211636285483838,0.29166867830811927,0.16164855534439998,0.21213204,0.21213204,6
809,0.5596588815093041,0.022211636285483838,0.29166867830811927,0.16164855534439998,0.8232348388195039,-0.1083938165381551,0.2660473281342774,-0.11851907472662554,0.21213204,-0.21213204,8
810,0.8232348388195039,-0.1083938165381551,0.2660473281342774,-0.11851907472662554,0.8671051891565325,0.1289709194377065,0.008644268974365587,0.30135216068486215,0.0,0.3,5
811,0.8671051891565325,0.1289709194377065,0.008644268974365587,0.30135216068486215,0.8685664980649949,0.1589071892142296,-0.0027741977553413792,0.0018147727977587346,0.0,0.0,0
812,0.8685664980649949,0.1589071892142296,-0.0027741977553413792,0.0018147727977587346,1.1156010158538818,0.2885919565200806,0.28628510544489055,0.14628781815229902,0.21213204,0.21213204,6
813,1.1156010158538818,0.2885919565200806,0.28628510544489055,0.14628781815229902,0.8810773230075837,0.31208857029080395,-0.26533454820412994,0.002380030886271565,-0.3,0.0,7
814,0.8810773230075837,0.31208857029080395,-0.26533454820412994,0.002380030886271565,1.0769247678995133,0.44188405880928044,0.28982424006056673,0.1501765649590176,0.21213204,0.21213204,6
815,1.0769247678995133,0.44188405880928044,0.28982424006056673,0.1501765649590176,0.8429341425776482,0.467551042842865,-0.2740935396752417,0.008160500855390829,-0.3,0.0,7
816,0.8429341425776482,0.467551042842865,-0.2740935396752417,0.008160500855390829,1.0804222435712814,0.4694635132074356,0.2663969724994312,-0.0001458905469093614,0.3,0.0,3
817,1.0804222435712814,0.4694635132074356,0.2663969724994312,-0.0001458905469093614,1.3512351348161697,0.34319019811749457,0.2848036707018605,-0.12571617803077578,0.21213204,-0.21213204,8
818,1.3512351348161697,0.34319019811749457,0.2848036707018605,-0.12571617803077578,1.148088243508339,0.45489312259554865,-0.2781489176761509,0.14797057345660541,-0.21213204,0.21213204,4
819,1.148088243508339,0.45489312259554865,-0.2781489176761509,0.14797057345660541,1.1176485493659976,0.7266243399500847,-0.0074188016964997945,0.3045054467552416,0.0,0.3,5
820,1.1176485493659976,0.7266243399500847,-0.0074188016964997945,0.3045054467552416,0.8494596292614937,0.7526206779718401,-0.27090736428248824,-0.008984156357158157,-0.3,0.0,7
821,0.8494596292614937,0.7526206779718401,-0.27090736428248824,-0.008984156357158157,0.8131436869978905,0.982499303007126,0.0050464076142359895,0.25706558896538695,0.0,0.3,5
822,0.8131436869978905,0.982499303007126,0.0050464076142359895,0.25706558896538695,1.051684220123291,0.8737187303423882,0.2859861991462923,-0.1541231338466618,0.21213204,-0.21213204,8
823,1.051684220123291,0.8737187303423882,0.2859861991462923,-0.1541231338466618,0.8626970026373864,0.9716504303932191,-0.28511672462176996,0.12135108678409368,-0.21213204,0.21213204,4
824,0.8626970026373864,0.9716504303932191,-0.28511672462176996,0.12135108678409368,0.5736272444367408,1.1087364305734635,-0.29303967082222265,0.1430126572437495,-0.21213204,0.21213204,4
825,0.5736272444367408,1.1087364305734635,-0.29303967082222265,0.1430126572437495,0.27396235225200655,1.258106096315384,-0.28889880396298606,0.14142489168298875,-0.21213204,0.21213204,4
826,0.27396235225200655,1.258106096315384,-0.28889880396298606,0.14142489168298875,0.23947832207381725,1.524688139128685,0.02613973434715031,0.3022956675454986,0.0,0.3,5
827,0.23947832207381725,1.524688139128685,0.02613973434715031,0.3022956675454986,0.25854081042408944,1.8248802882671356,0.014549958840764045,0.3186075226037936,0.0,0.3,5
828,0.25854081042408944,1.8248802882671356,0.014549958840764045,0.3186075226037936,0.507218531870842,2.012414094734192,0.28037009530422696,0.14582619942916744,0.21213204,0.21213204,6
829,0.507218531870842,2.012414094734192,0.28037009530422696,0.14582619942916744,0.776215981733799,1.8800047226667407,0.2811169300318358,-0.13497609612961714,0.21213204,-0.21213204,8
830,0.776215981733799,1.8800047226667407,0.2811169300318358,-0.13497609612961714,0.5903233261108399,2.00259169485569,-0.2597579170740976,0.15396038507530158,-0.21213204,0.21213204,4
831,0.5903233261108399,2.00259169485569,-0.2597579170740976,0.15396038507530158,0.8364423688650131,2.0265828271865844,0.2661728890437741,0.001168387293455213,0.3,0.0,3
832,0.8364423688650131,2.0265828271865844,0.2661728890437741,0.001168387293455213,0.6562185850501061,1.901746846342087,-0.2661241836166895,-0.1521671904435789,-0.21213204,-0.21213204,2
833,0.6562185850501061,1.901746846342087,-0.2661241836166895,-0.1521671904435789,0.6240552508592606,2.149874336767197,0.021480152545213786,0.31804290726501716,0.0,0.3,5
834,0.6240552508592606,2.149874336767197,0.021480152545213786,0.31804290726501716,0.3663760229468346,2.1815929369926454,-0.2727836545981894,-0.005855767024940901,-0.3,0.0,7
835,0.3663760229468346,2.1815929369926454,-0.2727836545981894,-0.005855767024940901,0.09992042535990478,2.032870806455612,-0.24968473741598732,-0.14546395420024374,-0.21213204,-0.21213204,2
836,0.09992042535990478,2.032870806455612,-0.24968473741598732,-0.14546395420024374,0.31018588727712637,1.8895088813304903,0.29577182132885066,-0.13445215183502865,0.21213204,-0.21213204,8
837,0.31018588727712637,1.8895088813304903,0.29577182132885066,-0.13445215183502865,0.5815536581158638,2.0331452796936036,0.28930897256397625,0.15245357836688517,0.21213204,0.21213204,6
838,0.5815536581158638,2.0331452796936036,0.28930897256397625,0.15245357836688517,0.6400363541841506,1.7959582983732223,-0.016729160570828766,-0.30324545606407893,0.0,-0.3,1
839,0.6400363541841506,1.7959582983732223,-0.016729160570828766,-0.30324545606407893,0.9102530017971993,1.768759542512894,0.2742951903434758,0.008613180640609766,0.3,0.0,3
840,0.9102530017971993,1.768759542512894,0.2742951903434758,0.008613180640609766,1.1892217134952545,1.644233748793602,0.27414683916059895,-0.11194280749533966,0.21213204,-0.21213204,8
841,1.1892217134952545,1.644233748793602,0.27414683916059895,-0.11194280749533966,1.2415154611825945,1.8983371888637544,0.013886613785515936,0.3063699303755613,0.0,0.3,5
842,1.2415154611825945,1.8983371888637544,0.013886613785515936,0.3063699303755613,1.4817076420307163,1.8109014652729034,0.29419728193650146,-0.13880851906261332,0.21213204,-0.21213204,8
843,1.4817076420307163,1.8109014652729034,0.29419728193650146,-0.13880851906261332,1.516604272723198,1.8001987436771394,0.00019437641280831692,2.199506384771366e-05,0.0,0.0,0
844,1.516604272723198,1.8001987436771394,0.00019437641280831692,2.199506384771366e-05,1.243404004049301,1.8016074262619017,-0.31324328633720017,0.001493940952110483,-0.3,0.0,7
845,1.243404004049301,1.8016074262619017,-0.31324328633720017,0.001493940952110483,1.1998923912525177,1.8025611374378205,0.00040457938398590955,0.00013110792077043948,0.0,0.0,0
846,1.1998923912525177,1.8025611374378205,0.00040457938398590955,0.00013110792077043948,0.9264249900341035,1.804819614982605,-0.2715170416378497,0.004033107085525466,-0.3,0.0,7
847,0.9264249900341035,1.804819614982605,-0.2715170416378497,0.004033107085525466,1.1182220610618592,1.693377634716034,0.26689154250004254,-0.12211629746854276,0.21213204,-0.21213204,8
848,1.1182220610618592,1.693377634716034,0.26689154250004254,-0.12211629746854276,1.1555768426179887,1.4387831394433976,0.00949838157918953,-0.2847216826625674,0.0,-0.3,1
849,1.1555768426179887,1.4387831394433976,0.00949838157918953,-0.2847216826625674,1.3854435545921326,1.5462121566772462,0.2890978151349797,0.15965071956084764,0.21213204,0.21213204,6
850,1.3854435545921326,1.5462121566772462,0.2890978151349797,0.15965071956084764,1.667867284345627,1.4219090280771256,0.2898417995899906,-0.13670001592189765,0.21213204,-0.21213204,8
851,1.667867284345627,1.4219090280771256,0.2898417995899906,-0.13670001592189765,1.9703648429632188,1.417924379324913,0.292290950890851,0.0062663070566707415,0.3,0.0,3
852,1.9703648429632188,1.417924379324913,0.292290950890851,0.0062663070566707415,2.2393171071529387,1.2744350521802903,0.27187107713774566,-0.15499151785648338,0.21213204,-0.21213204,8
853,2.2393171071529387,1.2744350521802903,0.27187107713774566,-0.15499151785648338,2.050081935787201,1.108518899345398,-0.27005029458270535,-0.16277328599853352,-0.21213204,-0.21213204,2
854,2.050081935787201,1.108518899345398,-0.27005029458270535,-0.16277328599853352,1.7882320061922075,1.237409139418602,-0.28311566665273835,0.15650820922391262,-0.21213204,0.21213204,4
855,1.7882320061922075,1.237409139418602,-0.28311566665273835,0.15650820922391262,1.7675551792860031,1.5087966137886049,-0.004038121133331098,0.26894526147249587,0.0,0.3,5
856,1.7675551792860031,1.5087966137886049,-0.004038121133331098,0.26894526147249587,1.5406331159591677,1.407432568883896,-0.2491288827384956,-0.14424403285035914,-0.21213204,-0.21213204,2
857,1.5406331159591677,1.407432568883896,-0.2491288827384956,-0.14424403285035914,1.2695162424325945,1.2564901322364808,-0.26801220795062936,-0.1676606528515671,-0.21213204,-0.21213204,2
858,1.2695162424325945,1.2564901322364808,-0.26801220795062936,-0.1676606528515671,1.4627177927255632,1.0922961186408997,0.2877979179532188,-0.15401747806548455,0.21213204,-0.21213204,8
859,1.4627177927255632,1.0922961186408997,0.2877979179532188,-0.15401747806548455,1.275953862309456,1.189228008246422,-0.2779729649989207,0.12577908077636513,-0.21213204,0.21213204,4
860,1.275953862309456,1.189228008246422,-0.2779729649989207,0.12577908077636513,1.5176186683416368,1.204346974873543,0.27233334835412726,0.0009563606038864223,0.3,0.0,3
861,1.5176186683416368,1.204346974873543,0.27233334835412726,0.0009563606038864223,1.2887017424583436,1.1964455657958983,-0.26949117950698664,-0.0035428916983388965,-0.3,0.0,7
862,1.2887017424583436,1.1964455657958983,-0.26949117950698664,-0.0035428916983388965,1.0175711382865906,1.0367741076469421,-0.2641854231773243,-0.14988864953688652,-0.21213204,-0.21213204,2
863,1.0175711382865906,1.0367741076469421,-0.2641854231773243,-0.14988864953688652,0.9846762877702713,1.2484106281518936,0.005835573246920798,0.2623333838668427,0.0,0.3,5
864,0.9846762877702713,1.2484106281518936,0.005835573246920798,0.2623333838668427,0.7129954965949059,1.2725394429206849,-0.2869984686099346,-0.0032796040807627335,-0.3,0.0,7
865,0.7129954965949059,1.2725394429206849,-0.2869984686099346,-0.0032796040807627335,0.6523156532764436,1.0227429045677185,-0.01584066681605057,-0.2974569905116365,0.0,-0.3,1
866,0.6523156532764436,1.0227429045677185,-0.01584066681605057,-0.2974569905116365,0.8838247718691825,0.8361302680492402,0.2760871869323671,-0.14380911352411288,0.21213204,-0.21213204,8
867,0.8838247718691825,0.8361302680492402,0.2760871869323671,-0.14380911352411288,0.9371481988310815,1.047068727350235,0.015014348634620214,0.2611790021337444,0.0,0.3,5
868,0.9371481988310815,1.047068727350235,0.015014348634620214,0.2611790021337444,1.1766559743642808,0.9403245315909385,0.2705097558075687,-0.14970578206585433,0.21213204,-0.21213204,8
869,1.1766559743642808,0.9403245315909385,0.2705097558075687,-0.14970578206585433,1.2104764248609543,0.6614296239972115,0.00025683795678148953,-0.2936401708458384,0.0,-0.3,1
870,1.2104764248609543,0.6614296239972115,0.00025683795678148953,-0.2936401708458384,1.4363529175281524,0.7619148560404778,0.2735173716478014,0.1428317649991666,0.21213204,0.21213204,6
871,1.4363529175281524,0.7619148560404778,0.2735173716478014,0.1428317649991666,1.7002125760793685,0.6337360163927079,0.28607179301300983,-0.16159105694014925,0.21213204,-0.21213204,8
872,1.7002125760793685,0.6337360163927079,0.28607179301300983,-0.16159105694014925,1.463011056804657,0.6129031340956688,-0.2659435719742564,0.0020741952244845347,-0.3,0.0,7
873,1.463011056804657,0.6129031340956688,-0.2659435719742564,0.0020741952244845347,1.1867719789266589,0.7520397654294969,-0.28916277724379474,0.15048360199388358,-0.21213204,0.21213204,4
874,1.1867719789266589,0.7520397654294969,-0.28916277724379474,0.15048360199388358,0.906339926993847,0.8827628881931304,-0.2757208379516194,0.12972888089048942,-0.21213204,0.21213204,4
875,0.906339926993847,0.8827628881931304,-0.2757208379516194,0.12972888089048942,0.8504912395834924,0.6423718311190607,-0.012719628250722544,-0.3075385141404128,0.0,-0.3,1
876,0.8504912395834924,0.6423718311190607,-0.012719628250722544,-0.3075385141404128,0.5829222347378731,0.6098416001796723,-0.2929041493199454,0.0029342166924359453,-0.3,0.0,7
877,0.5829222347378731,0.6098416001796723,-0.2929041493199454,0.0029342166924359453,0.7722821443200112,0.4895916991651058,0.28197525268739926,-0.13091849236765485,0.21213204,-0.21213204,8
878,0.7722821443200112,0.4895916991651058,0.28197525268739926,-0.13091849236765485,0.8074155131340027,0.23015159898400306,0.001139846924029278,-0.26195285426459336,0.0,-0.3,1
879,0.8074155131340027,0.23015159898400306,0.001139846924029278,-0.26195285426459336,0.5793483352422715,0.06212621349543334,-0.2588768460971531,-0.13483260973647287,-0.21213204,-0.21213204,2
880,0.5793483352422715,0.06212621349543334,-0.2588768460971531,-0.13483260973647287,0.7723207586407662,-0.0936272898733616,0.2548538333309687,-0.15203708471410027,0.21213204,-0.21213204,8
881,0.7723207586407662,-0.0936272898733616,0.2548538333309687,-0.15203708471410027,1.0675845432281494,-0.09998361966311932,0.29173281305800514,0.007368458283578874,0.3,0.0,3
882,1.0675845432281494,-0.09998361966311932,0.29173281305800514,0.007368458283578874,1.1000980577230453,-0.10099463250488043,0.0007037725048483609,-0.010457500844528166,0.0,0.0,0
883,1.1000980577230453,-0.10099463250488043,0.0007037725048483609,-0.010457500844528166,1.1011176212310791,-0.33904055157303814,0.011028980424466515,-0.28469852052084343,0.0,-0.3,1
884,1.1011176212310791,-0.33904055157303814,0.011028980424466515,-0.28469852052084343,1.3692603158950807,-0.36768128193020827,0.26527115613130714,0.00620157593437317,0.3,0.0,3
885,1.3692603158950807,-0.36768128193020827,0.26527115613130714,0.00620157593437317,1.4178097554445268,-0.12420406853258611,0.004275477195863647,0.28842289914338426,0.0,0.3,5
886,1.4178097554445268,-0.12420406853258611,0.004275477195863647,0.28842289914338426,1.4206743434906008,-0.3358629672229291,0.027294402336497027,-0.2916005136702652,0.0,-0.3,1
887,1.4206743434906008,-0.3358629672229291,0.027294402336497027,-0.2916005136702652,1.1881405421257019,-0.5136934492111206,-0.28601044313833923,-0.14395180502258928,-0.21213204,-0.21213204,2
888,1.1881405421257019,-0.5136934492111206,-0.28601044313833923,-0.14395180502258928,0.8923806175708772,-0.5313462517023086,-0.30931502580404646,-0.0005609500311245436,-0.3,0.0,7
889,0.8923806175708772,-0.5313462517023086,-0.30931502580404646,-0.0005609500311245436,1.1321983239650726,-0.533422911298275,0.2593485282074583,0.0007474040997645565,0.3,0.0,3
890,1.1321983239650726,-0.533422911298275,0.2593485282074583,0.0007474040997645565,1.4036682549715043,-0.677611259329319,0.28357240061520844,-0.13699065298913435,0.21213204,-0.21213204,8
891,1.4036682549715043,-0.677611259329319,0.28357240061520844,-0.13699065298913435,1.7019518983125685,-0.691780789577961,0.3021764892197725,0.006729044680314149,0.3,0.0,3
892,1.7019518983125685,-0.691780789577961,0.3021764892197725,0.006729044680314149,1.73569432721138,-0.4563827317237854,-0.018297422620227224,0.257556526864537,0.0,0.3,5
893,1.73569432721138,-0.4563827317237854,-0.018297422620227224,0.257556526864537,1.4672827899932863,-0.43443559808135035,-0.2764845235671482,0.0032983879485164367,-0.3,0.0,7
894,1.4672827899932863,-0.43443559808135035,-0.2764845235671482,0.0032983879485164367,1.195937512755394,-0.584114456999302,-0.27665857929841187,-0.15561255965534404,-0.21213204,-0.21213204,2
895,1.195937512755394,-0.584114456999302,-0.27665857929841187,-0.15561255965534404,1.4356449440240862,-0.6072032784700394,0.26271208664598733,-0.009386851465358524,0.3,0.0,3
896,1.4356449440240862,-0.6072032784700394,0.26271208664598733,-0.009386851465358524,1.2453370319843293,-0.4905355067968369,-0.29245048226749476,0.13832160848406191,-0.21213204,0.21213204,4
897,1.2453370319843293,-0.4905355067968369,-0.29245048226749476,0.13832160848406191,0.9526401317954063,-0.48254300914406784,-0.3091476954733668,-0.0069282150479785184,-0.3,0.0,7
898,0.9526401317954063,-0.48254300914406784,-0.3091476954733668,-0.0069282150479785184,0.693463323199749,-0.6194845608472824,-0.25385959581223533,-0.13176508474874835,-0.21213204,-0.21213204,2
899,0.693463323199749,-0.6194845608472824,-0.25385959581223533,-0.13176508474874835,0.4145411774098874,-0.7640008330821991,-0.26991595056801077,-0.158650246431412,-0.21213204,-0.21213204,2
