,state.pn,state.pe,state.vn,state.ve,next_state.pn,next_state.pe,next_state.vn,next_state.ve,action_vel.vn,action_vel.ve,action
0,-0.036525811579078436,2.1083541345119476,0.00011294159428694695,0.00010755061106464245,0.14576558502316475,2.128870458984375,0.2966677852592894,0.00031495681462794683,0.3,0.0,3
1,0.14576558502316475,2.128870458984375,0.2966677852592894,0.00031495681462794683,-0.07898707940131426,2.124942106199265,-0.24803751968627633,1.6505278378463502e-05,-0.3,0.0,7
2,-0.07898707940131426,2.124942106199265,-0.24803751968627633,1.6505278378463502e-05,0.15167148178815842,2.1252915132522583,0.2465849725543911,-0.0006198242441278895,0.3,0.0,3
3,0.15167148178815842,2.1252915132522583,0.2465849725543911,-0.0006198242441278895,0.19840502973496915,2.1252865771770475,-0.00036890704273395073,0.00015263804218526502,0.0,0.0,0
4,0.19840502973496915,2.1252865771770475,-0.00036890704273395073,0.00015263804218526502,0.20732750828564167,1.8711488315343858,0.018856781397354656,-0.2850203121328118,0.0,-0.3,1
5,0.20732750828564167,1.8711488315343858,0.018856781397354656,-0.2850203121328118,0.4491170596599579,1.9745380966424944,0.2868053257331368,0.1511112732024586,0.21213204,0.21213204,6
6,0.4491170596599579,1.9745380966424944,0.2868053257331368,0.1511112732024586,0.48832624531388286,1.9896002798080448,0.0004923226710492473,0.00012137618905009716,0.0,0.0,0
7,0.48832624531388286,1.9896002798080448,0.0004923226710492473,0.00012137618905009716,0.49734313514828693,1.7280400419473652,0.03165668802084195,-0.29779741562481576,0.0,-0.3,1
8,0.49734313514828693,1.7280400419473652,0.03165668802084195,-0.29779741562481576,0.5239434823155403,1.9489723524808886,0.014485367420280226,0.3041935151409335,0.0,0.3,5
9,0.5239434823155403,1.9489723524808886,0.014485367420280226,0.3041935151409335,0.268739394646883,1.98563111948967,-0.26834089034399394,0.004303460862022182,-0.3,0.0,7
10,0.268739394646883,1.98563111948967,-0.26834089034399394,0.004303460862022182,0.500703785866499,1.9885492619752885,0.24019038859096575,-0.0029938566245030747,0.3,0.0,3
11,0.500703785866499,1.9885492619752885,0.24019038859096575,-0.0029938566245030747,0.808092038846016,1.9924684736728668,0.3143306192362614,0.001603489289971372,0.3,0.0,3
12,0.808092038846016,1.9924684736728668,0.3143306192362614,0.001603489289971372,0.8474050141096116,1.9934207070827485,0.004585531470285405,-0.0022480971258122566,0.0,0.0,0
13,0.8474050141096116,1.9934207070827485,0.004585531470285405,-0.0022480971258122566,0.8570143213391306,1.7519826881170275,0.01569233499137936,-0.2743956500355154,0.0,-0.3,1
14,0.8570143213391306,1.7519826881170275,0.01569233499137936,-0.2743956500355154,0.6502688881397248,1.8603407096147537,-0.2605642521019289,0.17559978602478604,-0.21213204,0.21213204,4
15,0.6502688881397248,1.8603407096147537,-0.2605642521019289,0.17559978602478604,0.6049498551130295,1.638298318552971,0.009339647051183342,-0.2506733072644065,0.0,-0.3,1
16,0.6049498551130295,1.638298318552971,0.009339647051183342,-0.2506733072644065,0.3457164464712143,1.6040293169736861,-0.27480129485247884,-0.0016127827068236709,-0.3,0.0,7
17,0.3457164464712143,1.6040293169736861,-0.27480129485247884,-0.0016127827068236709,0.3015367719054222,1.60405599462986,0.0004251469355330924,0.00010268964658445525,0.0,0.0,0
18,0.3015367719054222,1.60405599462986,0.0004251469355330924,0.00010268964658445525,0.29813525597453117,1.3432506379127502,-0.01315252504954019,-0.30521596827580894,0.0,-0.3,1
19,0.29813525597453117,1.3432506379127502,-0.01315252504954019,-0.30521596827580894,0.27807035135626795,1.0479610095977785,-0.01607575772915813,-0.2945668396543283,0.0,-0.3,1
20,0.27807035135626795,1.0479610095977785,-0.01607575772915813,-0.2945668396543283,0.2851301069140435,0.7467665300011636,0.028423481344961248,-0.3027202721652469,0.0,-0.3,1
21,0.2851301069140435,0.7467665300011636,0.028423481344961248,-0.3027202721652469,0.5548695357561112,0.7086075404763221,0.28015937017210457,-0.0004856276561742022,0.3,0.0,3
22,0.5548695357561112,0.7086075404763221,0.28015937017210457,-0.0004856276561742022,0.3679668275177479,0.5850735509634019,-0.27251846240836763,-0.14905133196704085,-0.21213204,-0.21213204,2
23,0.3679668275177479,0.5850735509634019,-0.27251846240836763,-0.14905133196704085,0.09796033580601216,0.44492781752944,-0.27187450773663996,-0.12921438503797203,-0.21213204,-0.21213204,2
24,0.09796033580601216,0.44492781752944,-0.27187450773663996,-0.12921438503797203,0.2904879697084427,0.3055787467300892,0.28644040097385837,-0.14007301067671146,0.21213204,-0.21213204,8
25,0.2904879697084427,0.3055787467300892,0.28644040097385837,-0.14007301067671146,0.3349844656825066,0.02994342059120536,0.019033092386215394,-0.2976602780232096,0.0,-0.3,1
26,0.3349844656825066,0.02994342059120536,0.019033092386215394,-0.2976602780232096,0.3386337268054485,-0.006068362816609442,0.00013543150949660082,0.0002802799624472723,0.0,0.0,0
27,0.3386337268054485,-0.006068362816609442,0.00013543150949660082,0.0002802799624472723,0.34133167130351066,-0.26291069567203523,0.0009185761715525727,-0.32404534086461567,0.0,-0.3,1
28,0.34133167130351066,-0.26291069567203523,0.0009185761715525727,-0.32404534086461567,0.6079857550024987,-0.3024644051849842,0.2673325856790705,0.0004921956469017758,0.3,0.0,3
29,0.6079857550024987,-0.3024644051849842,0.2673325856790705,0.0004921956469017758,0.4275370630085469,-0.1860266985297203,-0.2749540903285229,0.13766286787620396,-0.21213204,0.21213204,4
30,0.4275370630085469,-0.1860266985297203,-0.2749540903285229,0.13766286787620396,0.3968474299788475,0.07739654865860938,0.0323739315143993,0.29942405548787315,0.0,0.3,5
31,0.3968474299788475,0.07739654865860938,0.0323739315143993,0.29942405548787315,0.6431226984977721,0.26521037512421614,0.2820034867893973,0.14703490864133326,0.21213204,0.21213204,6
32,0.6431226984977721,0.26521037512421614,0.2820034867893973,0.14703490864133326,0.46472789972424505,0.1616275084614754,-0.26702826218510806,-0.1562207724798982,-0.21213204,-0.21213204,2
33,0.46472789972424505,0.1616275084614754,-0.26702826218510806,-0.1562207724798982,0.4268368628203869,0.14523420147001742,0.0004527114560575057,-0.00014194246284268181,0.0,0.0,0
34,0.4268368628203869,0.14523420147001742,0.0004527114560575057,-0.00014194246284268181,0.6759956387281418,0.2841075046360493,0.2741115594635463,0.1431745439144868,0.21213204,0.21213204,6
35,0.6759956387281418,0.2841075046360493,0.2741115594635463,0.1431745439144868,0.938549001300335,0.16265972728431224,0.28048809977910677,-0.13220580600828696,0.21213204,-0.21213204,8
36,0.938549001300335,0.16265972728431224,0.28048809977910677,-0.13220580600828696,0.712626053416729,0.14340374413728715,-0.2511254742527228,0.0073438867347999535,-0.3,0.0,7
37,0.712626053416729,0.14340374413728715,-0.2511254742527228,0.0073438867347999535,0.4478912823736668,0.29541777537465097,-0.2767274976606759,0.14300552528680827,-0.21213204,0.21213204,4
38,0.4478912823736668,0.29541777537465097,-0.2767274976606759,0.14300552528680827,0.40329234712123874,0.08738704872727393,0.009785300952623527,-0.3270909813019094,0.0,-0.3,1
39,0.40329234712123874,0.08738704872727393,0.009785300952623527,-0.3270909813019094,0.6291463153362274,0.19927141037881374,0.2904947172685667,0.16410091934486137,0.21213204,0.21213204,6
40,0.6291463153362274,0.19927141037881374,0.2904947172685667,0.16410091934486137,0.6689861779332161,0.4858198251008988,0.0007362275471440188,0.312267994569687,0.0,0.3,5
41,0.6689861779332161,0.4858198251008988,0.0007362275471440188,0.312267994569687,0.43916283605098727,0.6667045147657394,-0.28076735642614614,0.1461566450016878,-0.21213204,0.21213204,4
42,0.43916283605098727,0.6667045147657394,-0.28076735642614614,0.1461566450016878,0.66917013733387,0.6915235145449639,0.2596207250315915,0.003167642120593203,0.3,0.0,3
43,0.66917013733387,0.6915235145449639,0.2596207250315915,0.003167642120593203,0.9692878765702247,0.6938257019639016,0.3089726215844553,0.005414155850993512,0.3,0.0,3
44,0.9692878765702247,0.6938257019639016,0.3089726215844553,0.005414155850993512,1.2407627477169036,0.5585024716973305,0.27244373107185177,-0.1429744028554776,0.21213204,-0.21213204,8
45,1.2407627477169036,0.5585024716973305,0.27244373107185177,-0.1429744028554776,1.2924678016662599,0.7898467786550523,-0.0016916439055368285,0.2878847151419729,0.0,0.3,5
46,1.2924678016662599,0.7898467786550523,-0.0016916439055368285,0.2878847151419729,1.291349751162529,1.065031804418564,-0.0005300272020665126,0.24736011094193328,0.0,0.3,5
47,1.291349751162529,1.065031804418564,-0.0005300272020665126,0.24736011094193328,1.0296071933746338,1.0872159148693086,-0.26863009566206597,-0.009606767065179449,-0.3,0.0,7
48,1.0296071933746338,1.0872159148693086,-0.26863009566206597,-0.009606767065179449,0.9904431122422218,1.3119010503053665,0.013434232607111624,0.2770698750550085,0.0,0.3,5
49,0.9904431122422218,1.3119010503053665,0.013434232607111624,0.2770698750550085,0.7527424119830133,1.4918158220529558,-0.27085143698904185,0.15321782748390428,-0.21213204,0.21213204,4
50,0.7527424119830133,1.4918158220529558,-0.27085143698904185,0.15321782748390428,0.6883368809342385,1.2671106931924823,-0.016333895869327666,-0.2833598658782512,0.0,-0.3,1
51,0.6883368809342385,1.2671106931924823,-0.016333895869327666,-0.2833598658782512,0.44108607119321824,1.3652362539529803,-0.2999111892655122,0.14814154421343292,-0.21213204,0.21213204,4
52,0.44108607119321824,1.3652362539529803,-0.2999111892655122,0.14814154421343292,0.16775557951927186,1.231809111118317,-0.2830335254796615,-0.14107833387512847,-0.21213204,-0.21213204,2
53,0.16775557951927186,1.231809111118317,-0.2830335254796615,-0.14107833387512847,-0.09248105768412353,1.3570889022111892,-0.26728553425066504,0.12461427712331577,-0.21213204,0.21213204,4
54,-0.09248105768412353,1.3570889022111892,-0.26728553425066504,0.12461427712331577,0.13901955797970295,1.3765746885538102,0.24560605258046064,-0.00021947188051058269,0.3,0.0,3
55,0.13901955797970295,1.3765746885538102,0.24560605258046064,-0.00021947188051058269,0.41043853254914286,1.5256251361370086,0.262078625549437,0.15131572428298545,0.21213204,0.21213204,6
56,0.41043853254914286,1.5256251361370086,0.262078625549437,0.15131572428298545,0.44867941660284993,1.5421662002801897,0.0005168980371881183,8.083807195540077e-05,0.0,0.0,0
57,0.44867941660284993,1.5421662002801897,0.0005168980371881183,8.083807195540077e-05,0.4550773058712483,1.818673142695427,0.02637647484888637,0.3254453687759078,0.0,0.3,5
58,0.4550773058712483,1.818673142695427,0.02637647484888637,0.3254453687759078,0.4572527669966221,1.8585657375335694,-0.0005349066432813426,-0.002521830684049378,0.0,0.0,0
59,0.4572527669966221,1.8585657375335694,-0.0005349066432813426,-0.002521830684049378,0.47861321131587037,1.6036778611660003,0.004439958130669533,-0.2684395402875632,0.0,-0.3,1
60,0.47861321131587037,1.6036778611660003,0.004439958130669533,-0.2684395402875632,0.7012015604496002,1.7160753400802613,0.26640453827634053,0.16470627352882652,0.21213204,0.21213204,6
61,0.7012015604496002,1.7160753400802613,0.26640453827634053,0.16470627352882652,0.517908794105053,1.8710558667182924,-0.27304154229554706,0.14763961880161341,-0.21213204,0.21213204,4
62,0.517908794105053,1.8710558667182924,-0.27304154229554706,0.14763961880161341,0.24776867071390152,2.0219832879543307,-0.25578464123591454,0.1491187774339425,-0.21213204,0.21213204,4
63,0.24776867071390152,2.0219832879543307,-0.25578464123591454,0.1491187774339425,-0.008273770556366071,1.8989550987720492,-0.27929622458354686,-0.14032349572292344,-0.21213204,-0.21213204,2
64,-0.008273770556366071,1.8989550987720492,-0.27929622458354686,-0.14032349572292344,-0.2756147660017014,1.7619359687805176,-0.27251327829197125,-0.14816573577239028,-0.21213204,-0.21213204,2
65,-0.2756147660017014,1.7619359687805176,-0.27251327829197125,-0.14816573577239028,-0.5287408004879952,1.9019678323745728,-0.2719551937086491,0.16922536467999835,-0.21213204,0.21213204,4
66,-0.5287408004879952,1.9019678323745728,-0.2719551937086491,0.16922536467999835,-0.7902888890624047,1.7815948638916017,-0.27197874190347227,-0.144128317107218,-0.21213204,-0.21213204,2
67,-0.7902888890624047,1.7815948638916017,-0.27197874190347227,-0.144128317107218,-1.0601491271972656,1.6325709533452988,-0.26402149646388434,-0.15103752344183355,-0.21213204,-0.21213204,2
68,-1.0601491271972656,1.6325709533452988,-0.26402149646388434,-0.15103752344183355,-1.0968681261539461,1.6155180577039718,2.703212811029892e-05,0.0013228502683251936,0.0,0.0,0
69,-1.0968681261539461,1.6155180577039718,2.703212811029892e-05,0.0013228502683251936,-1.3628632434129715,1.6076886207580567,-0.26794793320781823,-0.00253815988317536,-0.3,0.0,7
70,-1.3628632434129715,1.6076886207580567,-0.26794793320781823,-0.00253815988317536,-1.633884964466095,1.4452381109952928,-0.2552445736645488,-0.1580803261641612,-0.21213204,-0.21213204,2
71,-1.633884964466095,1.4452381109952928,-0.2552445736645488,-0.1580803261641612,-1.454793871164322,1.5404125591516493,0.258682183474552,0.11647319670824526,0.21213204,0.21213204,6
72,-1.454793871164322,1.5404125591516493,0.258682183474552,0.11647319670824526,-1.1915127019405367,1.3955192355871202,0.26392315195150645,-0.16210744681061565,0.21213204,-0.21213204,8
73,-1.1915127019405367,1.3955192355871202,0.26392315195150645,-0.16210744681061565,-0.8955099730730057,1.3802768792867661,0.29215023120377853,0.008239217536449114,0.3,0.0,3
74,-0.8955099730730057,1.3802768792867661,0.29215023120377853,0.008239217536449114,-0.8443565031528474,1.130535410451889,0.0026494297479944147,-0.29223621729954996,0.0,-0.3,1
75,-0.8443565031528474,1.130535410451889,0.0026494297479944147,-0.29223621729954996,-1.1040700731515884,1.086907067680359,-0.2771602638813944,-0.0056375233477028155,-0.3,0.0,7
76,-1.1040700731515884,1.086907067680359,-0.2771602638813944,-0.0056375233477028155,-1.375440935444832,1.2137250228404999,-0.29217701948558156,0.12014079066882455,-0.21213204,0.21213204,4
77,-1.375440935444832,1.2137250228404999,-0.29217701948558156,0.12014079066882455,-1.1949674307584763,1.0911317177057267,0.2954320787252622,-0.1747598415371757,0.21213204,-0.21213204,8
78,-1.1949674307584763,1.0911317177057267,0.2954320787252622,-0.1747598415371757,-1.1601934794664381,1.07308466296196,-0.000378723822433279,0.0003602679545983726,0.0,0.0,0
79,-1.1601934794664381,1.07308466296196,-0.000378723822433279,0.0003602679545983726,-1.1601938150644302,1.0730707532644272,3.197704998765209e-05,0.00018033944945898504,0.0,0.0,0
80,-1.1601938150644302,1.0730707532644272,3.197704998765209e-05,0.00018033944945898504,-0.9170144567012787,0.9356026276350021,0.2699786344904111,-0.16105711228242,0.21213204,-0.21213204,8
81,-0.9170144567012787,0.9356026276350021,0.2699786344904111,-0.16105711228242,-0.656555303668976,1.0571759508609773,0.28683298119346806,0.15912683585353665,0.21213204,0.21213204,6
82,-0.656555303668976,1.0571759508609773,0.28683298119346806,0.15912683585353665,-0.6166602804780007,1.073793855905533,0.0018713994163433811,0.0004512243501217397,0.0,0.0,0
83,-0.6166602804780007,1.073793855905533,0.0018713994163433811,0.0004512243501217397,-0.8569746586918832,1.1981554237365724,-0.2905250266391962,0.14197475416095162,-0.21213204,0.21213204,4
84,-0.8569746586918832,1.1981554237365724,-0.2905250266391962,0.14197475416095162,-0.6747293811798096,1.0879561834812166,0.3023250670629061,-0.1370374516064677,0.21213204,-0.21213204,8
85,-0.6747293811798096,1.0879561834812166,0.3023250670629061,-0.1370374516064677,-0.6382420770287514,1.0731832999944688,-0.000904488721260247,-0.0004164952266986178,0.0,0.0,0
86,-0.6382420770287514,1.0731832999944688,-0.000904488721260247,-0.0004164952266986178,-0.385259416115284,1.2056677350521088,0.3063078718313658,0.16103654425798622,0.21213204,0.21213204,6
87,-0.385259416115284,1.2056677350521088,0.3063078718313658,0.16103654425798622,-0.6107255211114884,1.2320706815481186,-0.25770888164663086,0.00043744319429969247,-0.3,0.0,7
88,-0.6107255211114884,1.2320706815481186,-0.25770888164663086,0.00043744319429969247,-0.6487918435692788,1.4885704731702805,0.024917786420869288,0.3188229257913339,0.0,0.3,5
89,-0.6487918435692788,1.4885704731702805,0.024917786420869288,0.3188229257913339,-0.40184066867232326,1.6822115309953691,0.28105820127109815,0.14547095157075982,0.21213204,0.21213204,6
90,-0.40184066867232326,1.6822115309953691,0.28105820127109815,0.14547095157075982,-0.10772619378268719,1.8412351726055145,0.2806694911195919,0.1535518871739795,0.21213204,0.21213204,6
91,-0.10772619378268719,1.8412351726055145,0.2806694911195919,0.1535518871739795,-0.05402885615900159,2.1217804912090306,0.0042866123632825754,0.2828175930138904,0.0,0.3,5
92,-0.05402885615900159,2.1217804912090306,0.0042866123632825754,0.2828175930138904,-0.053085018002986914,2.158546003484726,0.00012091156249660719,-2.7784759841095348e-06,0.0,0.0,0
93,-0.053085018002986914,2.158546003484726,0.00012091156249660719,-2.7784759841095348e-06,-0.05313707110732794,2.1585399792671205,5.459448048902853e-05,0.00017216843726143327,0.0,0.0,0
94,-0.05313707110732794,2.1585399792671205,5.459448048902853e-05,0.00017216843726143327,-0.3211794514477253,2.1559111629486085,-0.2728947419711522,0.0016112790492044907,-0.3,0.0,7
95,-0.3211794514477253,2.1559111629486085,-0.2728947419711522,0.0016112790492044907,-0.5849196632385254,2.021463356781006,-0.2577076882385103,-0.15038946584230112,-0.21213204,-0.21213204,2
96,-0.5849196632385254,2.021463356781006,-0.2577076882385103,-0.15038946584230112,-0.6230443462252617,2.0038433638572695,0.0010605043108130115,0.0008802948553378945,0.0,0.0,0
97,-0.6230443462252617,2.0038433638572695,0.0010605043108130115,0.0008802948553378945,-0.6137290263533594,1.7575150592088702,0.009279142069848215,-0.2916255106742357,0.0,-0.3,1
98,-0.6137290263533594,1.7575150592088702,0.009279142069848215,-0.2916255106742357,-0.6141475652217866,1.7200763743400573,-0.00034751845756405295,0.00013249769983099356,0.0,0.0,0
99,-0.6141475652217866,1.7200763743400573,-0.00034751845756405295,0.00013249769983099356,-0.6141455419063568,1.7200691887378694,0.0002708576619157311,1.612722098274475e-05,0.0,0.0,0
100,-0.6141455419063568,1.7200691887378694,0.0002708576619157311,1.612722098274475e-05,-0.8504884111642838,1.593220500278473,-0.26494214248877945,-0.14361340198480638,-0.21213204,-0.21213204,2
101,-0.8504884111642838,1.593220500278473,-0.26494214248877945,-0.14361340198480638,-0.8886095529198645,1.5782133727788925,2.2416215858828482e-05,-3.635927329745721e-05,0.0,0.0,0
102,-0.8886095529198645,1.5782133727788925,2.2416215858828482e-05,-3.635927329745721e-05,-0.8886271961927416,1.578212541127205,-0.00048798239398712865,3.064042834924816e-05,0.0,0.0,0
103,-0.8886271961927416,1.578212541127205,-0.00048798239398712865,3.064042834924816e-05,-1.1232341204404832,1.6983925715684889,-0.2878816965433612,0.11921243964164427,-0.21213204,0.21213204,4
104,-1.1232341204404832,1.6983925715684889,-0.2878816965433612,0.11921243964164427,-1.1471562540769578,1.938483600664139,0.019481861024255448,0.2705833433033792,0.0,0.3,5
105,-1.1471562540769578,1.938483600664139,0.019481861024255448,0.2705833433033792,-1.1315380029916762,1.708944088435173,0.011618406059552087,-0.3098457966505163,0.0,-0.3,1
106,-1.1315380029916762,1.708944088435173,0.011618406059552087,-0.3098457966505163,-0.9060167249321938,1.7903530088901523,0.2980138807465676,0.13899680235429268,0.21213204,0.21213204,6
107,-0.9060167249321938,1.7903530088901523,0.2980138807465676,0.13899680235429268,-1.0845179665327074,1.9360370441198351,-0.2711904184123046,0.13089936405533867,-0.21213204,0.21213204,4
108,-1.0845179665327074,1.9360370441198351,-0.2711904184123046,0.13089936405533867,-1.3727356878995898,1.942653476762772,-0.2811276713783788,-0.011152470029983708,-0.3,0.0,7
109,-1.3727356878995898,1.942653476762772,-0.2811276713783788,-0.011152470029983708,-1.4001446746349335,1.6710689480781555,0.016208619198007146,-0.332652984074194,0.0,-0.3,1
110,-1.4001446746349335,1.6710689480781555,0.016208619198007146,-0.332652984074194,-1.6331579863071441,1.4722886560678483,-0.24736648580890713,-0.15661368123476585,-0.21213204,-0.21213204,2
111,-1.6331579863071441,1.4722886560678483,-0.24736648580890713,-0.15661368123476585,-1.4459053434848785,1.3168241256952287,0.2659001901384098,-0.14304198798704237,0.21213204,-0.21213204,8
112,-1.4459053434848785,1.3168241256952287,0.2659001901384098,-0.14304198798704237,-1.1519544880151749,1.296579736328125,0.29349189918310997,-0.0064663654468604,0.3,0.0,3
113,-1.1519544880151749,1.296579736328125,0.29349189918310997,-0.0064663654468604,-0.8542436116099358,1.294685522389412,0.2914155885312468,0.0017390059697241825,0.3,0.0,3
114,-0.8542436116099358,1.294685522389412,0.2914155885312468,0.0017390059697241825,-0.798191910815239,1.5549955483913425,0.009595027042590775,0.29420316184110307,0.0,0.3,5
115,-0.798191910815239,1.5549955483913425,0.009595027042590775,0.29420316184110307,-0.5294069721102714,1.5989174839019775,0.25669639038611547,0.006006940847862963,0.3,0.0,3
116,-0.5294069721102714,1.5989174839019775,0.25669639038611547,0.006006940847862963,-0.47380881779193884,1.8654935161828996,0.014076695202320294,0.3206324002275716,0.0,0.3,5
117,-0.47380881779193884,1.8654935161828996,0.014076695202320294,0.3206324002275716,-0.4548482297658921,2.1848805379390717,0.02877412983989487,0.3293198186424604,0.0,0.3,5
118,-0.4548482297658921,2.1848805379390717,0.02877412983989487,0.3293198186424604,-0.45298730255365377,2.221791256141663,0.0008029158716246423,-8.469537721124175e-05,0.0,0.0,0
119,-0.45298730255365377,2.221791256141663,0.0008029158716246423,-8.469537721124175e-05,-0.45306235554218294,2.221792672586441,-0.0002643497981740649,-0.0001250449313441563,0.0,0.0,0
120,-0.45306235554218294,2.221792672586441,-0.0002643497981740649,-0.0001250449313441563,-0.4453961804926395,1.9691078536748887,0.012406981553376994,-0.30178333075440594,0.0,-0.3,1
121,-0.4453961804926395,1.9691078536748887,0.012406981553376994,-0.30178333075440594,-0.6988851366043091,1.9342339177608492,-0.26151089826164214,0.0034834591533782137,-0.3,0.0,7
122,-0.6988851366043091,1.9342339177608492,-0.26151089826164214,0.0034834591533782137,-0.7421345798134804,1.6855288882970811,0.010757331361673556,-0.29997459168391627,0.0,-0.3,1
123,-0.7421345798134804,1.6855288882970811,0.010757331361673556,-0.29997459168391627,-0.47357244476675986,1.6605165997266773,0.27238193494622204,0.005362144991171577,0.3,0.0,3
124,-0.47357244476675986,1.6605165997266773,0.27238193494622204,0.005362144991171577,-0.18701695350706576,1.5237813400506974,0.28089035552789526,-0.13893708335238814,0.21213204,-0.21213204,8
125,-0.18701695350706576,1.5237813400506974,0.28089035552789526,-0.13893708335238814,-0.1442176764905453,1.5092371243238452,-0.00048361428049165854,0.0002978901918028766,0.0,0.0,0
126,-0.1442176764905453,1.5092371243238452,-0.00048361428049165854,0.0002978901918028766,-0.14627430156469345,1.2448006020307543,-0.002762733855739787,-0.2812413411221596,0.0,-0.3,1
127,-0.14627430156469345,1.2448006020307543,-0.002762733855739787,-0.2812413411221596,-0.14986473277509213,1.438472673177719,0.003375502565052787,0.2707682842752449,0.0,0.3,5
128,-0.14986473277509213,1.438472673177719,0.003375502565052787,0.2707682842752449,-0.1531840230226517,1.2207738257646559,0.0005865072907562806,-0.31620189353653544,0.0,-0.3,1
129,-0.1531840230226517,1.2207738257646559,0.0005865072907562806,-0.31620189353653544,0.07388249275982381,1.040611658525467,0.2608626886537709,-0.12887036372473756,0.21213204,-0.21213204,8
130,0.07388249275982381,1.040611658525467,0.2608626886537709,-0.12887036372473756,0.1282790070772171,1.2674399345397949,0.000612192696764898,0.28294486670909597,0.0,0.3,5
131,0.1282790070772171,1.2674399345397949,0.000612192696764898,0.28294486670909597,0.35624674364328385,1.4421928536891937,0.2829443554040271,0.15602577501348885,0.21213204,0.21213204,6
132,0.35624674364328385,1.4421928536891937,0.2829443554040271,0.15602577501348885,0.3880363123714924,1.2237827022314072,-0.022331720456096455,-0.29321775885291673,0.0,-0.3,1
133,0.3880363123714924,1.2237827022314072,-0.022331720456096455,-0.29321775885291673,0.35912129936814313,1.4381555104017258,-0.00563327083023188,0.2975755161388259,0.0,0.3,5
134,0.35912129936814313,1.4381555104017258,-0.00563327083023188,0.2975755161388259,0.34631039128899577,1.2275320078372955,-0.021816820872910318,-0.3045935527340927,0.0,-0.3,1
135,0.34631039128899577,1.2275320078372955,-0.021816820872910318,-0.3045935527340927,0.6016882858157158,1.1979489341974259,0.2672894622519284,0.004991118838299304,0.3,0.0,3
136,0.6016882858157158,1.1979489341974259,0.2672894622519284,0.004991118838299304,0.36868801255226136,1.1987606560945512,-0.24611254997099052,0.0009065179909582178,-0.3,0.0,7
137,0.36868801255226136,1.1987606560945512,-0.24611254997099052,0.0009065179909582178,0.06442955240905285,1.1970173401117326,-0.3333719433768404,-0.004472148067627999,-0.3,0.0,7
138,0.06442955240905285,1.1970173401117326,-0.3333719433768404,-0.004472148067627999,-0.20180892484486104,1.0481779636383057,-0.27559376533669633,-0.15569511062534444,-0.21213204,-0.21213204,2
139,-0.20180892484486104,1.0481779636383057,-0.27559376533669633,-0.15569511062534444,-0.017773589504137634,1.1460708614826203,0.28245826052426604,0.15418785906627186,0.21213204,0.21213204,6
140,-0.017773589504137634,1.1460708614826203,0.28245826052426604,0.15418785906627186,-0.2004497711449862,1.2905373321056368,-0.28051332978374377,0.13630133412458006,-0.21213204,0.21213204,4
141,-0.2004497711449862,1.2905373321056368,-0.28051332978374377,0.13630133412458006,-0.015373964765295386,1.4341428656816482,0.28970266124666605,0.14260016805892095,0.21213204,0.21213204,6
142,-0.015373964765295386,1.4341428656816482,0.28970266124666605,0.14260016805892095,0.025761128678545357,1.4513592960834503,4.633899638128121e-05,-0.0001347949541812654,0.0,0.0,0
143,0.025761128678545357,1.4513592960834503,4.633899638128121e-05,-0.0001347949541812654,0.025732006216794254,1.4513683204174042,5.730266520674024e-05,-9.064847854601216e-05,0.0,0.0,0
144,0.025732006216794254,1.4513683204174042,5.730266520674024e-05,-9.064847854601216e-05,0.02576282385066152,1.4513802512168883,3.611962209198718e-05,0.0005468676058185491,0.0,0.0,0
145,0.02576282385066152,1.4513802512168883,3.611962209198718e-05,0.0005468676058185491,0.018884423894807698,1.1937119564771652,-0.002236440911531425,-0.3009560870084336,0.0,-0.3,1
146,0.018884423894807698,1.1937119564771652,-0.002236440911531425,-0.3009560870084336,-0.24345857750475408,1.153351026201248,-0.24352405045728517,-0.002134343318323389,-0.3,0.0,7
147,-0.24345857750475408,1.153351026201248,-0.24352405045728517,-0.002134343318323389,-0.5071727028727532,1.008983285665512,-0.26483448606935,-0.1650687057806687,-0.21213204,-0.21213204,2
148,-0.5071727028727532,1.008983285665512,-0.26483448606935,-0.1650687057806687,-0.7653850099444389,1.1254846487283707,-0.27423970787159985,0.14079620628979173,-0.21213204,0.21213204,4
149,-0.7653850099444389,1.1254846487283707,-0.27423970787159985,0.14079620628979173,-1.0561478290557862,1.1357671257019042,-0.2905379909687537,-0.006393137104545799,-0.3,0.0,7
150,-1.0561478290557862,1.1357671257019042,-0.2905379909687537,-0.006393137104545799,-1.324870501089096,0.9731924903035165,-0.27399908335891415,-0.16504120551622972,-0.21213204,-0.21213204,2
151,-1.324870501089096,0.9731924903035165,-0.27399908335891415,-0.16504120551622972,-1.590562431907654,0.8132205978035927,-0.2741050741470434,-0.17234854155163207,-0.21213204,-0.21213204,2
152,-1.590562431907654,0.8132205978035927,-0.2741050741470434,-0.17234854155163207,-1.6376953320980072,1.0322521166563035,0.01086541070943993,0.29423577626251196,0.0,0.3,5
153,-1.6376953320980072,1.0322521166563035,0.01086541070943993,0.29423577626251196,-1.8515553943872454,0.9303352051734924,-0.25520913308805837,-0.1560917066641257,-0.21213204,-0.21213204,2
154,-1.8515553943872454,0.9303352051734924,-0.25520913308805837,-0.1560917066641257,-1.888269567322731,1.1598846714019775,0.02577142723118768,0.3050736746968008,0.0,0.3,5
155,-1.888269567322731,1.1598846714019775,0.02577142723118768,0.3050736746968008,-1.6514671536684036,1.0669597651958467,0.2997325325872256,-0.13785143636101715,0.21213204,-0.21213204,8
156,-1.6514671536684036,1.0669597651958467,0.2997325325872256,-0.13785143636101715,-1.3995829996824265,1.2035515465021136,0.2545512332245539,0.13896515834911916,0.21213204,0.21213204,6
157,-1.3995829996824265,1.2035515465021136,0.2545512332245539,0.13896515834911916,-1.1371523864746094,1.058681297039986,0.2864094977576905,-0.1631095412968293,0.21213204,-0.21213204,8
158,-1.1371523864746094,1.058681297039986,0.2864094977576905,-0.1631095412968293,-0.8561673497200013,0.8975260810613633,0.2816150505806626,-0.16248409852485812,0.21213204,-0.21213204,8
159,-0.8561673497200013,0.8975260810613633,0.2816150505806626,-0.16248409852485812,-0.82919747505188,0.6196012531280518,-0.011201432574340236,-0.2967032836842528,0.0,-0.3,1
160,-0.82919747505188,0.6196012531280518,-0.011201432574340236,-0.2967032836842528,-1.0887840849399568,0.582328017950058,-0.25674879847321314,0.001974765174307515,-0.3,0.0,7
161,-1.0887840849399568,0.582328017950058,-0.25674879847321314,0.001974765174307515,-0.9063488118171692,0.461201509732008,0.27912071857828236,-0.1414828756410543,0.21213204,-0.21213204,8
162,-0.9063488118171692,0.461201509732008,0.27912071857828236,-0.1414828756410543,-1.0949510904550552,0.32262453841567035,-0.2728264779937081,-0.15006056120587777,-0.21213204,-0.21213204,2
163,-1.0949510904550552,0.32262453841567035,-0.2728264779937081,-0.15006056120587777,-0.8643076276898385,0.30053225648999216,0.25618754041965086,0.0012234371651313376,0.3,0.0,3
164,-0.8643076276898385,0.30053225648999216,0.25618754041965086,0.0012234371651313376,-1.0886890518188477,0.3005685947477818,-0.24688495165067773,0.004232583702197125,-0.3,0.0,7
165,-1.0886890518188477,0.3005685947477818,-0.24688495165067773,0.004232583702197125,-1.1338143529891969,0.3005437612473965,-0.000696228232022473,-8.391194691899905e-05,0.0,0.0,0
166,-1.1338143529891969,0.3005437612473965,-0.000696228232022473,-8.391194691899905e-05,-1.1337442489385605,0.30055588343143463,0.0010561426684349525,0.00011513216142056582,0.0,0.0,0
167,-1.1337442489385605,0.30055588343143463,0.0010561426684349525,0.00011513216142056582,-0.887607774591446,0.1729217256009579,0.29616338597423336,-0.14044459746825594,0.21213204,-0.21213204,8
168,-0.887607774591446,0.1729217256009579,0.29616338597423336,-0.14044459746825594,-0.5927140188574791,0.1619658076018095,0.2872639483671196,-0.00032714266165777327,0.3,0.0,3
169,-0.5927140188574791,0.1619658076018095,0.2872639483671196,-0.00032714266165777327,-0.5380222477436065,0.4233693294107914,0.0032042484191248354,0.30146958812746205,0.0,0.3,5
170,-0.5380222477436065,0.4233693294107914,0.0032042484191248354,0.30146958812746205,-0.30625813463330276,0.6050633356571198,0.2854529666646335,0.15133205217760384,0.21213204,0.21213204,6
171,-0.30625813463330276,0.6050633356571198,0.2854529666646335,0.15133205217760384,-0.26556791277527814,0.8737082510828971,0.007848758230921555,0.29306442145471684,0.0,0.3,5
172,-0.26556791277527814,0.8737082510828971,0.007848758230921555,0.29306442145471684,-0.26730632246136665,0.6641798964619636,-0.0021558233491980818,-0.29393297297175697,0.0,-0.3,1
173,-0.26730632246136665,0.6641798964619636,-0.0021558233491980818,-0.29393297297175697,-0.07067179314345122,0.4739728407204151,0.28457011575545615,-0.14615461345627836,0.21213204,-0.21213204,8
174,-0.07067179314345122,0.4739728407204151,0.28457011575545615,-0.14615461345627836,0.19817002398371697,0.6162107599377633,0.3164276504919558,0.1612051305704842,0.21213204,0.21213204,6
175,0.19817002398371697,0.6162107599377633,0.3164276504919558,0.1612051305704842,0.2579790808737278,0.39499620494246485,0.01070271666094293,-0.27423889327883527,0.0,-0.3,1
176,0.2579790808737278,0.39499620494246485,0.01070271666094293,-0.27423889327883527,0.2623105529487133,0.36153457514047627,0.0017938107172668684,-0.0017575973162300002,0.0,0.0,0
177,0.2623105529487133,0.36153457514047627,0.0017938107172668684,-0.0017575973162300002,-0.006434271194040775,0.36295561007857324,-0.2825560672916583,-0.0022537299138887072,-0.3,0.0,7
178,-0.006434271194040775,0.36295561007857324,-0.2825560672916583,-0.0022537299138887072,-0.27930237193107604,0.5097140542030334,-0.2839580769982732,0.1524811843768891,-0.21213204,0.21213204,4
179,-0.27930237193107604,0.5097140542030334,-0.2839580769982732,0.1524811843768891,-0.5741776898145676,0.5200003027439117,-0.3075317960985778,-0.0067665978390744515,-0.3,0.0,7
180,-0.5741776898145676,0.5200003027439117,-0.3075317960985778,-0.0067665978390744515,-0.40030252962112434,0.6463523342847824,0.2809681907591207,0.15501919515695095,0.21213204,0.21213204,6
181,-0.40030252962112434,0.6463523342847824,0.2809681907591207,0.15501919515695095,-0.6263710554838181,0.6685145416378975,-0.2519814798266748,-0.004973692009509973,-0.3,0.0,7
182,-0.6263710554838181,0.6685145416378975,-0.2519814798266748,-0.004973692009509973,-0.44853163232803345,0.540140928709507,0.27513646918317397,-0.14637279264626282,0.21213204,-0.21213204,8
183,-0.44853163232803345,0.540140928709507,0.27513646918317397,-0.14637279264626282,-0.18706710550785066,0.6710308183908462,0.2969415597098221,0.16042007307218958,0.21213204,0.21213204,6
184,-0.18706710550785066,0.6710308183908462,0.2969415597098221,0.16042007307218958,-0.368069050604105,0.5705559109687806,-0.2790601709764416,-0.15290053902050757,-0.21213204,-0.21213204,2
185,-0.368069050604105,0.5705559109687806,-0.2790601709764416,-0.15290053902050757,-0.17916947501897812,0.6838515272974968,0.2953657841057962,0.15844130597628764,0.21213204,0.21213204,6
186,-0.17916947501897812,0.6838515272974968,0.2953657841057962,0.15844130597628764,-0.358722691321373,0.8310844489932061,-0.2779727975490942,0.12666778050904176,-0.21213204,0.21213204,4
187,-0.358722691321373,0.8310844489932061,-0.2779727975490942,0.12666778050904176,-0.6187795338988304,0.6904800926923752,-0.2740740405042389,-0.15953817261677314,-0.21213204,-0.21213204,2
188,-0.6187795338988304,0.6904800926923752,-0.2740740405042389,-0.15953817261677314,-0.6566403704285623,0.6740823967576027,-0.00023025721318459112,-0.0002000590701663599,0.0,0.0,0
189,-0.6566403704285623,0.6740823967576027,-0.00023025721318459112,-0.0002000590701663599,-0.4115697093307972,0.5454109931945801,0.2573015417715156,-0.15651560903435074,0.21213204,-0.21213204,8
190,-0.4115697093307972,0.5454109931945801,0.2573015417715156,-0.15651560903435074,-0.3700587715148926,0.27088997257351877,0.010781122120698317,-0.30763417436202667,0.0,-0.3,1
191,-0.3700587715148926,0.27088997257351877,0.010781122120698317,-0.30763417436202667,-0.5912444089651108,0.08910283965319396,-0.26163670639234626,-0.1367774371828017,-0.21213204,-0.21213204,2
192,-0.5912444089651108,0.08910283965319396,-0.26163670639234626,-0.1367774371828017,-0.6329766773462295,0.07465596112459899,1.2955799969416109e-05,0.0002278454877932921,0.0,0.0,0
193,-0.6329766773462295,0.07465596112459899,1.2955799969416109e-05,0.0002278454877932921,-0.39648098353743555,0.22246139993667602,0.2760078262625141,0.14973419558769074,0.21213204,0.21213204,6
194,-0.39648098353743555,0.22246139993667602,0.2760078262625141,0.14973419558769074,-0.3384944912493229,-0.009122033308353275,0.010843592125914398,-0.2928039172693784,0.0,-0.3,1
195,-0.3384944912493229,-0.009122033308353275,0.010843592125914398,-0.2928039172693784,-0.11858013681173324,0.09291758795529605,0.270968961580751,0.14924192053599059,0.21213204,0.21213204,6
196,-0.11858013681173324,0.09291758795529605,0.270968961580751,0.14924192053599059,-0.30203378690481186,-0.016688907822594048,-0.27649179410849745,-0.1486651678996617,-0.21213204,-0.21213204,2
197,-0.30203378690481186,-0.016688907822594048,-0.27649179410849745,-0.1486651678996617,-0.561806625533104,0.11976269575357437,-0.26193951871864024,0.167630803858262,-0.21213204,0.21213204,4
198,-0.561806625533104,0.11976269575357437,-0.26193951871864024,0.167630803858262,-0.334219858032465,0.15403211037218573,0.24270233432067095,-0.005979963403665915,0.3,0.0,3
199,-0.334219858032465,0.15403211037218573,0.24270233432067095,-0.005979963403665915,-0.5092327951192855,0.020426198104396463,-0.269496078459493,-0.1586099442247158,-0.21213204,-0.21213204,2
200,-0.5092327951192855,0.020426198104396463,-0.269496078459493,-0.1586099442247158,-0.8014499884486199,0.006705457686260343,-0.2980834299053091,-0.003920334681077871,-0.3,0.0,7
201,-0.8014499884486199,0.006705457686260343,-0.2980834299053091,-0.003920334681077871,-0.8547612346768381,-0.23517096140384677,-0.007905465182461617,-0.30061525049173204,0.0,-0.3,1
202,-0.8547612346768381,-0.23517096140384677,-0.007905465182461617,-0.30061525049173204,-0.8564512834191322,-0.2714614282011986,-0.001232599618776822,0.00017825160938918493,0.0,0.0,0
203,-0.8564512834191322,-0.2714614282011986,-0.001232599618776822,0.00017825160938918493,-1.0978579238653183,-0.3908829791426659,-0.272752265637247,-0.1436126906641368,-0.21213204,-0.21213204,2
204,-1.0978579238653183,-0.3908829791426659,-0.272752265637247,-0.1436126906641368,-0.9115690992832185,-0.5239123203635215,0.280784945563848,-0.1347288470192706,0.21213204,-0.21213204,8
205,-0.9115690992832185,-0.5239123203635215,0.280784945563848,-0.1347288470192706,-1.1014071132898333,-0.41215413287281993,-0.2693375591365281,0.16165391292212775,-0.21213204,0.21213204,4
206,-1.1014071132898333,-0.41215413287281993,-0.2693375591365281,0.16165391292212775,-1.3703177103042605,-0.5218967232584953,-0.28420877481687756,-0.12584718170842818,-0.21213204,-0.21213204,2
207,-1.3703177103042605,-0.5218967232584953,-0.28420877481687756,-0.12584718170842818,-1.1405006868839265,-0.5318303289413453,0.2526735065650215,0.015384050036225425,0.3,0.0,3
208,-1.1405006868839265,-0.5318303289413453,0.2526735065650215,0.015384050036225425,-1.3695347133398055,-0.5239552263975144,-0.24780079386521298,0.009129710516179302,-0.3,0.0,7
209,-1.3695347133398055,-0.5239552263975144,-0.24780079386521298,0.009129710516179302,-1.6713860595703125,-0.5257350783824921,-0.3027055861994189,-0.010908448171669813,-0.3,0.0,7
210,-1.6713860595703125,-0.5257350783824921,-0.3027055861994189,-0.010908448171669813,-1.712090692472458,-0.2861223600506783,0.013750929189643726,0.2986466746248795,0.0,0.3,5
211,-1.712090692472458,-0.2861223600506783,0.013750929189643726,0.2986466746248795,-1.4445168776035309,-0.24755782724022865,0.28215271904403133,0.004353120596830289,0.3,0.0,3
212,-1.4445168776035309,-0.24755782724022865,0.28215271904403133,0.004353120596830289,-1.1874112071752547,-0.3818462534070015,0.22722402320576462,-0.18450235721471825,0.21213204,-0.21213204,8
213,-1.1874112071752547,-0.3818462534070015,0.22722402320576462,-0.18450235721471825,-0.9109736773014069,-0.5175224536657335,0.282519401538889,-0.1359972262376283,0.21213204,-0.21213204,8
214,-0.9109736773014069,-0.5175224536657335,0.282519401538889,-0.1359972262376283,-1.1036180974960328,-0.39966120310425757,-0.2853794351017576,0.16454046811018766,-0.21213204,0.21213204,4
215,-1.1036180974960328,-0.39966120310425757,-0.2853794351017576,0.16454046811018766,-1.145924167394638,-0.38176679477095604,1.0717956826019443e-05,-3.001876063599989e-05,0.0,0.0,0
216,-1.145924167394638,-0.38176679477095604,1.0717956826019443e-05,-3.001876063599989e-05,-1.151801983499527,-0.6131729130864144,-0.0075564803095707934,-0.2704341576662712,0.0,-0.3,1
217,-1.151801983499527,-0.6131729130864144,-0.0075564803095707934,-0.2704341576662712,-1.3871082154750827,-0.7742848960280418,-0.2821159243903486,-0.14623788805127733,-0.21213204,-0.21213204,2
218,-1.3871082154750827,-0.7742848960280418,-0.2821159243903486,-0.14623788805127733,-1.4259170325756072,-1.0348171251773834,0.006202991236914535,-0.2775344796681958,0.0,-0.3,1
219,-1.4259170325756072,-1.0348171251773834,0.006202991236914535,-0.2775344796681958,-1.4233035556793214,-1.3169989558935165,0.0017659679861583093,-0.2874269033064689,0.0,-0.3,1
220,-1.4233035556793214,-1.3169989558935165,0.0017659679861583093,-0.2874269033064689,-1.6836249070405962,-1.3497694265127183,-0.2664172157307587,-0.006367702305786567,-0.3,0.0,7
221,-1.6836249070405962,-1.3497694265127183,-0.2664172157307587,-0.006367702305786567,-1.7214085205793381,-1.103163291668892,0.021735897018133055,0.3049948016263825,0.0,0.3,5
222,-1.7214085205793381,-1.103163291668892,0.021735897018133055,0.3049948016263825,-1.9804456154584886,-1.0711258955001832,-0.2741668910546212,0.0009054606276521439,-0.3,0.0,7
223,-1.9804456154584886,-1.0711258955001832,-0.2741668910546212,0.0009054606276521439,-2.023809985494614,-1.0719382503271104,0.0008334484188826782,-8.944173902699193e-05,0.0,0.0,0
224,-2.023809985494614,-1.0719382503271104,0.0008334484188826782,-8.944173902699193e-05,-1.7784057529211046,-0.9406161019563675,0.2907418577969083,0.15573125027190787,0.21213204,0.21213204,6
225,-1.7784057529211046,-0.9406161019563675,0.2907418577969083,0.15573125027190787,-1.4821197481155395,-0.9245830324530602,0.2891925814237887,0.002937476820910041,0.3,0.0,3
226,-1.4821197481155395,-0.9245830324530602,0.2891925814237887,0.002937476820910041,-1.1837488789319994,-0.9203737708210946,0.29297793217825724,0.004452566021929692,0.3,0.0,3
227,-1.1837488789319994,-0.9203737708210946,0.29297793217825724,0.004452566021929692,-1.1356782473564149,-0.6596194609522821,-0.005716321608782668,0.3216865396984948,0.0,0.3,5
228,-1.1356782473564149,-0.6596194609522821,-0.005716321608782668,0.3216865396984948,-1.1374708710670471,-0.33622179263234137,-0.0031613730735301736,0.3396538503440411,0.0,0.3,5
229,-1.1374708710670471,-0.33622179263234137,-0.0031613730735301736,0.3396538503440411,-0.9105466960430146,-0.41112345660924915,0.2712138293571222,-0.12445788971528025,0.21213204,-0.21213204,8
230,-0.9105466960430146,-0.41112345660924915,0.2712138293571222,-0.12445788971528025,-0.6611677413582803,-0.27165311304926876,0.2727553741452324,0.14822766493336487,0.21213204,0.21213204,6
231,-0.6611677413582803,-0.27165311304926876,0.2727553741452324,0.14822766493336487,-0.3884603620529175,-0.11132482739835979,0.29242121074366734,0.15247810011289756,0.21213204,0.21213204,6
232,-0.3884603620529175,-0.11132482739835979,0.29242121074366734,0.15247810011289756,-0.5701101824641228,-0.22355874470472337,-0.27091917416909367,-0.1400453492066036,-0.21213204,-0.21213204,2
233,-0.5701101824641228,-0.22355874470472337,-0.27091917416909367,-0.1400453492066036,-0.6025208070516587,-0.4932670507371426,0.00011297075211447863,-0.2981891356091898,0.0,-0.3,1
234,-0.6025208070516587,-0.4932670507371426,0.00011297075211447863,-0.2981891356091898,-0.609336529827118,-0.7928775442957878,-0.004434227423439461,-0.31415984033154976,0.0,-0.3,1
235,-0.609336529827118,-0.7928775442957878,-0.004434227423439461,-0.31415984033154976,-0.5943342223882676,-1.0920770607709887,0.020427740855216325,-0.293727250499138,0.0,-0.3,1
236,-0.5943342223882676,-1.0920770607709887,0.020427740855216325,-0.293727250499138,-0.8479535247325898,-1.131560326385498,-0.2776462690937653,0.0027862053777692334,-0.3,0.0,7
237,-0.8479535247325898,-1.131560326385498,-0.2776462690937653,0.0027862053777692334,-0.8926379989385606,-1.1321850095033645,-0.00032189664106024266,0.00018758390208824756,0.0,0.0,0
238,-0.8926379989385606,-1.1321850095033645,-0.00032189664106024266,0.00018758390208824756,-0.8871374014258385,-0.8827818323731422,0.019950612659550015,0.298194537813558,0.0,0.3,5
239,-0.8871374014258385,-0.8827818323731422,0.019950612659550015,0.298194537813558,-0.8910580526471138,-1.0627562537431718,0.008359828255377044,-0.29507968306373317,0.0,-0.3,1
240,-0.8910580526471138,-1.0627562537431718,0.008359828255377044,-0.29507968306373317,-0.8750684035778047,-1.3524943294763565,0.006749050675115218,-0.2843974294689655,0.0,-0.3,1
241,-0.8750684035778047,-1.3524943294763565,0.006749050675115218,-0.2843974294689655,-0.8636968494534494,-1.1456774009704591,0.02108689939419373,0.29625935408241977,0.0,0.3,5
242,-0.8636968494534494,-1.1456774009704591,0.02108689939419373,0.29625935408241977,-0.6328737594604493,-1.242719016814232,0.29614189449704287,-0.150960009130005,0.21213204,-0.21213204,8
243,-0.6328737594604493,-1.242719016814232,0.29614189449704287,-0.150960009130005,-0.3285493747115135,-1.255005290579796,0.30412859598837205,0.002354075966122932,0.3,0.0,3
244,-0.3285493747115135,-1.255005290579796,0.30412859598837205,0.002354075966122932,-0.27166040110588074,-1.4976904366493227,0.016640375291117476,-0.29414755067587656,0.0,-0.3,1
245,-0.27166040110588074,-1.4976904366493227,0.016640375291117476,-0.29414755067587656,-0.2643583674192429,-1.7852274639606478,0.001205122222895318,-0.2899391499169079,0.0,-0.3,1
246,-0.2643583674192429,-1.7852274639606478,0.001205122222895318,-0.2899391499169079,-0.26834057930707933,-1.5737432821512223,0.011702618595844316,0.29294330965271737,0.0,0.3,5
247,-0.26834057930707933,-1.5737432821512223,0.011702618595844316,0.29294330965271737,-0.04260806210488081,-1.6533046346187594,0.28095734899275215,-0.1194714723396086,0.21213204,-0.21213204,8
248,-0.04260806210488081,-1.6533046346187594,0.28095734899275215,-0.1194714723396086,0.22631617298126222,-1.5137755603551866,0.281073011657371,0.14817281329501406,0.21213204,0.21213204,6
249,0.22631617298126222,-1.5137755603551866,0.281073011657371,0.14817281329501406,0.26203345842361453,-1.4972390112638476,-0.0008034706774049796,-0.0005942831921775883,0.0,0.0,0
250,0.26203345842361453,-1.4972390112638476,-0.0008034706774049796,-0.0005942831921775883,0.5062015177965165,-1.6281416151046755,0.28403336407019547,-0.15794154055892273,0.21213204,-0.21213204,8
251,0.5062015177965165,-1.6281416151046755,0.28403336407019547,-0.15794154055892273,0.5444133627891541,-1.9124074602842334,0.0006809532020227198,-0.31256329110869735,0.0,-0.3,1
252,0.5444133627891541,-1.9124074602842334,0.0006809532020227198,-0.31256329110869735,0.5302006825089456,-1.7014164405584333,0.006959039731569871,0.2866498645572941,0.0,0.3,5
253,0.5302006825089456,-1.7014164405584333,0.006959039731569871,0.2866498645572941,0.7961959142804146,-1.6651852970361711,0.27537972915421327,0.010692034718702587,0.3,0.0,3
254,0.7961959142804146,-1.6651852970361711,0.27537972915421327,0.010692034718702587,0.8592454197883606,-1.91593512609005,0.021397855539114857,-0.2939656064348223,0.0,-0.3,1
255,0.8592454197883606,-1.91593512609005,0.021397855539114857,-0.2939656064348223,0.8592939388871194,-1.951850050020218,-0.01202230383897185,0.003050730244772035,0.0,0.0,0
256,0.8592939388871194,-1.951850050020218,-0.01202230383897185,0.003050730244772035,0.6179816471934318,-1.8225039344787597,-0.26163615909338106,0.14188674295705872,-0.21213204,0.21213204,4
257,0.6179816471934318,-1.8225039344787597,-0.26163615909338106,0.14188674295705872,0.3524177052557469,-1.9566504669666291,-0.26452701803440526,-0.13889439165876893,-0.21213204,-0.21213204,2
258,0.3524177052557469,-1.9566504669666291,-0.26452701803440526,-0.13889439165876893,0.31225634078383446,-1.9730806647300723,0.0011779777013917446,0.00046068313151651234,0.0,0.0,0
259,0.31225634078383446,-1.9730806647300723,0.0011779777013917446,0.00046068313151651234,0.06966006139218808,-1.8384448894023897,-0.2764961941756679,0.16628640676474224,-0.21213204,0.21213204,4
260,0.06966006139218808,-1.8384448894023897,-0.2764961941756679,0.16628640676474224,0.3024424995839596,-1.804985184311867,0.2529958619371293,0.002637573880854833,0.3,0.0,3
261,0.3024424995839596,-1.804985184311867,0.2529958619371293,0.002637573880854833,0.570111379492283,-1.6579897772312164,0.26710495748865215,0.16035359926244772,0.21213204,0.21213204,6
262,0.570111379492283,-1.6579897772312164,0.26710495748865215,0.16035359926244772,0.6039345575690269,-1.641879475235939,4.148614396527612e-05,-0.0013712181702430191,0.0,0.0,0
263,0.6039345575690269,-1.641879475235939,4.148614396527612e-05,-0.0013712181702430191,0.6029698973298072,-1.3915811467647554,0.0010394049099538313,0.2889313021307094,0.0,0.3,5
264,0.6029698973298072,-1.3915811467647554,0.0010394049099538313,0.2889313021307094,0.3772263886511326,-1.490316240286827,-0.27500913262362103,-0.146289084986342,-0.21213204,-0.21213204,2
265,0.3772263886511326,-1.490316240286827,-0.27500913262362103,-0.146289084986342,0.5564520134210587,-1.3906234979629515,0.2821348733770665,0.1429634134371058,0.21213204,0.21213204,6
266,0.5564520134210587,-1.3906234979629515,0.2821348733770665,0.1429634134371058,0.8167695547938347,-1.5139976364851,0.2795440989955592,-0.1363363486113478,0.21213204,-0.21213204,8
267,0.8167695547938347,-1.5139976364851,0.2795440989955592,-0.1363363486113478,0.637452845132351,-1.672448541545868,-0.28108763330678693,-0.1613243805163401,-0.21213204,-0.21213204,2
268,0.637452845132351,-1.672448541545868,-0.28108763330678693,-0.1613243805163401,0.6153958842039108,-1.948695595264435,0.0006712020251270186,-0.3083932183718185,0.0,-0.3,1
269,0.6153958842039108,-1.948695595264435,0.0006712020251270186,-0.3083932183718185,0.8290910138249399,-1.8671151129722596,0.28398492474843384,0.16210868412509302,0.21213204,0.21213204,6
270,0.8290910138249399,-1.8671151129722596,0.28398492474843384,0.16210868412509302,1.1144265415906909,-1.716915167427063,0.2806428769801659,0.14568269620250482,0.21213204,0.21213204,6
271,1.1144265415906909,-1.716915167427063,0.2806428769801659,0.14568269620250482,0.9257839676380157,-1.5763924106121063,-0.28647248812464543,0.12566394242596263,-0.21213204,0.21213204,4
272,0.9257839676380157,-1.5763924106121063,-0.28647248812464543,0.12566394242596263,0.6466625631809235,-1.4381984330415727,-0.26982681123886465,0.14154764397883837,-0.21213204,0.21213204,4
273,0.6466625631809235,-1.4381984330415727,-0.26982681123886465,0.14154764397883837,0.835699321269989,-1.2859713482618331,0.2924029103777542,0.15389744951273024,0.21213204,0.21213204,6
274,0.835699321269989,-1.2859713482618331,0.2924029103777542,0.15389744951273024,0.60771662555933,-1.2571506759881972,-0.26145609450151597,-0.00017418904495659476,-0.3,0.0,7
275,0.60771662555933,-1.2571506759881972,-0.26145609450151597,-0.00017418904495659476,0.5563233320474625,-1.4979507155656817,-0.005555088079870605,-0.28615271056616354,0.0,-0.3,1
276,0.5563233320474625,-1.4979507155656817,-0.005555088079870605,-0.28615271056616354,0.5578450398921967,-1.5312000115156175,-0.00011503621282359713,0.0002459392567183199,0.0,0.0,0
277,0.5578450398921967,-1.5312000115156175,-0.00011503621282359713,0.0002459392567183199,0.8012541164159775,-1.403066767191887,0.27534102478213823,0.14228604072833384,0.21213204,0.21213204,6
278,0.8012541164159775,-1.403066767191887,0.27534102478213823,0.14228604072833384,1.0649677429676057,-1.533813882470131,0.27686295832115815,-0.16020356751015732,0.21213204,-0.21213204,8
279,1.0649677429676057,-1.533813882470131,0.27686295832115815,-0.16020356751015732,0.8322464877724648,-1.5610108548402788,-0.2563165654336747,-0.007205937887837657,-0.3,0.0,7
280,0.8322464877724648,-1.5610108548402788,-0.2563165654336747,-0.007205937887837657,0.5616544245123863,-1.7110708578109741,-0.29413464050228066,-0.11748681044972725,-0.21213204,-0.21213204,2
281,0.5616544245123863,-1.7110708578109741,-0.29413464050228066,-0.11748681044972725,0.5232692178368569,-1.7283375171422959,-0.00018056733500056775,-4.390796682568963e-06,0.0,0.0,0
282,0.5232692178368569,-1.7283375171422959,-0.00018056733500056775,-4.390796682568963e-06,0.5211695762038231,-1.4744841878414154,0.0005151245786977982,0.2811038587470551,0.0,0.3,5
283,0.5211695762038231,-1.4744841878414154,0.0005151245786977982,0.2811038587470551,0.2887000009596348,-1.5704725895881655,-0.2906336968346567,-0.14488155425824817,-0.21213204,-0.21213204,2
284,0.2887000009596348,-1.5704725895881655,-0.2906336968346567,-0.14488155425824817,0.012830833834037186,-1.7058327679634093,-0.2852454561972112,-0.12665797539712959,-0.21213204,-0.21213204,2
285,0.012830833834037186,-1.7058327679634093,-0.2852454561972112,-0.12665797539712959,-0.2834800097286701,-1.7111137852191924,-0.3047275539969511,0.0026055941660689786,-0.3,0.0,7
286,-0.2834800097286701,-1.7111137852191924,-0.3047275539969511,0.0026055941660689786,-0.5526167771697045,-1.8565132285118104,-0.2569482540803678,-0.17337147728086427,-0.21213204,-0.21213204,2
287,-0.5526167771697045,-1.8565132285118104,-0.2569482540803678,-0.17337147728086427,-0.35539650976061826,-2.0149286464214327,0.25839712166369,-0.14499124410953176,0.21213204,-0.21213204,8
288,-0.35539650976061826,-2.0149286464214327,0.25839712166369,-0.14499124410953176,-0.588773825955391,-2.045375753688812,-0.25158461394589476,-0.003474817256532693,-0.3,0.0,7
289,-0.588773825955391,-2.045375753688812,-0.25158461394589476,-0.003474817256532693,-0.8842115044236183,-2.049643509197235,-0.3030186450171243,-0.004740558402577545,-0.3,0.0,7
290,-0.8842115044236183,-2.049643509197235,-0.3030186450171243,-0.004740558402577545,-0.6888839996576309,-1.9206628655672073,0.2789476904174392,0.16138685715775525,0.21213204,0.21213204,6
291,-0.6888839996576309,-1.9206628655672073,0.2789476904174392,0.16138685715775525,-0.9200397168040275,-1.903227947473526,-0.25955082766056237,-0.0031413405342196683,-0.3,0.0,7
292,-0.9200397168040275,-1.903227947473526,-0.25955082766056237,-0.0031413405342196683,-0.6879319667577745,-1.9035373504638673,0.2567980642806782,-0.0032757024913866945,0.3,0.0,3
293,-0.6879319667577745,-1.9035373504638673,0.2567980642806782,-0.0032757024913866945,-0.38951638315320014,-1.905508332490921,0.30326713553723494,0.0011704989997490616,0.3,0.0,3
294,-0.38951638315320014,-1.905508332490921,0.30326713553723494,0.0011704989997490616,-0.09220944728702307,-1.8979793166160583,0.3008854513093203,0.013392594988799106,0.3,0.0,3
295,-0.09220944728702307,-1.8979793166160583,0.3008854513093203,0.013392594988799106,-0.040929108002036814,-2.134707410860062,0.009159356035251084,-0.29524316332199346,0.0,-0.3,1
296,-0.040929108002036814,-2.134707410860062,0.009159356035251084,-0.29524316332199346,-0.03898518870398403,-2.169488130426407,-8.87578802754704e-05,-0.00024618958597515345,0.0,0.0,0
297,-0.03898518870398403,-2.169488130426407,-8.87578802754704e-05,-0.00024618958597515345,-0.3071989906668663,-2.1760604939937593,-0.2746409010136655,-0.0025249103303683663,-0.3,0.0,7
298,-0.3071989906668663,-2.1760604939937593,-0.2746409010136655,-0.0025249103303683663,-0.5732663000822068,-2.0390192007064822,-0.27898575721353397,0.13732348437709274,-0.21213204,0.21213204,4
299,-0.5732663000822068,-2.0390192007064822,-0.27898575721353397,0.13732348437709274,-0.8480830175399781,-1.8993173285961154,-0.27178468904798847,0.13560743061994585,-0.21213204,0.21213204,4
300,-0.8480830175399781,-1.8993173285961154,-0.27178468904798847,0.13560743061994585,-1.1224558717966078,-1.7578366764068605,-0.2653427980766132,0.14653606017706197,-0.21213204,0.21213204,4
301,-1.1224558717966078,-1.7578366764068605,-0.2653427980766132,0.14653606017706197,-1.1558448189258574,-1.7423573230981828,0.001878044250646151,0.0010818392198831892,0.0,0.0,0
302,-1.1558448189258574,-1.7423573230981828,0.001878044250646151,0.0010818392198831892,-1.3849185239076613,-1.871927398109436,-0.261460864013334,-0.1458158513739941,-0.21213204,-0.21213204,2
303,-1.3849185239076613,-1.871927398109436,-0.261460864013334,-0.1458158513739941,-1.6785526856184005,-1.8876868250846863,-0.27340713668554006,-0.013623360962243824,-0.3,0.0,7
304,-1.6785526856184005,-1.8876868250846863,-0.27340713668554006,-0.013623360962243824,-1.473165417122841,-2.0236971212863923,0.278660915031248,-0.16714546083135157,0.21213204,-0.21213204,8
305,-1.473165417122841,-2.0236971212863923,0.278660915031248,-0.16714546083135157,-1.6642795664310457,-1.9315915360212328,-0.3141910033592723,0.14984668290344233,-0.21213204,0.21213204,4
306,-1.6642795664310457,-1.9315915360212328,-0.3141910033592723,0.14984668290344233,-1.4930804461717606,-1.7835503618001942,0.2722504184739552,0.13982157687438773,0.21213204,0.21213204,6
307,-1.4930804461717606,-1.7835503618001942,0.2722504184739552,0.13982157687438773,-1.4456616984128952,-2.030944717168808,0.007126395003579138,-0.32918200876834924,0.0,-0.3,1
308,-1.4456616984128952,-2.030944717168808,0.007126395003579138,-0.32918200876834924,-1.706292817926407,-2.0785639353752137,-0.2667359653257161,-0.008977383495236638,-0.3,0.0,7
309,-1.706292817926407,-2.0785639353752137,-0.2667359653257161,-0.008977383495236638,-1.7476146418571474,-2.0795860297679907,-0.00011650303505252618,-0.0005327413247605056,0.0,0.0,0
310,-1.7476146418571474,-2.0795860297679907,-0.00011650303505252618,-0.0005327413247605056,-1.7475705507040027,-2.0795785333156585,0.00036365993866264355,5.632803164810907e-06,0.0,0.0,0
311,-1.7475705507040027,-2.0795785333156585,0.00036365993866264355,5.632803164810907e-06,-2.016121748352051,-2.0874603126049043,-0.2765865255528815,-0.00863985173628578,-0.3,0.0,7
312,-2.016121748352051,-2.0874603126049043,-0.2765865255528815,-0.00863985173628578,-1.8277142784833913,-1.9604513247251512,0.27991146476702,0.14203337421726522,0.21213204,0.21213204,6
313,-1.8277142784833913,-1.9604513247251512,0.27991146476702,0.14203337421726522,-2.0591430853366854,-1.9441546418190003,-0.26015248853426337,0.0015415004429254811,-0.3,0.0,7
314,-2.0591430853366854,-1.9441546418190003,-0.26015248853426337,0.0015415004429254811,-2.1457877134799954,-1.7444464371919635,0.007697507933131351,0.2893877817455937,0.0,0.3,5
315,-2.1457877134799954,-1.7444464371919635,0.007697507933131351,0.2893877817455937,-1.9220132934808731,-1.566847770023346,0.2824758863679703,0.12579740124486752,0.21213204,0.21213204,6
316,-1.9220132934808731,-1.566847770023346,0.2824758863679703,0.12579740124486752,-1.8962022946834565,-1.3132819314241408,-0.006621225348356075,0.2871640573624255,0.0,0.3,5
317,-1.8962022946834565,-1.3132819314241408,-0.006621225348356075,0.2871640573624255,-1.6622214406251907,-1.134645900797844,0.29003792119228033,0.14613735825740998,0.21213204,0.21213204,6
318,-1.6622214406251907,-1.134645900797844,0.29003792119228033,0.14613735825740998,-1.6255542637825013,-1.119536270093918,0.0005311479595110179,-6.203279257396138e-05,0.0,0.0,0
319,-1.6255542637825013,-1.119536270093918,0.0005311479595110179,-6.203279257396138e-05,-1.6257530462741854,-1.1195109046697616,8.2567001696649e-05,0.0005087962632978819,0.0,0.0,0
320,-1.6257530462741854,-1.1195109046697616,8.2567001696649e-05,0.0005087962632978819,-1.6258278261899948,-1.1195333854436875,0.00018970921956512686,-0.00041116003462186726,0.0,0.0,0
321,-1.6258278261899948,-1.1195333854436875,0.00018970921956512686,-0.00041116003462186726,-1.6118517492532733,-1.381578234601021,0.008907108322372332,-0.29299020341448373,0.0,-0.3,1
322,-1.6118517492532733,-1.381578234601021,0.008907108322372332,-0.29299020341448373,-1.3984341633558275,-1.2782903596401216,0.27719377253928684,0.1477525712691509,0.21213204,0.21213204,6
323,-1.3984341633558275,-1.2782903596401216,0.27719377253928684,0.1477525712691509,-1.1266804825782775,-1.396427713418007,0.2975752759662228,-0.13959515402877448,0.21213204,-0.21213204,8
324,-1.1266804825782775,-1.396427713418007,0.2975752759662228,-0.13959515402877448,-0.8325835969328881,-1.5440674366712572,0.28705437712344645,-0.14686693978783866,0.21213204,-0.21213204,8
325,-0.8325835969328881,-1.5440674366712572,0.28705437712344645,-0.14686693978783866,-1.063539780831337,-1.566161311197281,-0.2519278765377203,0.0028877399195387137,-0.3,0.0,7
326,-1.063539780831337,-1.566161311197281,-0.2519278765377203,0.0028877399195387137,-1.3556463384628297,-1.5670065152406694,-0.3054046371331609,-0.0018852278500681619,-0.3,0.0,7
327,-1.3556463384628297,-1.5670065152406694,-0.3054046371331609,-0.0018852278500681619,-1.3766154740571976,-1.816027484893799,0.03111304826022549,-0.2972067053207858,0.0,-0.3,1
328,-1.3766154740571976,-1.816027484893799,0.03111304826022549,-0.2972067053207858,-1.1404157878875734,-1.7166840289115908,0.2895000863358334,0.14925709948218635,0.21213204,0.21213204,6
329,-1.1404157878875734,-1.7166840289115908,0.2895000863358334,0.14925709948218635,-1.1008449685573578,-1.4470733667850495,0.002870555183460636,0.2920161866921268,0.0,0.3,5
330,-1.1008449685573578,-1.4470733667850495,0.002870555183460636,0.2920161866921268,-1.3112658118724823,-1.5460719970464707,-0.26482474834970304,-0.14820621852776275,-0.21213204,-0.21213204,2
331,-1.3112658118724823,-1.5460719970464707,-0.26482474834970304,-0.14820621852776275,-1.603021269750595,-1.561865859794617,-0.2987336928910893,-0.0012845028588739263,-0.3,0.0,7
332,-1.603021269750595,-1.561865859794617,-0.2987336928910893,-0.0012845028588739263,-1.3700208368062974,-1.564819880437851,0.2663987162384772,0.00046575124666685755,0.3,0.0,3
333,-1.3700208368062974,-1.564819880437851,0.2663987162384772,0.00046575124666685755,-1.5507239201545717,-1.4390845787525177,-0.28058532049248275,0.15341562032995523,-0.21213204,0.21213204,4
334,-1.5507239201545717,-1.4390845787525177,-0.28058532049248275,0.15341562032995523,-1.8423079959630968,-1.430891022849083,-0.3003169555689664,-0.010937945001145657,-0.3,0.0,7
335,-1.8423079959630968,-1.430891022849083,-0.3003169555689664,-0.010937945001145657,-2.102765493822098,-1.5887091798543929,-0.2681744216330041,-0.14694924354707467,-0.21213204,-0.21213204,2
336,-2.102765493822098,-1.5887091798543929,-0.2681744216330041,-0.14694924354707467,-1.924036334681511,-1.4836481645107271,0.27741286418556277,0.13969195611610677,0.21213204,0.21213204,6
337,-1.924036334681511,-1.4836481645107271,0.27741286418556277,0.13969195611610677,-1.626774433732033,-1.4743708154678346,0.30332132923667593,-7.299058825636258e-05,0.3,0.0,3
338,-1.626774433732033,-1.4743708154678346,0.30332132923667593,-7.299058825636258e-05,-1.5826391352415086,-1.4749474560260774,7.629650148323637e-05,-0.000221458666740317,0.0,0.0,0
339,-1.5826391352415086,-1.4749474560260774,7.629650148323637e-05,-0.000221458666740317,-1.5826162793636323,-1.474942851614952,3.114473053670895e-05,-4.976341982169718e-05,0.0,0.0,0
340,-1.5826162793636323,-1.474942851614952,3.114473053670895e-05,-4.976341982169718e-05,-1.822236364865303,-1.6178741308927538,-0.27582786513797564,-0.16433215843266166,-0.21213204,-0.21213204,2
341,-1.822236364865303,-1.6178741308927538,-0.27582786513797564,-0.16433215843266166,-1.653316245484352,-1.5304485686540605,0.2983829766962673,0.15876090457768136,0.21213204,0.21213204,6
342,-1.653316245484352,-1.5304485686540605,0.2983829766962673,0.15876090457768136,-1.351671003651619,-1.5152072567224504,0.3116566119794356,0.0013213555558078773,0.3,0.0,3
343,-1.351671003651619,-1.5152072567224504,0.3116566119794356,0.0013213555558078773,-1.5772971545696257,-1.519648193526268,-0.25415242480881606,0.00026087520706734654,-0.3,0.0,7
344,-1.5772971545696257,-1.519648193526268,-0.25415242480881606,0.00026087520706734654,-1.6238149367809296,-1.5197171503782274,-0.0004579912463403064,0.00021315047093227094,0.0,0.0,0
345,-1.6238149367809296,-1.5197171503782274,-0.0004579912463403064,0.00021315047093227094,-1.3806452582359314,-1.6535234051942829,0.2811762504057479,-0.15932042499157167,0.21213204,-0.21213204,8
346,-1.3806452582359314,-1.6535234051942829,0.2811762504057479,-0.15932042499157167,-1.0766241760730746,-1.6638973523855212,0.3093511726100349,0.004539943357353209,0.3,0.0,3
347,-1.0766241760730746,-1.6638973523855212,0.3093511726100349,0.004539943357353209,-1.0158108524560927,-1.9133283147573472,0.022142233823407534,-0.29865748534503145,0.0,-0.3,1
348,-1.0158108524560927,-1.9133283147573472,0.022142233823407534,-0.29865748534503145,-0.7452318274617196,-1.944884950065613,0.2715170502285523,-0.0002667373457239258,0.3,0.0,3
349,-0.7452318274617196,-1.944884950065613,0.2715170502285523,-0.0002667373457239258,-0.6961657677650451,-1.944293493294716,0.00021093444216360802,0.00011152966306963393,0.0,0.0,0
350,-0.6961657677650451,-1.944293493294716,0.00021093444216360802,0.00011152966306963393,-0.4247125154554844,-1.942421023464203,0.29237039181109153,0.010241053972069553,0.3,0.0,3
351,-0.4247125154554844,-1.942421023464203,0.29237039181109153,0.010241053972069553,-0.12265514711886644,-1.9353150324583053,0.3063393706527094,0.008388079833963053,0.3,0.0,3
352,-0.12265514711886644,-1.9353150324583053,0.3063393706527094,0.008388079833963053,-0.07854172654300928,-1.6596883285045625,0.0028141692288992997,0.3252171642826719,0.0,0.3,5
353,-0.07854172654300928,-1.6596883285045625,0.0028141692288992997,0.3252171642826719,0.1555496732980013,-1.4708295171022416,0.2779689409196456,0.1595507349842267,0.21213204,0.21213204,6
354,0.1555496732980013,-1.4708295171022416,0.2779689409196456,0.1595507349842267,0.4504109226226807,-1.4545068508625032,0.3079665817636526,0.009372026717424452,0.3,0.0,3
355,0.4504109226226807,-1.4545068508625032,0.3079665817636526,0.009372026717424452,0.26115636835098266,-1.5755656352043153,-0.2838630180509557,-0.14023087749198268,-0.21213204,-0.21213204,2
356,0.26115636835098266,-1.5755656352043153,-0.2838630180509557,-0.14023087749198268,0.454425853484869,-1.7252824045658113,0.29763151565803075,-0.16098677206526185,0.21213204,-0.21213204,8
357,0.454425853484869,-1.7252824045658113,0.29763151565803075,-0.16098677206526185,0.489071932476759,-1.742844747233391,-0.00036348159377609895,4.4866232661586164e-05,0.0,0.0,0
358,0.489071932476759,-1.742844747233391,-0.00036348159377609895,4.4866232661586164e-05,0.4884600257158279,-1.4855853072643281,0.0017697049585857075,0.2850677640973801,0.0,0.3,5
359,0.4884600257158279,-1.4855853072643281,0.0017697049585857075,0.2850677640973801,0.2249420497298241,-1.4528014238595963,-0.28023883640596353,-0.0042985675496191,-0.3,0.0,7
360,0.2249420497298241,-1.4528014238595963,-0.28023883640596353,-0.0042985675496191,0.18196680416464808,-1.4527469398736956,0.00015457029283310995,8.330006614834787e-05,0.0,0.0,0
361,0.18196680416464808,-1.4527469398736956,0.00015457029283310995,8.330006614834787e-05,0.4240860824108124,-1.576143679714203,0.2856920420022683,-0.15260749289968165,0.21213204,-0.21213204,8
362,0.4240860824108124,-1.576143679714203,0.2856920420022683,-0.15260749289968165,0.462287195712328,-1.5939778369665147,-0.0007202173221524487,-0.00038125166704249946,0.0,0.0,0
363,0.462287195712328,-1.5939778369665147,-0.0007202173221524487,-0.00038125166704249946,0.7059808540701866,-1.4644028701543808,0.28510637129949,0.14561763099471092,0.21213204,0.21213204,6
364,0.7059808540701866,-1.4644028701543808,0.28510637129949,0.14561763099471092,0.7519836758255959,-1.701566913986206,0.005526328678438075,-0.3136560474831389,0.0,-0.3,1
365,0.7519836758255959,-1.701566913986206,0.005526328678438075,-0.3136560474831389,0.7492554929018022,-1.4837695645809175,0.004805798118334344,0.2844236305853943,0.0,0.3,5
366,0.7492554929018022,-1.4837695645809175,0.004805798118334344,0.2844236305853943,0.7437019627809525,-1.1860971940994263,-0.008671541444392333,0.3183030000865093,0.0,0.3,5
367,0.7437019627809525,-1.1860971940994263,-0.008671541444392333,0.3183030000865093,0.5185226518630981,-1.2731172393798829,-0.2816431530250667,-0.13541829552111584,-0.21213204,-0.21213204,2
368,0.5185226518630981,-1.2731172393798829,-0.2816431530250667,-0.13541829552111584,0.2209588236272335,-1.2865833755731584,-0.30482531948605496,-0.004326362518031494,-0.3,0.0,7
369,0.2209588236272335,-1.2865833755731584,-0.30482531948605496,-0.004326362518031494,-0.03961517613753677,-1.4312678006410602,-0.2772216699211964,-0.13894861721780843,-0.21213204,-0.21213204,2
370,-0.03961517613753677,-1.4312678006410602,-0.2772216699211964,-0.13894861721780843,-0.10125654211044312,-1.2043555001735688,-0.008563111951763545,0.29479072170292153,0.0,0.3,5
371,-0.10125654211044312,-1.2043555001735688,-0.008563111951763545,0.29479072170292153,-0.3349564654827118,-1.028535927152634,-0.2740028159750025,0.1440079813663513,-0.21213204,0.21213204,4
372,-0.3349564654827118,-1.028535927152634,-0.2740028159750025,0.1440079813663513,-0.14336444081664085,-0.8855269739270211,0.2728039034135168,0.15532018841923234,0.21213204,0.21213204,6
373,-0.14336444081664085,-0.8855269739270211,0.2728039034135168,0.15532018841923234,0.1546854752212763,-0.8677608705163002,0.3080817963017623,0.0052372937294034045,0.3,0.0,3
374,0.1546854752212763,-0.8677608705163002,0.3080817963017623,0.0052372937294034045,-0.028767307939007877,-0.9844079801797867,-0.28195369860508857,-0.14469355872969022,-0.21213204,-0.21213204,2
375,-0.028767307939007877,-0.9844079801797867,-0.28195369860508857,-0.14469355872969022,0.15022633001208308,-0.8764235806703567,0.28493362222922003,0.16360785581761622,0.21213204,0.21213204,6
376,0.15022633001208308,-0.8764235806703567,0.28493362222922003,0.16360785581761622,0.42839601587653164,-0.7148890617728234,0.27715861018894467,0.16659292248102114,0.21213204,0.21213204,6
377,0.42839601587653164,-0.7148890617728234,0.27715861018894467,0.16659292248102114,0.47558761858344084,-0.9293982855439186,-0.011675146053486825,-0.265649243550713,0.0,-0.3,1
378,0.47558761858344084,-0.9293982855439186,-0.011675146053486825,-0.265649243550713,0.46826191421151164,-1.1939876981973647,-0.009972925342957418,-0.2698813207574762,0.0,-0.3,1
379,0.46826191421151164,-1.1939876981973647,-0.009972925342957418,-0.2698813207574762,0.6930851281642914,-1.365767239522934,0.2632149994867396,-0.1549486787018452,0.21213204,-0.21213204,8
380,0.6930851281642914,-1.365767239522934,0.2632149994867396,-0.1549486787018452,0.7306547414541245,-1.3807828312397004,0.001768291055652429,-0.0005050000687599527,0.0,0.0,0
381,0.7306547414541245,-1.3807828312397004,0.001768291055652429,-0.0005050000687599527,0.9785569014906885,-1.5044587409734727,0.2672182637216089,-0.15821585325834475,0.21213204,-0.21213204,8
382,0.9785569014906885,-1.5044587409734727,0.2672182637216089,-0.15821585325834475,1.2761009093761446,-1.511908659219742,0.30784083251855787,0.0032962916545254814,0.3,0.0,3
383,1.2761009093761446,-1.511908659219742,0.30784083251855787,0.0032962916545254814,1.31558929438591,-1.5108130978107452,0.001811450174130039,-0.0009286373118658436,0.0,0.0,0
384,1.31558929438591,-1.5108130978107452,0.001811450174130039,-0.0009286373118658436,1.326018660402298,-1.7618843158721924,0.018052883726856126,-0.29740687497062934,0.0,-0.3,1
385,1.326018660402298,-1.7618843158721924,0.018052883726856126,-0.29740687497062934,1.103705657887459,-1.6694515842914583,-0.2823146610749074,0.13649313030196855,-0.21213204,0.21213204,4
386,1.103705657887459,-1.6694515842914583,-0.2823146610749074,0.13649313030196855,0.8118442627787592,-1.6585419929981233,-0.2866801010093417,0.0015753966551410523,-0.3,0.0,7
387,0.8118442627787592,-1.6585419929981233,-0.2866801010093417,0.0015753966551410523,0.7642895128726961,-1.9163993403196335,0.009038007023139057,-0.3187758682214197,0.0,-0.3,1
388,0.7642895128726961,-1.9163993403196335,0.009038007023139057,-0.3187758682214197,0.5043718963682651,-1.952543917179108,-0.2663513685889762,0.0064934209540140845,-0.3,0.0,7
389,0.5043718963682651,-1.952543917179108,-0.2663513685889762,0.0064934209540140845,0.7288481339454651,-1.9471839933633805,0.23122355683164095,0.0036396301144040076,0.3,0.0,3
390,0.7288481339454651,-1.9471839933633805,0.23122355683164095,0.0036396301144040076,0.7765915726065636,-1.9488412538051607,0.0038551828474586787,0.0003946454977748284,0.0,0.0,0
391,0.7765915726065636,-1.9488412538051607,0.0038551828474586787,0.0003946454977748284,1.0472499858379365,-1.9475096209049225,0.26876577092902626,0.0005460988428312703,0.3,0.0,3
392,1.0472499858379365,-1.9475096209049225,0.26876577092902626,0.0005460988428312703,0.8670363706469535,-1.8325365665435793,-0.27378550778477856,0.13740394891509017,-0.21213204,0.21213204,4
393,0.8670363706469535,-1.8325365665435793,-0.27378550778477856,0.13740394891509017,1.0986030423164368,-1.8087216877460481,0.24542508272443597,-0.0021276537478403853,0.3,0.0,3
394,1.0986030423164368,-1.8087216877460481,0.24542508272443597,-0.0021276537478403853,0.9210877951264381,-1.9286974552154543,-0.27146401577374135,-0.15804713413317636,-0.21213204,-0.21213204,2
395,0.9210877951264381,-1.9286974552154543,-0.27146401577374135,-0.15804713413317636,1.1045185750246047,-1.8255825022459031,0.2884486045733586,0.147648308553235,0.21213204,0.21213204,6
396,1.1045185750246047,-1.8255825022459031,0.2884486045733586,0.147648308553235,1.4037535161256791,-1.8090405348777774,0.30612777762926435,-0.0017335068450665386,0.3,0.0,3
397,1.4037535161256791,-1.8090405348777774,0.30612777762926435,-0.0017335068450665386,1.6632487738370896,-1.6640084969043731,0.2937130430227403,0.15316881866677265,0.21213204,0.21213204,6
398,1.6632487738370896,-1.6640084969043731,0.2937130430227403,0.15316881866677265,1.4948142379760743,-1.772988271045685,-0.2790004112262514,-0.1523943589948161,-0.21213204,-0.21213204,2
399,1.4948142379760743,-1.772988271045685,-0.2790004112262514,-0.1523943589948161,1.2266243376493453,-1.9258083698511126,-0.27091275768755857,-0.15319276287091485,-0.21213204,-0.21213204,2
400,1.2266243376493453,-1.9258083698511126,-0.27091275768755857,-0.15319276287091485,0.9598229257225992,-1.8066574450969697,-0.29112661863585804,0.13842978878161166,-0.21213204,0.21213204,4
401,0.9598229257225992,-1.8066574450969697,-0.29112661863585804,0.13842978878161166,1.1420945652246477,-1.6656180114269257,0.28535309022163324,0.15131518865243676,0.21213204,0.21213204,6
402,1.1420945652246477,-1.6656180114269257,0.28535309022163324,0.15131518865243676,0.9571143292784692,-1.5209034706354143,-0.28254619624522204,0.13424607648744513,-0.21213204,0.21213204,4
403,0.9571143292784692,-1.5209034706354143,-0.28254619624522204,0.13424607648744513,0.6824084487438202,-1.376292171764374,-0.27387731708792346,0.13881304983700954,-0.21213204,0.21213204,4
404,0.6824084487438202,-1.376292171764374,-0.27387731708792346,0.13881304983700954,0.6454199373483658,-1.3623944880962373,-0.0011648111369094096,0.00035807694284053154,0.0,0.0,0
405,0.6454199373483658,-1.3623944880962373,-0.0011648111369094096,0.00035807694284053154,0.40721796762943274,-1.4915313117980957,-0.27224048867290773,-0.15629758885793613,-0.21213204,-0.21213204,2
406,0.40721796762943274,-1.4915313117980957,-0.27224048867290773,-0.15629758885793613,0.36430934867858894,-1.7572898327827458,0.0016583290768788048,-0.2799608152510584,0.0,-0.3,1
407,0.36430934867858894,-1.7572898327827458,0.0016583290768788048,-0.2799608152510584,0.3695351028740406,-2.0418473186969757,0.032036274744265895,-0.28339785653640176,0.0,-0.3,1
408,0.3695351028740406,-2.0418473186969757,0.032036274744265895,-0.28339785653640176,0.37536483258008957,-1.8328019037246706,-0.008114393160930948,0.2999666891160417,0.0,0.3,5
409,0.37536483258008957,-1.8328019037246706,-0.008114393160930948,0.2999666891160417,0.1132758193001151,-1.7917439843654632,-0.2735496828521025,0.002065777772071318,-0.3,0.0,7
410,0.1132758193001151,-1.7917439843654632,-0.2735496828521025,0.002065777772071318,-0.18362550320625304,-1.783271834731102,-0.30856563619697797,0.008354810778270359,-0.3,0.0,7
411,-0.18362550320625304,-1.783271834731102,-0.30856563619697797,0.008354810778270359,-0.4804625561654568,-1.7847938099384308,-0.30272570042718533,-0.007181527089646491,-0.3,0.0,7
412,-0.4804625561654568,-1.7847938099384308,-0.30272570042718533,-0.007181527089646491,-0.517236774134636,-2.0490614768505093,0.01674733459618217,-0.30136932428564267,0.0,-0.3,1
413,-0.517236774134636,-2.0490614768505093,0.01674733459618217,-0.30136932428564267,-0.5183483945965768,-2.085241897773743,0.0003354326369661182,-9.53090160310645e-05,0.0,0.0,0
414,-0.5183483945965768,-2.085241897773743,0.0003354326369661182,-9.53090160310645e-05,-0.24545928697884087,-2.0843083772659305,0.2676214738643823,0.0012729480545729634,0.3,0.0,3
415,-0.24545928697884087,-2.0843083772659305,0.2676214738643823,0.0012729480545729634,-0.41966250783801085,-1.9599108860254288,-0.2811540684715773,0.13393441738019435,-0.21213204,0.21213204,4
416,-0.41966250783801085,-1.9599108860254288,-0.2811540684715773,0.13393441738019435,-0.7097296037197114,-1.9456430404663088,-0.283547224880362,-0.008519699061011948,-0.3,0.0,7
417,-0.7097296037197114,-1.9456430404663088,-0.283547224880362,-0.008519699061011948,-0.5319230438113213,-1.8146418301582339,0.27472104118426244,0.17454635428918072,0.21213204,0.21213204,6
418,-0.5319230438113213,-1.8146418301582339,0.27472104118426244,0.17454635428918072,-0.710672651875019,-1.9276302473068239,-0.28636227156338706,-0.17675143589658393,-0.21213204,-0.21213204,2
419,-0.710672651875019,-1.9276302473068239,-0.28636227156338706,-0.17675143589658393,-0.9761964775919914,-1.8088056956529617,-0.2751330727057623,0.13457823017035034,-0.21213204,0.21213204,4
420,-0.9761964775919914,-1.8088056956529617,-0.2751330727057623,0.13457823017035034,-1.0144194367170334,-1.794422467207909,-0.0005819664648587295,-1.0233110311621035e-05,0.0,0.0,0
421,-1.0144194367170334,-1.794422467207909,-0.0005819664648587295,-1.0233110311621035e-05,-0.9994475045442581,-2.0461228631019597,0.02156954776977724,-0.28552583313741836,0.0,-0.3,1
422,-0.9994475045442581,-2.0461228631019597,0.02156954776977724,-0.28552583313741836,-1.2213364399909974,-1.9580722057819369,-0.2697162259614983,0.1361103411203028,-0.21213204,0.21213204,4
423,-1.2213364399909974,-1.9580722057819369,-0.2697162259614983,0.1361103411203028,-1.2605382705211639,-1.9427558851242066,-0.00017295436087183037,0.0002320830756423778,0.0,0.0,0
424,-1.2605382705211639,-1.9427558851242066,-0.00017295436087183037,0.0002320830756423778,-1.4963163230895995,-1.8167899497509006,-0.27854774121924003,0.13198366819460955,-0.21213204,0.21213204,4
425,-1.4963163230895995,-1.8167899497509006,-0.27854774121924003,0.13198366819460955,-1.754454720902443,-1.9569867885828018,-0.24520760008668613,-0.1325892948863755,-0.21213204,-0.21213204,2
426,-1.754454720902443,-1.9569867885828018,-0.24520760008668613,-0.1325892948863755,-1.5920257526397708,-1.8581479837179187,0.2400173222028357,0.145195504975099,0.21213204,0.21213204,6
427,-1.5920257526397708,-1.8581479837179187,0.2400173222028357,0.145195504975099,-1.33112827937603,-1.999148023438454,0.29290274478877376,-0.1553658882892834,0.21213204,-0.21213204,8
428,-1.33112827937603,-1.999148023438454,0.29290274478877376,-0.1553658882892834,-1.5523240037441255,-2.0322724581241607,-0.2493442516756307,-0.003497582898268717,-0.3,0.0,7
429,-1.5523240037441255,-2.0322724581241607,-0.2493442516756307,-0.003497582898268717,-1.3732914909362794,-1.9113574920654297,0.2934364324661385,0.15676237646105232,0.21213204,0.21213204,6
430,-1.3732914909362794,-1.9113574920654297,0.2934364324661385,0.15676237646105232,-1.3342862957715989,-1.8949627975463867,-0.0034366138129075705,-0.001266947556942536,0.0,0.0,0
431,-1.3342862957715989,-1.8949627975463867,-0.0034366138129075705,-0.001266947556942536,-1.0816687029600143,-1.7608710736751556,0.293901834734798,0.15250877944422808,0.21213204,0.21213204,6
432,-1.0816687029600143,-1.7608710736751556,0.293901834734798,0.15250877944422808,-0.7825633713841439,-1.7469998256206514,0.30158128615229374,-0.003005960715182432,0.3,0.0,3
433,-0.7825633713841439,-1.7469998256206514,0.30158128615229374,-0.003005960715182432,-0.7378374906659126,-1.7475758790254594,-0.0008297558784650437,-3.950271107768281e-05,0.0,0.0,0
434,-0.7378374906659126,-1.7475758790254594,-0.0008297558784650437,-3.950271107768281e-05,-0.46836474388241767,-1.7468991109848024,0.27159860531896474,0.027402956559589395,0.3,0.0,3
435,-0.46836474388241767,-1.7468991109848024,0.27159860531896474,0.027402956559589395,-0.6358705156326294,-1.8804293606996536,-0.2851577827128697,-0.16781724705429354,-0.21213204,-0.21213204,2
436,-0.6358705156326294,-1.8804293606996536,-0.2851577827128697,-0.16781724705429354,-0.45304507747292516,-1.7716800499200822,0.29040316281157325,0.13456748394542692,0.21213204,0.21213204,6
437,-0.45304507747292516,-1.7716800499200822,0.29040316281157325,0.13456748394542692,-0.6432399588227273,-1.6166768496513366,-0.2857082306283132,0.13857498643581678,-0.21213204,0.21213204,4
438,-0.6432399588227273,-1.6166768496513366,-0.2857082306283132,0.13857498643581678,-0.682149606704712,-1.6020232213020325,-0.0009308669529759651,-0.0002121533876708792,0.0,0.0,0
439,-0.682149606704712,-1.6020232213020325,-0.0009308669529759651,-0.0002121533876708792,-0.9167393243074419,-1.4745081410884857,-0.27894065429518816,0.13668010464529948,-0.21213204,0.21213204,4
440,-0.9167393243074419,-1.4745081410884857,-0.27894065429518816,0.13668010464529948,-0.9574901233673097,-1.4589947566509247,0.0007388391364596478,0.00013868938444670152,0.0,0.0,0
441,-0.9574901233673097,-1.4589947566509247,0.0007388391364596478,0.00013868938444670152,-1.1887253840684893,-1.5883891287326815,-0.2691195112266837,-0.1543673699842137,-0.21213204,-0.21213204,2
442,-1.1887253840684893,-1.5883891287326815,-0.2691195112266837,-0.1543673699842137,-1.2045702118635178,-1.8533592827081682,0.021103847435292047,-0.29919885935276835,0.0,-0.3,1
443,-1.2045702118635178,-1.8533592827081682,0.021103847435292047,-0.29919885935276835,-0.9803278725981713,-1.7515523109912872,0.29295543715048644,0.14684277526965367,0.21213204,0.21213204,6
444,-0.9803278725981713,-1.7515523109912872,0.29295543715048644,0.14684277526965367,-1.2032104185342787,-1.7303967928886415,-0.2408636931312164,-0.0003735297797745374,-0.3,0.0,7
445,-1.2032104185342787,-1.7303967928886415,-0.2408636931312164,-0.0003735297797745374,-1.4956116348266604,-1.7337546196222307,-0.29369254865754835,-0.00832403402979567,-0.3,0.0,7
446,-1.4956116348266604,-1.7337546196222307,-0.29369254865754835,-0.00832403402979567,-1.7502429124832153,-1.8966202067613602,-0.26747543361699966,-0.17849926714180878,-0.21213204,-0.21213204,2
447,-1.7502429124832153,-1.8966202067613602,-0.26747543361699966,-0.17849926714180878,-1.5830499005794525,-1.7926693786382675,0.2859151263691016,0.16559843196375248,0.21213204,0.21213204,6
448,-1.5830499005794525,-1.7926693786382675,0.2859151263691016,0.16559843196375248,-1.527541569519043,-2.0330556960105897,-0.0013984790569001593,-0.3365201355319127,0.0,-0.3,1
449,-1.527541569519043,-2.0330556960105897,-0.0013984790569001593,-0.3365201355319127,-1.2650077098369599,-2.0795098012447357,0.2617825836952083,-0.001147549808594256,0.3,0.0,3
450,-1.2650077098369599,-2.0795098012447357,0.2617825836952083,-0.001147549808594256,-1.4863075778007508,-2.086865500831604,-0.2330205725827096,-0.0025486928864068307,-0.3,0.0,7
451,-1.4863075778007508,-2.086865500831604,-0.2330205725827096,-0.0025486928864068307,-1.7833887188434603,-2.0950538649559025,-0.3135021885212361,-0.011437752781203254,-0.3,0.0,7
452,-1.7833887188434603,-2.0950538649559025,-0.3135021885212361,-0.011437752781203254,-2.0415473043918606,-1.9616790100574495,-0.2731848262090327,0.1402093061592724,-0.21213204,0.21213204,4
453,-2.0415473043918606,-1.9616790100574495,-0.2731848262090327,0.1402093061592724,-2.079193735265732,-1.9469565078973772,-0.0002812912582631619,-1.350523317764134e-05,0.0,0.0,0
454,-2.079193735265732,-1.9469565078973772,-0.0002812912582631619,-1.350523317764134e-05,-1.8089370050191882,-1.9468685390472413,0.296735247911816,-0.008705444103939915,0.3,0.0,3
455,-1.8089370050191882,-1.9468685390472413,0.296735247911816,-0.008705444103939915,-1.5543143125772476,-1.7981462256193161,0.31217872218543485,0.16345742982158457,0.21213204,0.21213204,6
456,-1.5543143125772476,-1.7981462256193161,0.31217872218543485,0.16345742982158457,-1.4991510212183,-2.042062407541275,-0.007914868465188248,-0.33275796639848165,0.0,-0.3,1
457,-1.4991510212183,-2.042062407541275,-0.007914868465188248,-0.33275796639848165,-1.7119860906124116,-1.9515667016506195,-0.2788293905811415,0.16330874934786258,-0.21213204,0.21213204,4
458,-1.7119860906124116,-1.9515667016506195,-0.2788293905811415,0.16330874934786258,-1.485454860520363,-1.9284883940696718,0.2427265065596268,-0.0056992654050053845,0.3,0.0,3
459,-1.485454860520363,-1.9284883940696718,0.2427265065596268,-0.0056992654050053845,-1.6595119003772736,-1.8114938563823704,-0.2883369174889301,0.14304726040013366,-0.21213204,0.21213204,4
460,-1.6595119003772736,-1.8114938563823704,-0.2883369174889301,0.14304726040013366,-1.42585333275795,-1.79565540266037,0.24601168216511543,-0.004173428724784375,0.3,0.0,3
461,-1.42585333275795,-1.79565540266037,0.24601168216511543,-0.004173428724784375,-1.648873530125618,-1.8029968935966494,-0.2630445414916716,0.0018391414748954286,-0.3,0.0,7
462,-1.648873530125618,-1.8029968935966494,-0.2630445414916716,0.0018391414748954286,-1.7096312475681308,-1.568955564403534,-0.01605274296597514,0.28522810003014776,0.0,0.3,5
463,-1.7096312475681308,-1.568955564403534,-0.01605274296597514,0.28522810003014776,-1.7117495717525484,-1.2898636985778809,0.01315166985440851,0.29180130749217986,0.0,0.3,5
464,-1.7117495717525484,-1.2898636985778809,0.01315166985440851,0.29180130749217986,-1.703175934958458,-0.9959188930034639,0.015033858585592905,0.2905465978942545,0.0,0.3,5
465,-1.703175934958458,-0.9959188930034639,0.015033858585592905,0.2905465978942545,-1.4721638066530227,-1.094101727128029,0.289784854270363,-0.14134266253171276,0.21213204,-0.21213204,8
466,-1.4721638066530227,-1.094101727128029,0.289784854270363,-0.14134266253171276,-1.6943203560352327,-1.1193108800172806,-0.2400709126591582,0.003270788033925146,-0.3,0.0,7
467,-1.6943203560352327,-1.1193108800172806,-0.2400709126591582,0.003270788033925146,-1.9541913749217987,-1.2673051290512087,-0.27018373111031035,-0.162641154072922,-0.21213204,-0.21213204,2
468,-1.9541913749217987,-1.2673051290512087,-0.27018373111031035,-0.162641154072922,-1.7616302925109866,-1.4289558969259264,0.2839191269622438,-0.15433644873110347,0.21213204,-0.21213204,8
469,-1.7616302925109866,-1.4289558969259264,0.2839191269622438,-0.15433644873110347,-1.987312381911278,-1.4597677990674973,-0.24108086239250498,-0.004296928393300301,-0.3,0.0,7
470,-1.987312381911278,-1.4597677990674973,-0.24108086239250498,-0.004296928393300301,-2.049440662479401,-1.2301421934604646,0.0006000561318829225,0.28644272590976466,0.0,0.3,5
471,-2.049440662479401,-1.2301421934604646,0.0006000561318829225,0.28644272590976466,-2.0440783239364624,-1.4501346011161804,-0.013872642483181997,-0.33085138280539783,0.0,-0.3,1
472,-2.0440783239364624,-1.4501346011161804,-0.013872642483181997,-0.33085138280539783,-1.8451771921157838,-1.3671623006820681,0.25523625006386064,0.1565891573973751,0.21213204,0.21213204,6
473,-1.8451771921157838,-1.3671623006820681,0.25523625006386064,0.1565891573973751,-1.8061298573732376,-1.3511182628631593,0.0007422006711360711,0.0005089072434775887,0.0,0.0,0
474,-1.8061298573732376,-1.3511182628631593,0.0007422006711360711,0.0005089072434775887,-1.5555260550498962,-1.483880527997017,0.2738721415409496,-0.14038318879297051,0.21213204,-0.21213204,8
475,-1.5555260550498962,-1.483880527997017,0.2738721415409496,-0.14038318879297051,-1.742855396461487,-1.646702341794968,-0.26265637839491573,-0.16278270183717491,-0.21213204,-0.21213204,2
476,-1.742855396461487,-1.646702341794968,-0.26265637839491573,-0.16278270183717491,-2.0343043566703796,-1.6669851086616516,-0.29035709267787335,-0.000954608891249145,-0.3,0.0,7
477,-2.0343043566703796,-1.6669851086616516,-0.29035709267787335,-0.000954608891249145,-2.076607138681412,-1.9245188000202178,0.012480466611026196,-0.325120749609551,0.0,-0.3,1
478,-2.076607138681412,-1.9245188000202178,0.012480466611026196,-0.325120749609551,-2.075022870731354,-1.9647572458505633,0.0006220817108114095,-0.00016731141758433979,0.0,0.0,0
479,-2.075022870731354,-1.9647572458505633,0.0006220817108114095,-0.00016731141758433979,-1.8027072134494784,-1.9619120338439942,0.27430810420820445,-0.00815845381531525,0.3,0.0,3
480,-1.8027072134494784,-1.9619120338439942,0.27430810420820445,-0.00815845381531525,-1.5011283684015275,-1.962358495950699,0.3110598289764934,-0.0043143141687136104,0.3,0.0,3
481,-1.5011283684015275,-1.962358495950699,0.3110598289764934,-0.0043143141687136104,-1.6869353669166567,-1.843646767950058,-0.2776109823588877,0.12684461303126882,-0.21213204,0.21213204,4
482,-1.6869353669166567,-1.843646767950058,-0.2776109823588877,0.12684461303126882,-1.9640525511264801,-1.7117747831583023,-0.27646176077253637,0.14187907726487903,-0.21213204,0.21213204,4
483,-1.9640525511264801,-1.7117747831583023,-0.27646176077253637,0.14187907726487903,-1.7665783568382263,-1.5659495730876922,0.2829999360597554,0.14210255409463188,0.21213204,0.21213204,6
484,-1.7665783568382263,-1.5659495730876922,0.2829999360597554,0.14210255409463188,-1.4708051968812943,-1.5539238864421845,0.2999673409806145,0.0030548169608876526,0.3,0.0,3
485,-1.4708051968812943,-1.5539238864421845,0.2999673409806145,0.0030548169608876526,-1.6940626530170442,-1.5615405790090562,-0.2408970429255902,-0.010103591520485948,-0.3,0.0,7
486,-1.6940626530170442,-1.5615405790090562,-0.2408970429255902,-0.010103591520485948,-1.738713589525223,-1.5636813884496692,-3.238716272269944e-05,0.0005530835396959119,0.0,0.0,0
487,-1.738713589525223,-1.5636813884496692,-3.238716272269944e-05,0.0005530835396959119,-1.738705619621277,-1.5636682556629182,0.0001160237044196439,0.00022094301586003077,0.0,0.0,0
488,-1.738705619621277,-1.5636682556629182,0.0001160237044196439,0.00022094301586003077,-1.7469181079626084,-1.8437547726392747,-0.0025982561806014177,-0.3592707782375204,0.0,-0.3,1
489,-1.7469181079626084,-1.8437547726392747,-0.0025982561806014177,-0.3592707782375204,-1.7451658601522446,-1.8866027436017991,0.002507090542252088,0.002369587439413396,0.0,0.0,0
490,-1.7451658601522446,-1.8866027436017991,0.002507090542252088,0.002369587439413396,-1.5124004142045977,-1.7575906942844393,0.28350819522425225,0.14949446357975807,0.21213204,0.21213204,6
491,-1.5124004142045977,-1.7575906942844393,0.28350819522425225,0.14949446357975807,-1.460318828392029,-1.4946611271858217,0.028145420249803807,0.31477581529183785,0.0,0.3,5
492,-1.460318828392029,-1.4946611271858217,0.028145420249803807,0.31477581529183785,-1.4627802003145218,-1.4570288612842561,0.002172822099907706,0.000868816570090894,0.0,0.0,0
493,-1.4627802003145218,-1.4570288612842561,0.002172822099907706,0.000868816570090894,-1.6958539964675903,-1.3333976341724398,-0.26240975140779155,0.13847565402863257,-0.21213204,0.21213204,4
494,-1.6958539964675903,-1.3333976341724398,-0.26240975140779155,0.13847565402863257,-1.736114047241211,-1.31845781519413,-0.0003791580268429508,-0.00011037624418591446,0.0,0.0,0
495,-1.736114047241211,-1.31845781519413,-0.0003791580268429508,-0.00011037624418591446,-1.7336956133127213,-1.591019860124588,-0.007438019425757317,-0.33137374488791205,0.0,-0.3,1
496,-1.7336956133127213,-1.591019860124588,-0.007438019425757317,-0.33137374488791205,-1.7352798959970475,-1.9175938145160676,0.012410456035194337,-0.319767545186676,0.0,-0.3,1
497,-1.7352798959970475,-1.9175938145160676,0.012410456035194337,-0.319767545186676,-1.5410926708459856,-1.8092969219207764,0.30783756685925173,0.1597714950854281,0.21213204,0.21213204,6
498,-1.5410926708459856,-1.8092969219207764,0.30783756685925173,0.1597714950854281,-1.2497397990703585,-1.657979440188408,0.30051526222586605,0.15182620788773843,0.21213204,0.21213204,6
499,-1.2497397990703585,-1.657979440188408,0.30051526222586605,0.15182620788773843,-1.1855737673282625,-1.8841922935009006,0.02186627715500795,-0.290379986725268,0.0,-0.3,1
500,-1.1855737673282625,-1.8841922935009006,0.02186627715500795,-0.290379986725268,-1.1819910456180573,-1.9205601670742034,0.00029110246425209543,0.0005464763561785961,0.0,0.0,0
501,-1.1819910456180573,-1.9205601670742034,0.00029110246425209543,0.0005464763561785961,-1.1820855809926987,-1.9205667844057086,0.0007631314103738307,0.000315858461242134,0.0,0.0,0
502,-1.1820855809926987,-1.9205667844057086,0.0007631314103738307,0.000315858461242134,-1.4130230940103532,-1.7940256485939028,-0.273193149507237,0.14270766876646893,-0.21213204,0.21213204,4
503,-1.4130230940103532,-1.7940256485939028,-0.273193149507237,0.14270766876646893,-1.1806007234811782,-1.765300497031212,0.24048659480399814,0.00019628780439890248,0.3,0.0,3
504,-1.1806007234811782,-1.765300497031212,0.24048659480399814,0.00019628780439890248,-1.119368381047249,-1.521431519818306,0.012031102377621653,0.2941933475278412,0.0,0.3,5
505,-1.119368381047249,-1.521431519818306,0.012031102377621653,0.2941933475278412,-1.3437542840480805,-1.3470637901544573,-0.27953275760529084,0.14065844851304576,-0.21213204,0.21213204,4
506,-1.3437542840480805,-1.3470637901544573,-0.27953275760529084,0.14065844851304576,-1.6082808180332187,-1.4700637065410616,-0.26731672559773956,-0.15127892764479767,-0.21213204,-0.21213204,2
507,-1.6082808180332187,-1.4700637065410616,-0.26731672559773956,-0.15127892764479767,-1.6415808386802677,-1.25215570499897,0.03452891602776627,0.30142994599235334,0.0,0.3,5
508,-1.6415808386802677,-1.25215570499897,0.03452891602776627,0.30142994599235334,-1.630428583788872,-1.465869245862961,0.004565407371574005,-0.3171876815581282,0.0,-0.3,1
509,-1.630428583788872,-1.465869245862961,0.004565407371574005,-0.3171876815581282,-1.650467720746994,-1.772502719593048,-0.024069257437518664,-0.29363840970592764,0.0,-0.3,1
510,-1.650467720746994,-1.772502719593048,-0.024069257437518664,-0.29363840970592764,-1.8697916538953783,-1.9758144916772842,-0.28768261528865136,-0.16170765558835895,-0.21213204,-0.21213204,2
511,-1.8697916538953783,-1.9758144916772842,-0.28768261528865136,-0.16170765558835895,-1.6392052977561953,-2.001210661840439,0.23137862693318018,0.0059217763303823084,0.3,0.0,3
512,-1.6392052977561953,-2.001210661840439,0.23137862693318018,0.0059217763303823084,-1.3645595913171769,-1.8609410505056383,0.2917085951407088,0.16011194451224225,0.21213204,0.21213204,6
513,-1.3645595913171769,-1.8609410505056383,0.2917085951407088,0.16011194451224225,-1.3219841886043548,-1.8430230640888217,0.0032990363930936826,0.0014191424490793054,0.0,0.0,0
514,-1.3219841886043548,-1.8430230640888217,0.0032990363930936826,0.0014191424490793054,-1.5906382147312166,-1.8472974449396133,-0.26225251660009596,-0.0007854861588560137,-0.3,0.0,7
515,-1.5906382147312166,-1.8472974449396133,-0.26225251660009596,-0.0007854861588560137,-1.8769029070138932,-1.7257635411262513,-0.275993480432957,0.1289320486173643,-0.21213204,0.21213204,4
516,-1.8769029070138932,-1.7257635411262513,-0.275993480432957,0.1289320486173643,-1.6495507415294648,-1.7131031500101088,0.2603312929590564,-0.0020228110880262692,0.3,0.0,3
517,-1.6495507415294648,-1.7131031500101088,0.2603312929590564,-0.0020228110880262692,-1.5843308275938035,-1.9709374658107757,0.016753296572344176,-0.3130164414714113,0.0,-0.3,1
518,-1.5843308275938035,-1.9709374658107757,0.016753296572344176,-0.3130164414714113,-1.3198690813541414,-2.0161942944049835,0.26824854986068236,0.0006406196864419194,0.3,0.0,3
519,-1.3198690813541414,-2.0161942944049835,0.26824854986068236,0.0006406196864419194,-1.5096985477209093,-1.8994848180294037,-0.2760164870473286,0.14413809605874547,-0.21213204,0.21213204,4
520,-1.5096985477209093,-1.8994848180294037,-0.2760164870473286,0.14413809605874547,-1.8023659811258317,-1.892280421304703,-0.27085695089569034,-0.008855611039152493,-0.3,0.0,7
521,-1.8023659811258317,-1.892280421304703,-0.27085695089569034,-0.008855611039152493,-1.8544727614641192,-2.1486947409152983,0.008671150393434185,-0.30904259943730183,0.0,-0.3,1
522,-1.8544727614641192,-2.1486947409152983,0.008671150393434185,-0.30904259943730183,-2.0742567368507387,-2.057738019657135,-0.2697488306070177,0.143355713435404,-0.21213204,0.21213204,4
523,-2.0742567368507387,-2.057738019657135,-0.2697488306070177,0.143355713435404,-2.105435174942017,-1.7953357788562776,0.0027314572842281276,0.29121450481878963,0.0,0.3,5
524,-2.105435174942017,-1.7953357788562776,0.0027314572842281276,0.29121450481878963,-2.1061895502567296,-1.760835980796814,-0.0002335396162793507,0.0002483258371975458,0.0,0.0,0
525,-2.1061895502567296,-1.760835980796814,-0.0002335396162793507,0.0002483258371975458,-2.082963554286957,-2.030125204086304,0.028609186645812475,-0.28686254623532953,0.0,-0.3,1
526,-2.082963554286957,-2.030125204086304,0.028609186645812475,-0.28686254623532953,-1.815120915174484,-2.068014348554611,0.25252059800289006,-0.005603890946624818,0.3,0.0,3
527,-1.815120915174484,-2.068014348554611,0.25252059800289006,-0.005603890946624818,-1.512864608359337,-2.0703487727642056,0.3097017079600375,-0.003186236688654642,0.3,0.0,3
528,-1.512864608359337,-2.0703487727642056,0.3097017079600375,-0.003186236688654642,-1.2622914786577224,-1.9239472644329072,0.28585197118766076,0.17139870091299494,0.21213204,0.21213204,6
529,-1.2622914786577224,-1.9239472644329072,0.28585197118766076,0.17139870091299494,-1.2101975220441819,-1.6458655702352527,0.019831382995054166,0.29722487862152513,0.0,0.3,5
530,-1.2101975220441819,-1.6458655702352527,0.019831382995054166,0.29722487862152513,-1.435992581629753,-1.4683126613140105,-0.27664444473071836,0.14588200582992228,-0.21213204,0.21213204,4
531,-1.435992581629753,-1.4683126613140105,-0.27664444473071836,0.14588200582992228,-1.6968847780942917,-1.5995730885982515,-0.3002978115561943,-0.19585213005366223,-0.21213204,-0.21213204,2
532,-1.6968847780942917,-1.5995730885982515,-0.3002978115561943,-0.19585213005366223,-1.7302964814662936,-1.6223140341758733,0.00041181724714762266,2.0637107177383117e-05,0.0,0.0,0
533,-1.7302964814662936,-1.6223140341758733,0.00041181724714762266,2.0637107177383117e-05,-1.730016960144043,-1.9021060102701188,0.011299737698077008,-0.3138278949330633,0.0,-0.3,1
534,-1.730016960144043,-1.9021060102701188,0.011299737698077008,-0.3138278949330633,-1.728626626110077,-1.9430275847911835,-0.000844936867586466,6.337482445122278e-05,0.0,0.0,0
535,-1.728626626110077,-1.9430275847911835,-0.000844936867586466,6.337482445122278e-05,-1.4563925411939622,-1.947304186153412,0.2740328599866945,-0.002368841411538006,0.3,0.0,3
536,-1.4563925411939622,-1.947304186153412,0.2740328599866945,-0.002368841411538006,-1.1476445635318757,-1.9452755884170532,0.31296683710181017,0.0069761270932651945,0.3,0.0,3
537,-1.1476445635318757,-1.9452755884170532,0.31296683710181017,0.0069761270932651945,-0.8781962406277657,-1.8044828977584841,0.2827357961157682,0.15615413938025574,0.21213204,0.21213204,6
538,-0.8781962406277657,-1.8044828977584841,0.2827357961157682,0.15615413938025574,-0.5826451656460763,-1.7921864982604983,0.31916129257591974,-0.0012746173020381417,0.3,0.0,3
539,-0.5826451656460763,-1.7921864982604983,0.31916129257591974,-0.0012746173020381417,-0.5418783567786217,-1.5433039850473405,-0.011002804613935125,0.2654192308466661,0.0,0.3,5
540,-0.5418783567786217,-1.5433039850473405,-0.011002804613935125,0.2654192308466661,-0.541259217607975,-1.5141137352466587,0.0005028891593960616,-0.000385198926675057,0.0,0.0,0
541,-0.541259217607975,-1.5141137352466587,0.0005028891593960616,-0.000385198926675057,-0.29614710952639584,-1.6425739012241365,0.2740888393935735,-0.15150648705416506,0.21213204,-0.21213204,8
542,-0.29614710952639584,-1.6425739012241365,0.2740888393935735,-0.15150648705416506,-0.03876347725391388,-1.4997506433248522,0.2754449114764772,0.15920352631786283,0.21213204,0.21213204,6
543,-0.03876347725391388,-1.4997506433248522,0.2754449114764772,0.15920352631786283,-0.23374064785540105,-1.3474265085697175,-0.27847287624340583,0.13854056976715398,-0.21213204,0.21213204,4
544,-0.23374064785540105,-1.3474265085697175,-0.27847287624340583,0.13854056976715398,-0.5081051256179809,-1.2076460096120833,-0.26623789920129765,0.1396387483513566,-0.21213204,0.21213204,4
545,-0.5081051256179809,-1.2076460096120833,-0.26623789920129765,0.1396387483513566,-0.7585440404415131,-1.3375959255456926,-0.24486691669407587,-0.13687438811204147,-0.21213204,-0.21213204,2
546,-0.7585440404415131,-1.3375959255456926,-0.24486691669407587,-0.13687438811204147,-0.5610964209198952,-1.4886830117940906,0.27808260773942123,-0.1443476313318051,0.21213204,-0.21213204,8
547,-0.5610964209198952,-1.4886830117940906,0.27808260773942123,-0.1443476313318051,-0.5223677950620652,-1.5041908956766128,-0.0005389950850892775,3.32173210984957e-05,0.0,0.0,0
548,-0.5223677950620652,-1.5041908956766128,-0.0005389950850892775,3.32173210984957e-05,-0.2491480490267277,-1.5029705529451372,0.2825296518527494,0.0072237200679157055,0.3,0.0,3
549,-0.2491480490267277,-1.5029705529451372,0.2825296518527494,0.0072237200679157055,0.0196701520241797,-1.3514838137149812,0.2831117983915842,0.15728588732869186,0.21213204,0.21213204,6
550,0.0196701520241797,-1.3514838137149812,0.2831117983915842,0.15728588732869186,-0.2104677510529757,-1.3259329468488694,-0.2577297731995707,-0.0025628659172619787,-0.3,0.0,7
551,-0.2104677510529757,-1.3259329468488694,-0.2577297731995707,-0.0025628659172619787,-0.030518411704897885,-1.4474580563783648,0.2830410824540645,-0.14446253289283748,0.21213204,-0.21213204,8
552,-0.030518411704897885,-1.4474580563783648,0.2830410824540645,-0.14446253289283748,-0.22332478215098384,-1.3375779417514801,-0.28893473654848445,0.15009584644814059,-0.21213204,0.21213204,4
553,-0.22332478215098384,-1.3375779417514801,-0.28893473654848445,0.15009584644814059,-0.4980590672969818,-1.199949902367592,-0.2726351546810411,0.13631355008842025,-0.21213204,0.21213204,4
554,-0.4980590672969818,-1.199949902367592,-0.2726351546810411,0.13631355008842025,-0.5297124650359154,-1.4271566588163376,0.0018439343764764225,-0.32794301008598087,0.0,-0.3,1
555,-0.5297124650359154,-1.4271566588163376,0.0018439343764764225,-0.32794301008598087,-0.520930998325348,-1.2246950108289718,0.02495733982237395,0.2809877954565043,0.0,0.3,5
556,-0.520930998325348,-1.2246950108289718,0.02495733982237395,0.2809877954565043,-0.24689713118374348,-1.1910736689090728,0.2917299163520163,0.005210406469953232,0.3,0.0,3
557,-0.24689713118374348,-1.1910736689090728,0.2917299163520163,0.005210406469953232,-0.192807320946455,-0.9389902258872986,0.010747835339644294,0.30347392704013626,0.0,0.3,5
558,-0.192807320946455,-0.9389902258872986,0.010747835339644294,0.30347392704013626,-0.18426379903256895,-0.6426133876085282,0.007220922461839234,0.2842403249097069,0.0,0.3,5
559,-0.18426379903256895,-0.6426133876085282,0.007220922461839234,0.2842403249097069,-0.1842440722227097,-0.6074643850445748,0.0005288474783343826,-0.00021604146612048914,0.0,0.0,0
560,-0.1842440722227097,-0.6074643850445748,0.0005288474783343826,-0.00021604146612048914,-0.4176608446896076,-0.7385514160990716,-0.25394820415864383,-0.14647144745658436,-0.21213204,-0.21213204,2
561,-0.4176608446896076,-0.7385514160990716,-0.25394820415864383,-0.14647144745658436,-0.4419966612994671,-1.0182983369827272,0.018939106817079426,-0.285359792827068,0.0,-0.3,1
562,-0.4419966612994671,-1.0182983369827272,0.018939106817079426,-0.285359792827068,-0.44008488413691527,-1.053217393374443,-0.0007985048065519117,0.0005508682887750756,0.0,0.0,0
563,-0.44008488413691527,-1.053217393374443,-0.0007985048065519117,0.0005508682887750756,-0.19426938844323158,-1.1797152103662492,0.2851802600145498,-0.1338956820798252,0.21213204,-0.21213204,8
564,-0.19426938844323158,-1.1797152103662492,0.2851802600145498,-0.1338956820798252,-0.4258443476378918,-1.203982963490486,-0.24895539255756702,-0.003320932512223051,-0.3,0.0,7
565,-0.4258443476378918,-1.203982963490486,-0.24895539255756702,-0.003320932512223051,-0.6920720331072808,-1.071040474486351,-0.2710844621001322,0.1334701539457479,-0.21213204,0.21213204,4
566,-0.6920720331072808,-1.071040474486351,-0.2710844621001322,0.1334701539457479,-0.9702003659129144,-0.9356565528512002,-0.27902358978250147,0.13805935062864855,-0.21213204,0.21213204,4
567,-0.9702003659129144,-0.9356565528512002,-0.27902358978250147,0.13805935062864855,-0.995838323545456,-0.6667332159757615,0.012753432545043868,0.31238081151723773,0.0,0.3,5
568,-0.995838323545456,-0.6667332159757615,0.012753432545043868,0.31238081151723773,-0.992585696732998,-0.6336451309204102,0.0013848015750140747,0.0012284750754950335,0.0,0.0,0
569,-0.992585696732998,-0.6336451309204102,0.0013848015750140747,0.0012284750754950335,-0.9924562050580978,-0.6336127562284469,0.00039508985354269046,-0.0003918928137079728,0.0,0.0,0
570,-0.9924562050580978,-0.6336127562284469,0.00039508985354269046,-0.0003918928137079728,-1.2345848536729813,-0.7479783309340479,-0.2701695670669304,-0.12635472248716353,-0.21213204,-0.21213204,2
571,-1.2345848536729813,-0.7479783309340479,-0.2701695670669304,-0.12635472248716353,-1.5135998328924178,-0.8900328951239587,-0.26426021088561086,-0.15811350521927403,-0.21213204,-0.21213204,2
572,-1.5135998328924178,-0.8900328951239587,-0.26426021088561086,-0.15811350521927403,-1.5376999249458314,-1.1584943805933,0.00939543043298814,-0.28015884845636796,0.0,-0.3,1
573,-1.5376999249458314,-1.1584943805933,0.00939543043298814,-0.28015884845636796,-1.3072435763835908,-1.3360288686037063,0.28555418100630997,-0.13480711944752294,0.21213204,-0.21213204,8
574,-1.3072435763835908,-1.3360288686037063,0.28555418100630997,-0.13480711944752294,-1.5376906211376191,-1.3541304188489915,-0.24695183825726102,-0.0003718128305276562,-0.3,0.0,7
575,-1.5376906211376191,-1.3541304188489915,-0.24695183825726102,-0.0003718128305276562,-1.3068137873888015,-1.3470973531007766,0.24252417735594747,0.008618659928467302,0.3,0.0,3
576,-1.3068137873888015,-1.3470973531007766,0.24252417735594747,0.008618659928467302,-1.0245840536117554,-1.482514749956131,0.27095991944313613,-0.1330924661042112,0.21213204,-0.21213204,8
577,-1.0245840536117554,-1.482514749956131,0.27095991944313613,-0.1330924661042112,-1.2436051146268845,-1.5121323840618135,-0.23751710434550122,-0.0041078429307759715,-0.3,0.0,7
578,-1.2436051146268845,-1.5121323840618135,-0.23751710434550122,-0.0041078429307759715,-1.0491751290798188,-1.6359164396286012,0.3113219224403167,-0.15197664903300948,0.21213204,-0.21213204,8
579,-1.0491751290798188,-1.6359164396286012,0.3113219224403167,-0.15197664903300948,-0.7514637570977211,-1.6504695872068404,0.2805679909615746,0.00012539389277395384,0.3,0.0,3
580,-0.7514637570977211,-1.6504695872068404,0.2805679909615746,0.00012539389277395384,-0.45606871809959415,-1.6537606351614,0.32240565362912676,-0.0020166817141694187,0.3,0.0,3
581,-0.45606871809959415,-1.6537606351614,0.32240565362912676,-0.0020166817141694187,-0.6213908972382546,-1.5372800414562227,-0.27656370476974307,0.14468518125789737,-0.21213204,0.21213204,4
582,-0.6213908972382546,-1.5372800414562227,-0.27656370476974307,0.14468518125789737,-0.38453700036406513,-1.5158672979593275,0.2651075218064634,0.00046780919754240395,0.3,0.0,3
583,-0.38453700036406513,-1.5158672979593275,0.2651075218064634,0.00046780919754240395,-0.08236898417472839,-1.5099947041511537,0.3164635707901109,0.00606194390916308,0.3,0.0,3
584,-0.08236898417472839,-1.5099947041511537,0.3164635707901109,0.00606194390916308,0.1848966014891863,-1.6397458176374435,0.275717128343873,-0.1365875965486663,0.21213204,-0.21213204,8
585,0.1848966014891863,-1.6397458176374435,0.275717128343873,-0.1365875965486663,0.46774559246897696,-1.7873105572223664,0.28223713327317473,-0.1668584131619937,0.21213204,-0.21213204,8
586,0.46774559246897696,-1.7873105572223664,0.28223713327317473,-0.1668584131619937,0.5047208661913871,-1.8027845607757569,0.00035607758350421066,0.0013635848062601747,0.0,0.0,0
587,0.5047208661913871,-1.8027845607757569,0.00035607758350421066,0.0013635848062601747,0.2602859232604504,-1.6773591043949128,-0.2714133052110753,0.14215104008841908,-0.21213204,0.21213204,4
588,0.2602859232604504,-1.6773591043949128,-0.2714133052110753,0.14215104008841908,0.4915733917653561,-1.6571678794384004,0.2539051316183475,0.0002235450717711562,0.3,0.0,3
589,0.4915733917653561,-1.6571678794384004,0.2539051316183475,0.0002235450717711562,0.3178825149536133,-1.7814499725103379,-0.25874674981816037,-0.1666406815059831,-0.21213204,-0.21213204,2
590,0.3178825149536133,-1.7814499725103379,-0.25874674981816037,-0.1666406815059831,0.26915910610556604,-1.551085611653328,-0.006196616810817322,0.2726255937540748,0.0,0.3,5
591,0.26915910610556604,-1.551085611653328,-0.006196616810817322,0.2726255937540748,0.4898144028186798,-1.3737318970680237,0.268488576310731,0.14235825758603407,0.21213204,0.21213204,6
592,0.4898144028186798,-1.3737318970680237,0.268488576310731,0.14235825758603407,0.30312020606994633,-1.4787894005060196,-0.28185116211842653,-0.14340025611419605,-0.21213204,-0.21213204,2
593,0.30312020606994633,-1.4787894005060196,-0.28185116211842653,-0.14340025611419605,0.5346406047224999,-1.5007440749883654,0.2552852071980267,-0.0019520255255070975,0.3,0.0,3
594,0.5346406047224999,-1.5007440749883654,0.2552852071980267,-0.0019520255255070975,0.5729730192422867,-1.744628970718384,-0.032449868973244034,-0.25710863519220556,0.0,-0.3,1
595,0.5729730192422867,-1.744628970718384,-0.032449868973244034,-0.25710863519220556,0.3411418697357178,-1.9234171644210818,-0.2707207934367756,-0.13160426354354204,-0.21213204,-0.21213204,2
596,0.3411418697357178,-1.9234171644210818,-0.2707207934367756,-0.13160426354354204,0.07881943940222265,-1.7892729665756226,-0.2829096936287385,0.1631512622865875,-0.21213204,0.21213204,4
597,0.07881943940222265,-1.7892729665756226,-0.2829096936287385,0.1631512622865875,0.042247537558525804,-1.771932118391991,0.000950324578119256,0.0003936704543253041,0.0,0.0,0
598,0.042247537558525804,-1.771932118391991,0.000950324578119256,0.0003936704543253041,0.045737394551187756,-2.0013968348026276,0.013264893309874634,-0.283777037844226,0.0,-0.3,1
599,0.045737394551187756,-2.0013968348026276,0.013264893309874634,-0.283777037844226,-0.18077024766206742,-1.8974059072256089,-0.26817324407997745,0.1504981326687973,-0.21213204,0.21213204,4
600,-0.18077024766206742,-1.8974059072256089,-0.26817324407997745,0.1504981326687973,-0.22688928086757665,-1.621906771039963,-0.008249473737537127,0.29357000019055013,0.0,0.3,5
601,-0.22688928086757665,-1.621906771039963,-0.008249473737537127,0.29357000019055013,-0.0005379266234114768,-1.7016667455911638,0.2797885446960714,-0.12628437295015166,0.21213204,-0.21213204,8
602,-0.0005379266234114768,-1.7016667455911638,0.2797885446960714,-0.12628437295015166,0.28510484272241593,-1.827207783174515,0.28569758324838906,-0.13382629029696425,0.21213204,-0.21213204,8
603,0.28510484272241593,-1.827207783174515,0.28569758324838906,-0.13382629029696425,0.10896403415352107,-1.9735561258077623,-0.25999600803928,-0.1430621584897,-0.21213204,-0.21213204,2
604,0.10896403415352107,-1.9735561258077623,-0.25999600803928,-0.1430621584897,0.3465997358977795,-1.9942281872272494,0.269252686772892,0.0033563501160403996,0.3,0.0,3
605,0.3465997358977795,-1.9942281872272494,0.269252686772892,0.0033563501160403996,0.4056356745064259,-1.7473481597423552,0.0068156361596376025,0.2689955869384101,0.0,0.3,5
606,0.4056356745064259,-1.7473481597423552,0.0068156361596376025,0.2689955869384101,0.1757362475812435,-1.5703655057907107,-0.27105431937076635,0.15837488269723154,-0.21213204,0.21213204,4
607,0.1757362475812435,-1.5703655057907107,-0.27105431937076635,0.15837488269723154,0.40902854270935063,-1.5490805834054948,0.24636463711692247,-0.0059501329995903934,0.3,0.0,3
608,0.40902854270935063,-1.5490805834054948,0.24636463711692247,-0.0059501329995903934,0.4557472009539604,-1.5482321006774904,0.001113064327266311,2.327146240159034e-05,0.0,0.0,0
609,0.4557472009539604,-1.5482321006774904,0.001113064327266311,2.327146240159034e-05,0.4607452558219433,-1.8212459284067155,0.007522904122348401,-0.3227516574051627,0.0,-0.3,1
610,0.4607452558219433,-1.8212459284067155,0.007522904122348401,-0.3227516574051627,0.4635388636946679,-2.128358477973938,0.014125455297422316,-0.3184795688592614,0.0,-0.3,1
611,0.4635388636946679,-2.128358477973938,0.014125455297422316,-0.3184795688592614,0.6878613210558893,-2.0266431358814243,0.2788791665855859,0.14506561555561803,0.21213204,0.21213204,6
612,0.6878613210558893,-2.0266431358814243,0.2788791665855859,0.14506561555561803,0.5006263680577279,-1.882012482428551,-0.2806192515167694,0.14666985872826985,-0.21213204,0.21213204,4
613,0.5006263680577279,-1.882012482428551,-0.2806192515167694,0.14666985872826985,0.4670598534345627,-1.608825161218643,0.008970995316854235,0.29594710364645727,0.0,0.3,5
614,0.4670598534345627,-1.608825161218643,0.008970995316854235,0.29594710364645727,0.46835200765728957,-1.5722023332357409,-0.0004213242226878845,5.575259100674688e-05,0.0,0.0,0
615,0.46835200765728957,-1.5722023332357409,-0.0004213242226878845,5.575259100674688e-05,0.46835621277689937,-1.5721817642688751,2.1460078163461192e-05,9.411658684272661e-05,0.0,0.0,0
616,0.46835621277689937,-1.5721817642688751,2.1460078163461192e-05,9.411658684272661e-05,0.7138541676998139,-1.4423573709726334,0.27931357007639757,0.15113293978319978,0.21213204,0.21213204,6
617,0.7138541676998139,-1.4423573709726334,0.27931357007639757,0.15113293978319978,0.7478281981110573,-1.1673842626571656,0.0020100206244195156,0.31343254441850604,0.0,0.3,5
618,0.7478281981110573,-1.1673842626571656,0.0020100206244195156,0.31343254441850604,0.9709825853586198,-0.9758399354934693,0.28324556684099195,0.15877367891088598,0.21213204,0.21213204,6
619,0.9709825853586198,-0.9758399354934693,0.28324556684099195,0.15877367891088598,0.739094394171238,-0.949457110273838,-0.25807106534754853,0.00613944900623787,-0.3,0.0,7
620,0.739094394171238,-0.949457110273838,-0.25807106534754853,0.00613944900623787,0.6882273228406905,-1.1731392009496688,-0.007639789605783989,-0.2733139084240038,0.0,-0.3,1
621,0.6882273228406905,-1.1731392009496688,-0.007639789605783989,-0.2733139084240038,0.686234753572941,-1.205821072101593,0.0006560827842520563,-0.0006827020888679062,0.0,0.0,0
622,0.686234753572941,-1.205821072101593,0.0006560827842520563,-0.0006827020888679062,0.6862793548107148,-1.2057953114748003,0.001211738207761641,0.0013000346201470126,0.0,0.0,0
623,0.6862793548107148,-1.2057953114748003,0.001211738207761641,0.0013000346201470126,0.9592715745687486,-1.2008022430419922,0.2829662436853491,0.0033273015830749745,0.3,0.0,3
624,0.9592715745687486,-1.2008022430419922,0.2829662436853491,0.0033273015830749745,1.2289033317089082,-1.0506348721265792,0.2734779344574258,0.14773159231053293,0.21213204,0.21213204,6
625,1.2289033317089082,-1.0506348721265792,0.2734779344574258,0.14773159231053293,1.0344363045692444,-0.898047018289566,-0.2753744601004705,0.1516715594181503,-0.21213204,0.21213204,4
626,1.0344363045692444,-0.898047018289566,-0.2753744601004705,0.1516715594181503,0.9770635118484499,-1.115955231356621,-0.009968220614128097,-0.2784788831956963,0.0,-0.3,1
627,0.9770635118484499,-1.115955231356621,-0.009968220614128097,-0.2784788831956963,0.7438126334547996,-1.007861994433403,-0.27772927358353394,0.15240157793201795,-0.21213204,0.21213204,4
628,0.7438126334547996,-1.007861994433403,-0.27772927358353394,0.15240157793201795,0.47501611812710764,-1.1213485580682756,-0.27407213901858435,-0.12248739956053709,-0.21213204,-0.21213204,2
629,0.47501611812710764,-1.1213485580682756,-0.27407213901858435,-0.12248739956053709,0.6549616515874863,-1.2584734912633897,0.275180486410284,-0.11909709668862137,0.21213204,-0.21213204,8
630,0.6549616515874863,-1.2584734912633897,0.275180486410284,-0.11909709668862137,0.9164618703246117,-1.1213241133213045,0.2626396309053146,0.16557927190961078,0.21213204,0.21213204,6
631,0.9164618703246117,-1.1213241133213045,0.2626396309053146,0.16557927190961078,1.185086326789856,-1.2373456817388535,0.27007072082416783,-0.1346708248088255,0.21213204,-0.21213204,8
632,1.185086326789856,-1.2373456817388535,0.27007072082416783,-0.1346708248088255,0.9951012582540513,-1.3748063489675522,-0.27637952738364513,-0.15317797827414095,-0.21213204,-0.21213204,2
633,0.9951012582540513,-1.3748063489675522,-0.27637952738364513,-0.15317797827414095,0.7331993534445763,-1.2484460087537765,-0.2761979072320029,0.1660416300629709,-0.21213204,0.21213204,4
634,0.7331993534445763,-1.2484460087537765,-0.2761979072320029,0.1660416300629709,0.9238386162161829,-1.3458500419378283,0.2858402065698014,-0.13421271527674528,0.21213204,-0.21213204,8
635,0.9238386162161829,-1.3458500419378283,0.2858402065698014,-0.13421271527674528,0.9624518300056457,-1.3577867970705033,-0.0005098390769905298,0.00017824268515294946,0.0,0.0,0
636,0.9624518300056457,-1.3577867970705033,-0.0005098390769905298,0.00017824268515294946,0.7220479156136512,-1.4883530562877656,-0.2670542407054925,-0.1444783545169974,-0.21213204,-0.21213204,2
637,0.7220479156136512,-1.4883530562877656,-0.2670542407054925,-0.1444783545169974,0.6698834188580514,-1.2651390399932863,-0.005544050912332582,0.3089056958312429,0.0,0.3,5
638,0.6698834188580514,-1.2651390399932863,-0.005544050912332582,0.3089056958312429,0.6663065690517427,-1.4683928356170655,-0.0035778447957977326,-0.3060467575863278,0.0,-0.3,1
639,0.6663065690517427,-1.4683928356170655,-0.0035778447957977326,-0.3060467575863278,0.9310140358686448,-1.5009767769098281,0.2651319564193031,-0.0021376406633515106,0.3,0.0,3
640,0.9310140358686448,-1.5009767769098281,0.2651319564193031,-0.0021376406633515106,0.7019203259706497,-1.5059921188354493,-0.26072994321465054,-0.003039083509184189,-0.3,0.0,7
641,0.7019203259706497,-1.5059921188354493,-0.26072994321465054,-0.003039083509184189,0.8865178117156031,-1.3763501637697222,0.2770398142961752,0.13580975777767768,0.21213204,0.21213204,6
642,0.8865178117156031,-1.3763501637697222,0.2770398142961752,0.13580975777767768,0.9261864406824113,-1.0974873882055283,-0.004224474979830759,0.31283957801719525,0.0,0.3,5
643,0.9261864406824113,-1.0974873882055283,-0.004224474979830759,0.31283957801719525,0.7104024661898614,-1.1845142837047578,-0.28197633800145466,-0.13042448672755158,-0.21213204,-0.21213204,2
644,0.7104024661898614,-1.1845142837047578,-0.28197633800145466,-0.13042448672755158,0.8850700444221496,-1.0659957809209823,0.2726114728543122,0.1615629026344706,0.21213204,0.21213204,6
645,0.8850700444221496,-1.0659957809209823,0.2726114728543122,0.1615629026344706,1.1606101221561433,-0.9103411670207978,0.2761677906743961,0.15949772025896022,0.21213204,0.21213204,6
646,1.1606101221561433,-0.9103411670207978,0.2761677906743961,0.15949772025896022,1.1964112253904342,-0.8940158296108246,-0.00023447967699488444,-0.00013859731883871993,0.0,0.0,0
647,1.1964112253904342,-0.8940158296108246,-0.00023447967699488444,-0.00013859731883871993,1.442900898551941,-1.0184563601016998,0.27834592147379494,-0.13736848380159963,0.21213204,-0.21213204,8
648,1.442900898551941,-1.0184563601016998,0.27834592147379494,-0.13736848380159963,1.7431985157012941,-1.0292293027400972,0.3025151947132142,0.008485982688551552,0.3,0.0,3
649,1.7431985157012941,-1.0292293027400972,0.3025151947132142,0.008485982688551552,1.7888237829446794,-1.2673758827447892,0.011059219547269072,-0.2848815633878122,0.0,-0.3,1
650,1.7888237829446794,-1.2673758827447892,0.011059219547269072,-0.2848815633878122,1.7915013451814652,-1.3006938986063006,0.0002463556230256369,-2.124351115534817e-05,0.0,0.0,0
651,1.7915013451814652,-1.3006938986063006,0.0002463556230256369,-2.124351115534817e-05,2.0662065061569215,-1.29839727768898,0.2762507250815322,0.004986554928532129,0.3,0.0,3
652,2.0662065061569215,-1.29839727768898,0.2762507250815322,0.004986554928532129,2.1224920186519625,-1.549209971880913,0.008061788732752729,-0.29196794128782855,0.0,-0.3,1
653,2.1224920186519625,-1.549209971880913,0.008061788732752729,-0.29196794128782855,1.8587317993640902,-1.583052892279625,-0.2675313747549994,-0.003910957440193274,-0.3,0.0,7
654,1.8587317993640902,-1.583052892279625,-0.2675313747549994,-0.003910957440193274,1.8221856225252153,-1.583647663331032,-0.00034573630176840006,-0.0005193413591853094,0.0,0.0,0
655,1.8221856225252153,-1.583647663331032,-0.00034573630176840006,-0.0005193413591853094,2.060060860157013,-1.725435706615448,0.28779974142861064,-0.14517234566665174,0.21213204,-0.21213204,8
656,2.060060860157013,-1.725435706615448,0.28779974142861064,-0.14517234566665174,1.8777454191923144,-1.8823712252616884,-0.26734883821854677,-0.15330527355390167,-0.21213204,-0.21213204,2
657,1.8777454191923144,-1.8823712252616884,-0.26734883821854677,-0.15330527355390167,1.8458456705331805,-2.154836371660233,-0.002427512210382496,-0.2793620387084292,0.0,-0.3,1
658,1.8458456705331805,-2.154836371660233,-0.002427512210382496,-0.2793620387084292,2.114705254030228,-2.185232696771622,0.26654671187381795,-0.0005679603453626315,0.3,0.0,3
659,2.114705254030228,-2.185232696771622,0.26654671187381795,-0.0005679603453626315,1.8848077706575395,-2.184516807222366,-0.25190710590019394,-0.0036128577176139324,-0.3,0.0,7
660,1.8848077706575395,-2.184516807222366,-0.25190710590019394,-0.0036128577176139324,1.8385533245563506,-2.1849714256763457,0.0002904985300134932,0.0005612933285038543,0.0,0.0,0
661,1.8385533245563506,-2.1849714256763457,0.0002904985300134932,0.0005612933285038543,1.834812402677536,-1.9230755063295366,0.010780977801479161,0.294272882258143,0.0,0.3,5
662,1.834812402677536,-1.9230755063295366,0.010780977801479161,0.294272882258143,1.5724680279254915,-1.890622875237465,-0.27062253583094975,0.0016573734494191397,-0.3,0.0,7
663,1.5724680279254915,-1.890622875237465,-0.27062253583094975,0.0016573734494191397,1.3031102493762972,-1.75267010011673,-0.2702586187634791,0.1421188494029005,-0.21213204,0.21213204,4
664,1.3031102493762972,-1.75267010011673,-0.2702586187634791,0.1421188494029005,1.4989646591424943,-1.8593139734745028,0.28576894086920585,-0.13980937491453416,0.21213204,-0.21213204,8
665,1.4989646591424943,-1.8593139734745028,0.28576894086920585,-0.13980937491453416,1.546906076836586,-2.135653936576843,0.01596836321903544,-0.2891716322359986,0.0,-0.3,1
666,1.546906076836586,-2.135653936576843,0.01596836321903544,-0.2891716322359986,1.5489462809085848,-2.1715588195323945,-0.00019266289166067885,-0.00023370611020293573,0.0,0.0,0
667,1.5489462809085848,-2.1715588195323945,-0.00019266289166067885,-0.00023370611020293573,1.5550326486587525,-1.9217935769319534,0.01318517342426493,0.2839470556444807,0.0,0.3,5
668,1.5550326486587525,-1.9217935769319534,0.01318517342426493,0.2839470556444807,1.779107737827301,-1.7433006189584734,0.27462403567143717,0.14355332500847756,0.21213204,0.21213204,6
669,1.779107737827301,-1.7433006189584734,0.27462403567143717,0.14355332500847756,1.815950323176384,-1.7289116435289384,0.00020872350396507257,9.313088298807348e-05,0.0,0.0,0
670,1.815950323176384,-1.7289116435289384,0.00020872350396507257,9.313088298807348e-05,1.5772593733787539,-1.6007740570545197,-0.2645215312668906,0.1300393538145309,-0.21213204,0.21213204,4
671,1.5772593733787539,-1.6007740570545197,-0.2645215312668906,0.1300393538145309,1.536045514202118,-1.8387288189172746,0.006741232512065306,-0.30701493257432677,0.0,-0.3,1
672,1.536045514202118,-1.8387288189172746,0.006741232512065306,-0.30701493257432677,1.5366750452518463,-1.6413022691965105,0.007706674945586181,0.28334238572529336,0.0,0.3,5
673,1.5366750452518463,-1.6413022691965105,0.007706674945586181,0.28334238572529336,1.7686268012285231,-1.4607346989154815,0.2659310831125984,0.16076248670802235,0.21213204,0.21213204,6
674,1.7686268012285231,-1.4607346989154815,0.2659310831125984,0.16076248670802235,2.0308412659645083,-1.5883510754108432,0.2855785304064524,-0.14304463003563855,0.21213204,-0.21213204,8
675,2.0308412659645083,-1.5883510754108432,0.2855785304064524,-0.14304463003563855,1.8412556903839112,-1.7442006413936615,-0.27570413522608983,-0.15379567797038604,-0.21213204,-0.21213204,2
676,1.8412556903839112,-1.7442006413936615,-0.27570413522608983,-0.15379567797038604,1.8058638843536379,-2.0265230355739594,0.006364491559371035,-0.2989915861721337,0.0,-0.3,1
677,1.8058638843536379,-2.0265230355739594,0.006364491559371035,-0.2989915861721337,2.033510075235367,-1.929532379770279,0.2805067392494305,0.1508292144061592,0.21213204,0.21213204,6
678,2.033510075235367,-1.929532379770279,0.2805067392494305,0.1508292144061592,2.071628136062622,-1.913481037259102,-0.00034857432243202936,0.0006864110941581383,0.0,0.0,0
679,2.071628136062622,-1.913481037259102,-0.00034857432243202936,0.0006864110941581383,2.0707324586868285,-1.6844284807205203,0.012683820738182692,0.28698905650542,0.0,0.3,5
680,2.0707324586868285,-1.6844284807205203,0.012683820738182692,0.28698905650542,1.8438431030511855,-1.783146854734421,-0.2828301441607029,-0.16736430761243493,-0.21213204,-0.21213204,2
681,1.8438431030511855,-1.783146854734421,-0.2828301441607029,-0.16736430761243493,1.8087074341297154,-1.8009140110492707,-4.0941446855278515e-05,3.996689480908191e-05,0.0,0.0,0
682,1.8087074341297154,-1.8009140110492707,-4.0941446855278515e-05,3.996689480908191e-05,1.8052672558546066,-1.5431810914039614,0.002329492550783802,0.2793119479108899,0.0,0.3,5
683,1.8052672558546066,-1.5431810914039614,0.002329492550783802,0.2793119479108899,1.5786883417367936,-1.366739610362053,-0.27374679761074416,0.13691463292886788,-0.21213204,0.21213204,4
684,1.5786883417367936,-1.366739610362053,-0.27374679761074416,0.13691463292886788,1.2986108416795732,-1.2184428607702253,-0.2763138620241373,0.14711172893348615,-0.21213204,0.21213204,4
685,1.2986108416795732,-1.2184428607702253,-0.2763138620241373,0.14711172893348615,1.017052377176285,-1.0671730429410935,-0.28436382606300675,0.14376099313038257,-0.21213204,0.21213204,4
686,1.017052377176285,-1.0671730429410935,-0.28436382606300675,0.14376099313038257,1.1956698036670688,-0.9090515556573868,0.27203822638140995,0.15664122235862743,0.21213204,0.21213204,6
687,1.1956698036670688,-0.9090515556573868,0.27203822638140995,0.15664122235862743,1.0020350489497185,-0.7587884009957314,-0.269265077021463,0.13619153853919908,-0.21213204,0.21213204,4
688,1.0020350489497185,-0.7587884009957314,-0.269265077021463,0.13619153853919908,0.7076976820230485,-0.7453026493191719,-0.2977329524057072,-0.002361494361564618,-0.3,0.0,7
689,0.7076976820230485,-0.7453026493191719,-0.2977329524057072,-0.002361494361564618,0.9402894252300262,-0.7442263258814812,0.26416151962028855,0.002348647707196973,0.3,0.0,3
690,0.9402894252300262,-0.7442263258814812,0.26416151962028855,0.002348647707196973,0.9751245651006699,-0.7447031598687172,0.00022064115190801762,0.0003044854704680807,0.0,0.0,0
691,0.9751245651006699,-0.7447031598687172,0.00022064115190801762,0.0003044854704680807,0.7016854310870171,-0.7433711723685265,-0.28462649471771767,0.0033419495594478113,-0.3,0.0,7
692,0.7016854310870171,-0.7433711723685265,-0.28462649471771767,0.0033419495594478113,0.8852987234115601,-0.859953149497509,0.2786452447824723,-0.14332279004922668,0.21213204,-0.21213204,8
693,0.8852987234115601,-0.859953149497509,0.2786452447824723,-0.14332279004922668,1.1809413973093035,-0.870127211523056,0.2976667748805267,0.0034984056615052785,0.3,0.0,3
694,1.1809413973093035,-0.870127211523056,0.2976667748805267,0.0034984056615052785,1.2215698498010636,-0.6247635763645173,0.007514405749888461,0.2920174451348292,0.0,0.3,5
695,1.2215698498010636,-0.6247635763645173,0.007514405749888461,0.2920174451348292,1.4889434381961821,-0.5914310633063317,0.26304467748837296,-0.0013249013101313872,0.3,0.0,3
696,1.4889434381961821,-0.5914310633063317,0.26304467748837296,-0.0013249013101313872,1.5290783702135087,-0.5923014688968659,-0.0002834177846989163,-2.0642929531799273e-05,0.0,0.0,0
697,1.5290783702135087,-0.5923014688968659,-0.0002834177846989163,-2.0642929531799273e-05,1.2803641181945804,-0.46798804337382316,-0.27653549734822624,0.13877963799761137,-0.21213204,0.21213204,4
698,1.2803641181945804,-0.46798804337382316,-0.27653549734822624,0.13877963799761137,0.9971756903529168,-0.32560185540318487,-0.28845409953068346,0.13924402467755587,-0.21213204,0.21213204,4
699,0.9971756903529168,-0.32560185540318487,-0.28845409953068346,0.13924402467755587,0.7023907460570337,-0.3113923499464989,-0.29450170631152056,-0.002590571297565647,-0.3,0.0,7
700,0.7023907460570337,-0.3113923499464989,-0.29450170631152056,-0.002590571297565647,0.884783047580719,-0.1683789837628603,0.2812722510576111,0.15973418018377822,0.21213204,0.21213204,6
701,0.884783047580719,-0.1683789837628603,0.2812722510576111,0.15973418018377822,1.1804100019216537,-0.14822494460642338,0.29550308830113026,0.011754586352095793,0.3,0.0,3
702,1.1804100019216537,-0.14822494460642338,0.29550308830113026,0.011754586352095793,0.9838744878649712,-0.01950737421326339,-0.27603605677413595,0.13793263833781932,-0.21213204,0.21213204,4
703,0.9838744878649712,-0.01950737421326339,-0.27603605677413595,0.13793263833781932,0.9440349235296249,-0.005389640136621893,0.0006260684641262259,6.960886434329103e-05,0.0,0.0,0
704,0.9440349235296249,-0.005389640136621893,0.0006260684641262259,6.960886434329103e-05,0.7006001154065132,-0.1270492851898074,-0.2665094882338076,-0.15094255110998334,-0.21213204,-0.21213204,2
705,0.7006001154065132,-0.1270492851898074,-0.2665094882338076,-0.15094255110998334,0.6649824052691461,0.12174179799556732,0.026153623300394332,0.32743208831746295,0.0,0.3,5
706,0.6649824052691461,0.12174179799556732,0.026153623300394332,0.32743208831746295,0.43976689374446865,0.3145624783277512,-0.27338113811624987,0.1521273428329126,-0.21213204,0.21213204,4
707,0.43976689374446865,0.3145624783277512,-0.27338113811624987,0.1521273428329126,0.6263314526796342,0.20650061683356763,0.3046569666156927,-0.13932621612556156,0.21213204,-0.21213204,8
708,0.6263314526796342,0.20650061683356763,0.3046569666156927,-0.13932621612556156,0.45852357974648483,0.31926167818307877,-0.2854283816993558,0.14737871644357695,-0.21213204,0.21213204,4
709,0.45852357974648483,0.31926167818307877,-0.2854283816993558,0.14737871644357695,0.20769300191402437,0.19315105413496494,-0.26866339104792214,-0.1410931514537694,-0.21213204,-0.21213204,2
710,0.20769300191402437,0.19315105413496494,-0.26866339104792214,-0.1410931514537694,-0.08802422889620067,0.1811131893247366,-0.3041383386128509,-0.0008635482982685475,-0.3,0.0,7
711,-0.08802422889620067,0.1811131893247366,-0.3041383386128509,-0.0008635482982685475,-0.3843600199222565,0.18100141678154472,-0.2912494713899008,0.0028833947372216067,-0.3,0.0,7
712,-0.3843600199222565,0.18100141678154472,-0.2912494713899008,0.0028833947372216067,-0.6527538605809212,0.3279173593580723,-0.27994724425752393,0.14883776037940438,-0.21213204,0.21213204,4
713,-0.6527538605809212,0.3279173593580723,-0.27994724425752393,0.14883776037940438,-0.4624330096662045,0.22660106036067007,0.29130490518405444,-0.1335081491603242,0.21213204,-0.21213204,8
714,-0.4624330096662045,0.22660106036067007,0.29130490518405444,-0.1335081491603242,-0.16366558420360092,0.2179991772800684,0.3035473106097011,0.00375288764578603,0.3,0.0,3
715,-0.16366558420360092,0.2179991772800684,0.3035473106097011,0.00375288764578603,0.10849480637162924,0.37274217044711117,0.2811168456227113,0.1506185202449857,0.21213204,0.21213204,6
716,0.10849480637162924,0.37274217044711117,0.2811168456227113,0.1506185202449857,0.39262746427059175,0.5340724930286408,0.28526791760631665,0.16224562958487537,0.21213204,0.21213204,6
717,0.39262746427059175,0.5340724930286408,0.28526791760631665,0.16224562958487537,0.6691855293869973,0.6835532881498336,0.2770357532924719,0.13869317325376615,0.21213204,0.21213204,6
718,0.6691855293869973,0.6835532881498336,0.2770357532924719,0.13869317325376615,0.9491247604489327,0.8280375909328461,0.2784463030169535,0.13216899110832359,0.21213204,0.21213204,6
719,0.9491247604489327,0.8280375909328461,0.2784463030169535,0.13216899110832359,0.9951041428923608,1.0731310654878619,0.01811154109636355,0.2638986792403525,0.0,0.3,5
720,0.9951041428923608,1.0731310654878619,0.01811154109636355,0.2638986792403525,1.0046211525678634,0.835946263754368,0.006969823011629196,-0.30449845381550744,0.0,-0.3,1
721,1.0046211525678634,0.835946263754368,0.006969823011629196,-0.30449845381550744,1.2337241077661514,0.6569163748979568,0.2811053124062669,-0.14809894907056895,0.21213204,-0.21213204,8
722,1.2337241077661514,0.6569163748979568,0.2811053124062669,-0.14809894907056895,1.0486481037378312,0.5095152768015861,-0.27033099251131143,-0.15299016415719607,-0.21213204,-0.21213204,2
723,1.0486481037378312,0.5095152768015861,-0.27033099251131143,-0.15299016415719607,1.2260710871458056,0.6176998181581498,0.27023650327295884,0.14256617016027978,0.21213204,0.21213204,6
724,1.2260710871458056,0.6176998181581498,0.27023650327295884,0.14256617016027978,1.2659706733226777,0.6329113992571831,0.002634994443032926,0.0035197595305407284,0.0,0.0,0
725,1.2659706733226777,0.6329113992571831,0.002634994443032926,0.0035197595305407284,1.2659464952230453,0.6328290493130684,-0.00015971429530560943,-0.0037301112962270697,0.0,0.0,0
726,1.2659464952230453,0.6328290493130684,-0.00015971429530560943,-0.0037301112962270697,1.539194417858124,0.6344778727650643,0.2883863270405528,0.005023606486636689,0.3,0.0,3
727,1.539194417858124,0.6344778727650643,0.2883863270405528,0.005023606486636689,1.8426612374782563,0.6352821298956871,0.31216564873276714,-0.0017198045986012529,0.3,0.0,3
728,1.8426612374782563,0.6352821298956871,0.31216564873276714,-0.0017198045986012529,1.8839700204849243,0.6358509407639503,0.0003171018879307662,-0.0018686088649938633,0.0,0.0,0
729,1.8839700204849243,0.6358509407639503,0.0003171018879307662,-0.0018686088649938633,2.133933723258972,0.7653388320088387,0.28361459781939685,0.15107221546610933,0.21213204,0.21213204,6
730,2.133933723258972,0.7653388320088387,0.28361459781939685,0.15107221546610933,2.1944261557102203,0.5523495404243469,0.009483941187638635,-0.2587671625745852,0.0,-0.3,1
731,2.1944261557102203,0.5523495404243469,0.009483941187638635,-0.2587671625745852,1.9306475332498554,0.5215600899934769,-0.2736747878946971,-0.0020185580004704953,-0.3,0.0,7
732,1.9306475332498554,0.5215600899934769,-0.2736747878946971,-0.0020185580004704953,1.6672075920820237,0.3829498431444168,-0.2586312407797896,-0.14968885170336887,-0.21213204,-0.21213204,2
733,1.6672075920820237,0.3829498431444168,-0.2586312407797896,-0.14968885170336887,1.3934917049169542,0.24449926317334178,-0.2789617737139492,-0.1136768214028839,-0.21213204,-0.21213204,2
734,1.3934917049169542,0.24449926317334178,-0.2789617737139492,-0.1136768214028839,1.340960028219223,0.47661744861602784,-0.002848713411742267,0.30995433322602856,0.0,0.3,5
735,1.340960028219223,0.47661744861602784,-0.002848713411742267,0.30995433322602856,1.5691907499551774,0.6599878064513207,0.2708523884578897,0.14561052185697848,0.21213204,0.21213204,6
736,1.5691907499551774,0.6599878064513207,0.2708523884578897,0.14561052185697848,1.8502242979526522,0.8066476064801217,0.2899312265866912,0.14820334840154228,0.21213204,0.21213204,6
737,1.8502242979526522,0.8066476064801217,0.2899312265866912,0.14820334840154228,2.1352251984119417,0.9570104645490647,0.2811772850449923,0.14162537237904912,0.21213204,0.21213204,6
738,2.1352251984119417,0.9570104645490647,0.2811772850449923,0.14162537237904912,1.9527155208587648,0.8541852200984956,-0.26409032374243047,-0.13660767129273196,-0.21213204,-0.21213204,2
739,1.9527155208587648,0.8541852200984956,-0.26409032374243047,-0.13660767129273196,1.6900299315690996,0.9820833751559258,-0.2801472220972135,0.1573532800835582,-0.21213204,0.21213204,4
740,1.6900299315690996,0.9820833751559258,-0.2801472220972135,0.1573532800835582,1.396144835805893,0.9919817576885224,-0.3030703101726804,0.002062513616381902,-0.3,0.0,7
741,1.396144835805893,0.9919817576885224,-0.3030703101726804,0.002062513616381902,1.5880213330030442,0.8659140773892403,0.2811157290643528,-0.14464865820426545,0.21213204,-0.21213204,8
742,1.5880213330030442,0.8659140773892403,0.2811157290643528,-0.14464865820426545,1.6343021013498307,1.1041535207033157,0.0315715441343913,0.2934486464097511,0.0,0.3,5
743,1.6343021013498307,1.1041535207033157,0.0315715441343913,0.2934486464097511,1.908773277783394,1.1424652277469636,0.27653547576457416,0.0028139820315289657,0.3,0.0,3
744,1.908773277783394,1.1424652277469636,0.27653547576457416,0.0028139820315289657,1.7280897977828982,1.0246850891113282,-0.2754385025523276,-0.1457515362646567,-0.21213204,-0.21213204,2
745,1.7280897977828982,1.0246850891113282,-0.2754385025523276,-0.1457515362646567,1.701154676604271,0.7642905869722366,-0.0035078253270619075,-0.2810290911825723,0.0,-0.3,1
746,1.701154676604271,0.7642905869722366,-0.0035078253270619075,-0.2810290911825723,1.434142612361908,0.7310008103609086,-0.28632701225791835,0.0033621530950817325,-0.3,0.0,7
747,1.434142612361908,0.7310008103609086,-0.28632701225791835,0.0033621530950817325,1.1342150683641434,0.7287541386246682,-0.3035109732225302,-0.0036393487821634084,-0.3,0.0,7
748,1.1342150683641434,0.7287541386246682,-0.3035109732225302,-0.0036393487821634084,1.0932333575487136,0.9650103978395462,0.023397150926378944,0.28718040271669426,0.0,0.3,5
749,1.0932333575487136,0.9650103978395462,0.023397150926378944,0.28718040271669426,0.8581020537257196,1.1260327540636061,-0.2627718887281062,0.15057920449230386,-0.21213204,0.21213204,4
750,0.8581020537257196,1.1260327540636061,-0.2627718887281062,0.15057920449230386,0.5569194782972336,1.1384266756057742,-0.31223072340750596,0.002437867366325316,-0.3,0.0,7
751,0.5569194782972336,1.1384266756057742,-0.31223072340750596,0.002437867366325316,0.26613650354146956,1.2790985736846925,-0.2862011233186052,0.14888541749674464,-0.21213204,0.21213204,4
752,0.26613650354146956,1.2790985736846925,-0.2862011233186052,0.14888541749674464,-0.015262313226796689,1.423461774301529,-0.28008261619027597,0.14626568363884584,-0.21213204,0.21213204,4
753,-0.015262313226796689,1.423461774301529,-0.28008261619027597,0.14626568363884584,-0.27253206793665885,1.2845187762975694,-0.25751591258374945,-0.14925302962206674,-0.21213204,-0.21213204,2
754,-0.27253206793665885,1.2845187762975694,-0.25751591258374945,-0.14925302962206674,-0.036450954680889845,1.2602757931709292,0.2552787340144839,-0.005622702867932191,0.3,0.0,3
755,-0.036450954680889845,1.2602757931709292,0.2552787340144839,-0.005622702867932191,0.23470281347930433,1.1228240217208862,0.26577700819542277,-0.13455026068024287,0.21213204,-0.21213204,8
756,0.23470281347930433,1.1228240217208862,0.26577700819542277,-0.13455026068024287,0.03728214718177915,1.2322455069065095,-0.2787563898421259,0.14800985145302487,-0.21213204,0.21213204,4
757,0.03728214718177915,1.2322455069065095,-0.2787563898421259,0.14800985145302487,-0.014312293215282263,1.0042566396951675,0.00924675666808549,-0.28667867068149583,0.0,-0.3,1
758,-0.014312293215282263,1.0042566396951675,0.00924675666808549,-0.28667867068149583,-0.008092448456212879,0.7224932185530663,0.01972646768817754,-0.283458658062494,0.0,-0.3,1
759,-0.008092448456212879,0.7224932185530663,0.01972646768817754,-0.283458658062494,0.2646763258516789,0.6930960500955583,0.2737559407231378,-0.000984498006909296,0.3,0.0,3
760,0.2646763258516789,0.6930960500955583,0.2737559407231378,-0.000984498006909296,0.5666338235974312,0.694564688539505,0.3065733748172047,0.008295691507933519,0.3,0.0,3
761,0.5666338235974312,0.694564688539505,0.3065733748172047,0.008295691507933519,0.3354429908931255,0.6946428306221962,-0.24499830987457968,0.003269349910098915,-0.3,0.0,7
762,0.3354429908931255,0.6946428306221962,-0.24499830987457968,0.003269349910098915,0.2866750525832176,0.935790387415886,-0.02301541244691661,0.2970009442376692,0.0,0.3,5
763,0.2866750525832176,0.935790387415886,-0.02301541244691661,0.2970009442376692,0.26915733574628836,1.2340043706417085,-0.021171776060539608,0.3015976203320325,0.0,0.3,5
764,0.26915733574628836,1.2340043706417085,-0.021171776060539608,0.3015976203320325,0.4818158957123757,1.1446154455661774,0.2647420736766814,-0.1418725202384635,0.21213204,-0.21213204,8
765,0.4818158957123757,1.1446154455661774,0.2647420736766814,-0.1418725202384635,0.732625412774086,1.278122930622101,0.2583834863256689,0.14666901305974084,0.21213204,0.21213204,6
766,0.732625412774086,1.278122930622101,0.2583834863256689,0.14666901305974084,0.7687702298879623,1.2930757254362106,-0.0023990427979745047,-0.0016247939940657095,0.0,0.0,0
767,0.7687702298879623,1.2930757254362106,-0.0023990427979745047,-0.0016247939940657095,0.5184870040297509,1.169131460261345,-0.2902923520911864,-0.14370510687545715,-0.21213204,-0.21213204,2
768,0.5184870040297509,1.169131460261345,-0.2902923520911864,-0.14370510687545715,0.4824540925502777,1.1547320605754852,-9.862595071733296e-05,9.963947063356571e-05,0.0,0.0,0
769,0.4824540925502777,1.1547320605754852,-9.862595071733296e-05,9.963947063356571e-05,0.7493571333289146,1.1572357322216036,0.29194664693460304,0.009938114599265607,0.3,0.0,3
770,0.7493571333289146,1.1572357322216036,0.29194664693460304,0.009938114599265607,0.5630177869081497,1.0376407390356064,-0.30166557582511005,-0.16053854710150484,-0.21213204,-0.21213204,2
771,0.5630177869081497,1.0376407390356064,-0.30166557582511005,-0.16053854710150484,0.2637358240306377,1.0197546474695205,-0.3049972425343702,-0.001630012383019472,-0.3,0.0,7
772,0.2637358240306377,1.0197546474695205,-0.3049972425343702,-0.001630012383019472,0.4316246153473854,0.8940210223674774,0.266112176524858,-0.15980381595763485,0.21213204,-0.21213204,8
773,0.4316246153473854,0.8940210223674774,0.266112176524858,-0.15980381595763485,0.7064368926525116,0.7348406258940697,0.27919805251161184,-0.14621447374366514,0.21213204,-0.21213204,8
774,0.7064368926525116,0.7348406258940697,0.27919805251161184,-0.14621447374366514,0.7452764145612718,0.46828162706494336,-0.0003737116728076378,-0.27654317640912174,0.0,-0.3,1
775,0.7452764145612718,0.46828162706494336,-0.0003737116728076378,-0.27654317640912174,0.4815871600031853,0.44043857377767565,-0.2732232104101208,-0.003315014743373237,-0.3,0.0,7
776,0.4815871600031853,0.44043857377767565,-0.2732232104101208,-0.003315014743373237,0.43603070257306104,0.690323512005806,0.0058147980750440035,0.2963714846632875,0.0,0.3,5
777,0.43603070257306104,0.690323512005806,0.0058147980750440035,0.2963714846632875,0.43572073685526846,0.477445618480444,0.0035376839608742077,-0.29460968691692546,0.0,-0.3,1
778,0.43572073685526846,0.477445618480444,0.0035376839608742077,-0.29460968691692546,0.7040372074127197,0.45183472480773923,0.2732461747018748,-0.0014306618192503383,0.3,0.0,3
779,0.7040372074127197,0.45183472480773923,0.2732461747018748,-0.0014306618192503383,0.47654311015605927,0.45893988831639293,-0.2586377432131999,0.006374530066246418,-0.3,0.0,7
780,0.47654311015605927,0.45893988831639293,-0.2586377432131999,0.006374530066246418,0.6620688830256463,0.584654767215252,0.2733231892850925,0.15186058126994864,0.21213204,0.21213204,6
781,0.6620688830256463,0.584654767215252,0.2733231892850925,0.15186058126994864,0.4685231456577778,0.7340687938690185,-0.28023199519834363,0.13215518096112303,-0.21213204,0.21213204,4
782,0.4685231456577778,0.7340687938690185,-0.28023199519834363,0.13215518096112303,0.42998423112630846,0.7459326182842255,-0.0002031300335359938,-0.0005102263640874064,0.0,0.0,0
783,0.42998423112630846,0.7459326182842255,-0.0002031300335359938,-0.0005102263640874064,0.2002104332536459,0.6195966939210893,-0.25969205042231464,-0.1429921263717795,-0.21213204,-0.21213204,2
784,0.2002104332536459,0.6195966939210893,-0.25969205042231464,-0.1429921263717795,-0.056240816987305875,0.7545840387105943,-0.27347878259125286,0.14799398617929177,-0.21213204,0.21213204,4
785,-0.056240816987305875,0.7545840387105943,-0.27347878259125286,0.14799398617929177,-0.09203426281362773,0.7708274954676628,0.0015343929327599677,0.0013995866743325668,0.0,0.0,0
786,-0.09203426281362773,0.7708274954676628,0.0015343929327599677,0.0013995866743325668,-0.09319860151857139,1.0322446483373642,0.0004340115570058452,0.2901658722875184,0.0,0.3,5
787,-0.09319860151857139,1.0322446483373642,0.0004340115570058452,0.2901658722875184,-0.09150064869970084,1.3231009070396424,-0.0037914682097756457,0.28391243703751884,0.0,0.3,5
788,-0.09150064869970084,1.3231009070396424,-0.0037914682097756457,0.28391243703751884,0.14139573551416398,1.2256767344951631,0.28481079687677413,-0.14844776754290182,0.21213204,-0.21213204,8
789,0.14139573551416398,1.2256767344951631,0.28481079687677413,-0.14844776754290182,0.16487184910178185,0.9643212174057961,0.015613460370976915,-0.285574543436503,0.0,-0.3,1
790,0.16487184910178185,0.9643212174057961,0.015613460370976915,-0.285574543436503,0.3846456759274006,1.0579811801195147,0.2595483520583029,0.1581516182544675,0.21213204,0.21213204,6
791,0.3846456759274006,1.0579811801195147,0.2595483520583029,0.1581516182544675,0.6728640645742417,1.074713818860054,0.29704446871089346,0.009206699783554442,0.3,0.0,3
792,0.6728640645742417,1.074713818860054,0.29704446871089346,0.009206699783554442,0.6921890341162681,1.3326874749183655,-0.027619571545879684,0.30430996600403176,0.0,0.3,5
793,0.6921890341162681,1.3326874749183655,-0.027619571545879684,0.30430996600403176,0.45611006536483767,1.2304690138816834,-0.2886420298685536,-0.14164626762212024,-0.21213204,-0.21213204,2
794,0.45611006536483767,1.2304690138816834,-0.2886420298685536,-0.14164626762212024,0.41517221391797066,1.2162289423704147,-0.0009353397903025537,-1.4661482122312726e-05,0.0,0.0,0
795,0.41517221391797066,1.2162289423704147,-0.0009353397903025537,-1.4661482122312726e-05,0.41515452683568005,1.2162488580703736,0.00019235716215286843,0.0002525796519725707,0.0,0.0,0
796,0.41515452683568005,1.2162488580703736,0.00019235716215286843,0.0002525796519725707,0.415120776706934,1.2162429508447647,0.0004616018482559178,0.00016455142666099818,0.0,0.0,0
797,0.415120776706934,1.2162429508447647,0.0004616018482559178,0.00016455142666099818,0.6478896389842034,1.3489828154325487,0.2580616128862838,0.14953202553014494,0.21213204,0.21213204,6
798,0.6478896389842034,1.3489828154325487,0.2580616128862838,0.14953202553014494,0.9055883653759957,1.2203582694530486,0.2677391140396399,-0.1522670453419734,0.21213204,-0.21213204,8
799,0.9055883653759957,1.2203582694530486,0.2677391140396399,-0.1522670453419734,0.6997946470260621,1.328166509461403,-0.2987580309086029,0.1518643721674532,-0.21213204,0.21213204,4
800,0.6997946470260621,1.328166509461403,-0.2987580309086029,0.1518643721674532,0.40276267586350445,1.4781486351251605,-0.281768416674364,0.15139887391416304,-0.21213204,0.21213204,4
801,0.40276267586350445,1.4781486351251605,-0.281768416674364,0.15139887391416304,0.5816676595330239,1.6446069746732712,0.25316790805925987,0.16914182896857324,0.21213204,0.21213204,6
802,0.5816676595330239,1.6446069746732712,0.25316790805925987,0.16914182896857324,0.8626460230946541,1.8133446174621584,0.29966076927702234,0.15948500646801447,0.21213204,0.21213204,6
803,0.8626460230946541,1.8133446174621584,0.29966076927702234,0.15948500646801447,0.6791605072975158,1.707982942032814,-0.25557650031566115,-0.13803132302282473,-0.21213204,-0.21213204,2
804,0.6791605072975158,1.707982942032814,-0.25557650031566115,-0.13803132302282473,0.6438057500600816,1.6943305443048478,-0.00019596311269673693,-0.0006338676946963626,0.0,0.0,0
805,0.6438057500600816,1.6943305443048478,-0.00019596311269673693,-0.0006338676946963626,0.8914504783034325,1.5708798695087434,0.2832369284103156,-0.1261403667179069,0.21213204,-0.21213204,8
806,0.8914504783034325,1.5708798695087434,0.2832369284103156,-0.1261403667179069,1.1471334543704987,1.720676728820801,0.2835490005007169,0.15856096798282815,0.21213204,0.21213204,6
807,1.1471334543704987,1.720676728820801,0.2835490005007169,0.15856096798282815,0.9177524438977243,1.7501510664463045,-0.2453267079879559,0.01152687493218781,-0.3,0.0,7
808,0.9177524438977243,1.7501510664463045,-0.2453267079879559,0.01152687493218781,1.1110803615808487,1.886519663882256,0.2830602017442434,0.16020825450099938,0.21213204,0.21213204,6
809,1.1110803615808487,1.886519663882256,0.2830602017442434,0.16020825450099938,0.9251458953619004,1.7892780519008635,-0.267778835006843,-0.13427879357346278,-0.21213204,-0.21213204,2
810,0.9251458953619004,1.7892780519008635,-0.267778835006843,-0.13427879357346278,1.1221111249923708,1.9075807015657427,0.3046336408983869,0.15812555916073778,0.21213204,0.21213204,6
811,1.1221111249923708,1.9075807015657427,0.3046336408983869,0.15812555916073778,1.421156617116928,1.9403552940368654,0.3069804306719621,-0.0018593406877926246,0.3,0.0,3
812,1.421156617116928,1.9403552940368654,0.3069804306719621,-0.0018593406877926246,1.200605139875412,1.943853034901619,-0.23820296917175987,0.004449192867692968,-0.3,0.0,7
813,1.200605139875412,1.943853034901619,-0.23820296917175987,0.004449192867692968,1.1511273621320726,1.9446159695863725,-0.0017429350482713758,-0.0004999288728054634,0.0,0.0,0
814,1.1511273621320726,1.9446159695863725,-0.0017429350482713758,-0.0004999288728054634,1.1582765687465668,1.7036474468946459,0.011583110534612043,-0.2653680325839482,0.0,-0.3,1
815,1.1582765687465668,1.7036474468946459,0.011583110534612043,-0.2653680325839482,0.9284887150168419,1.544615140271187,-0.26627800679111874,-0.1247959845634013,-0.21213204,-0.21213204,2
816,0.9284887150168419,1.544615140271187,-0.26627800679111874,-0.1247959845634013,0.6568202424883843,1.4000153255462648,-0.29157895289528746,-0.14906973232392523,-0.21213204,-0.21213204,2
817,0.6568202424883843,1.4000153255462648,-0.29157895289528746,-0.14906973232392523,0.3618454099595547,1.255229268360138,-0.298386834445761,-0.14139235285498375,-0.21213204,-0.21213204,2
818,0.3618454099595547,1.255229268360138,-0.298386834445761,-0.14139235285498375,0.5382734027147293,1.112815639400482,0.25917627336390237,-0.13955911841246477,0.21213204,-0.21213204,8
819,0.5382734027147293,1.112815639400482,0.25917627336390237,-0.13955911841246477,0.55720250415802,1.3524862184286117,-0.030538829515345565,0.30141279629592266,0.0,0.3,5
820,0.55720250415802,1.3524862184286117,-0.030538829515345565,0.30141279629592266,0.3126147887647152,1.5360534133434296,-0.262596444730067,0.1435411998277106,-0.21213204,0.21213204,4
821,0.3126147887647152,1.5360534133434296,-0.262596444730067,0.1435411998277106,0.02167528548054397,1.5475712568283082,-0.3004576082147511,-0.00367908767746823,-0.3,0.0,7
822,0.02167528548054397,1.5475712568283082,-0.3004576082147511,-0.00367908767746823,-0.017721536964178088,1.5475164650678637,0.00025501852565101694,-2.221573297820556e-05,0.0,0.0,0
823,-0.017721536964178088,1.5475164650678637,0.00025501852565101694,-2.221573297820556e-05,0.2590516062438488,1.5484869632959366,0.2953272951662135,0.0014756097364834,0.3,0.0,3
824,0.2590516062438488,1.5484869632959366,0.2953272951662135,0.0014756097364834,0.30987287232875826,1.2934167866230013,-0.009652117789892877,-0.30077307830948286,0.0,-0.3,1
825,0.30987287232875826,1.2934167866230013,-0.009652117789892877,-0.30077307830948286,0.5348341185092926,1.1259213565111161,0.2583637204410573,-0.14105291974473563,0.21213204,-0.21213204,8
826,0.5348341185092926,1.1259213565111161,0.2583637204410573,-0.14105291974473563,0.8247132609009743,1.1143195569038393,0.3047363946243073,-0.002219673050391867,0.3,0.0,3
827,0.8247132609009743,1.1143195569038393,0.3047363946243073,-0.002219673050391867,1.0873270915031434,1.2509739703893663,0.273944042613583,0.12712486413167037,0.21213204,0.21213204,6
828,1.0873270915031434,1.2509739703893663,0.273944042613583,0.12712486413167037,1.1370072513818743,0.9993003614664078,-0.006652999640176548,-0.32123899227501085,0.0,-0.3,1
829,1.1370072513818743,0.9993003614664078,-0.006652999640176548,-0.32123899227501085,0.8714848340034486,0.9551268457055092,-0.27823155879824807,-0.004761467948037501,-0.3,0.0,7
830,0.8714848340034486,0.9551268457055092,-0.27823155879824807,-0.004761467948037501,1.102107575583458,0.9510670530200005,0.26927174875406235,-0.002847330666506269,0.3,0.0,3
831,1.102107575583458,0.9510670530200005,0.26927174875406235,-0.002847330666506269,1.1435822284936905,0.9504620263457298,-0.000898416035738497,-0.0013807476389256156,0.0,0.0,0
832,1.1435822284936905,0.9504620263457298,-0.000898416035738497,-0.0013807476389256156,1.4173918194770816,0.9466950747966767,0.28955160954770787,-0.0044515386791157095,0.3,0.0,3
833,1.4173918194770816,0.9466950747966767,0.28955160954770787,-0.0044515386791157095,1.691656382918358,1.0893337102890015,0.28405652662011266,0.14904270559911478,0.21213204,0.21213204,6
834,1.691656382918358,1.0893337102890015,0.28405652662011266,0.14904270559911478,1.5077135889053346,0.9825477050304413,-0.26984589397895514,-0.1688589680943489,-0.21213204,-0.21213204,2
835,1.5077135889053346,0.9825477050304413,-0.26984589397895514,-0.1688589680943489,1.700709009027481,1.0903870076417925,0.28613196483273134,0.148136633490335,0.21213204,0.21213204,6
836,1.700709009027481,1.0903870076417925,0.28613196483273134,0.148136633490335,1.974220535826683,0.968240059530735,0.28733848703051684,-0.13755737033804058,0.21213204,-0.21213204,8
837,1.974220535826683,0.968240059530735,0.28733848703051684,-0.13755737033804058,2.013532569408417,0.9548178262233734,0.0013555601695056474,-0.002585840449892181,0.0,0.0,0
838,2.013532569408417,0.9548178262233734,0.0013555601695056474,-0.002585840449892181,1.7694651621580126,1.085040130853653,-0.278330514160804,0.1453328503690321,-0.21213204,0.21213204,4
839,1.7694651621580126,1.085040130853653,-0.278330514160804,0.1453328503690321,1.5028945444345474,1.2322536633729935,-0.2655184464979046,0.13518035168464845,-0.21213204,0.21213204,4
840,1.5028945444345474,1.2322536633729935,-0.2655184464979046,0.13518035168464845,1.237876974797249,1.0995155297040942,-0.26976900447861146,-0.17024887044406084,-0.21213204,-0.21213204,2
841,1.237876974797249,1.0995155297040942,-0.26976900447861146,-0.17024887044406084,1.4301526607036594,1.1905430602312088,0.3073267576352388,0.14904368188022238,0.21213204,0.21213204,6
842,1.4301526607036594,1.1905430602312088,0.3073267576352388,0.14904368188022238,1.250000043320656,1.076869929790497,-0.2813980335786836,-0.15817207128048932,-0.21213204,-0.21213204,2
843,1.250000043320656,1.076869929790497,-0.2813980335786836,-0.15817207128048932,0.9806938238024713,1.1905236490011217,-0.27119469491058723,0.12814106412362086,-0.21213204,0.21213204,4
844,0.9806938238024713,1.1905236490011217,-0.27119469491058723,0.12814106412362086,1.1610623387336731,1.3335774111509322,0.2818065112924538,0.13915159956480483,0.21213204,0.21213204,6
845,1.1610623387336731,1.3335774111509322,0.2818065112924538,0.13915159956480483,1.1991729018449786,1.3480474955320358,0.0009722151411145553,-0.0008113154639096969,0.0,0.0,0
846,1.1991729018449786,1.3480474955320358,0.0009722151411145553,-0.0008113154639096969,0.9558342645168306,1.2117440376758577,-0.26167245122164895,-0.1491296627106267,-0.21213204,-0.21213204,2
847,0.9558342645168306,1.2117440376758577,-0.26167245122164895,-0.1491296627106267,1.1339107404947282,1.3147994350910186,0.2679592467745424,0.1428096720534386,0.21213204,0.21213204,6
848,1.1339107404947282,1.3147994350910186,0.2679592467745424,0.1428096720534386,1.1830489391088486,1.0685957800388337,0.0032927429378540106,-0.33389486760785597,0.0,-0.3,1
849,1.1830489391088486,1.0685957800388337,0.0032927429378540106,-0.33389486760785597,1.1741341215372088,1.2550677124977112,-0.008221038802114673,0.2719166379664594,0.0,0.3,5
850,1.1741341215372088,1.2550677124977112,-0.008221038802114673,0.2719166379664594,1.4029452080965044,1.1447798330068588,0.2972395159218076,-0.14963590454628534,0.21213204,-0.21213204,8
851,1.4029452080965044,1.1447798330068588,0.2972395159218076,-0.14963590454628534,1.440841836166382,1.129477530670166,0.0016685425068089213,-0.000515674245277648,0.0,0.0,0
852,1.440841836166382,1.129477530670166,0.0016685425068089213,-0.000515674245277648,1.690378614997864,1.0016196921110154,0.2710986435944721,-0.13601342164025532,0.21213204,-0.21213204,8
853,1.690378614997864,1.0016196921110154,0.2710986435944721,-0.13601342164025532,1.963409403848648,1.1357340136051177,0.26849646732082016,0.15120694250079095,0.21213204,0.21213204,6
854,1.963409403848648,1.1357340136051177,0.26849646732082016,0.15120694250079095,1.7826891311645507,1.290999698877335,-0.26828867193312445,0.14443397750412332,-0.21213204,0.21213204,4
855,1.7826891311645507,1.290999698877335,-0.26828867193312445,0.14443397750412332,2.0241806898117067,1.318586721110344,0.2595390634884185,-0.0041089339608091115,0.3,0.0,3
856,2.0241806898117067,1.318586721110344,0.2595390634884185,-0.0041089339608091115,2.0751916919708253,1.0667159287691117,0.01038365998244638,-0.30132589066706805,0.0,-0.3,1
857,2.0751916919708253,1.0667159287691117,0.01038365998244638,-0.30132589066706805,2.07652290802002,1.0318031971931458,-0.005813583868430408,0.005031298343192317,0.0,0.0,0
858,2.07652290802002,1.0318031971931458,-0.005813583868430408,0.005031298343192317,2.0866372245311737,0.7751379231333733,0.009686140867018259,-0.27006032105392763,0.0,-0.3,1
859,2.0866372245311737,0.7751379231333733,0.009686140867018259,-0.27006032105392763,2.0902074000835418,0.9816790038585663,0.011461339796514198,0.2633116267041197,0.0,0.3,5
860,2.0902074000835418,0.9816790038585663,0.011461339796514198,0.2633116267041197,1.8637132590532306,1.1569333378076554,-0.2688543759487074,0.14928737090839492,-0.21213204,0.21213204,4
861,1.8637132590532306,1.1569333378076554,-0.2688543759487074,0.14928737090839492,1.6094984612703325,1.031930471801758,-0.26876510727520136,-0.1470027557844119,-0.21213204,-0.21213204,2
862,1.6094984612703325,1.031930471801758,-0.26876510727520136,-0.1470027557844119,1.801387438559532,0.8832584084630012,0.2938217212005084,-0.14743194456228392,0.21213204,-0.21213204,8
863,1.801387438559532,0.8832584084630012,0.2938217212005084,-0.14743194456228392,2.0723587126731875,1.0099538153648377,0.273848914784514,0.13654596054466922,0.21213204,0.21213204,6
864,2.0723587126731875,1.0099538153648377,0.273848914784514,0.13654596054466922,1.881460462284088,1.1570726162672045,-0.26516328636829223,0.15760453849460646,-0.21213204,0.21213204,4
865,1.881460462284088,1.1570726162672045,-0.26516328636829223,0.15760453849460646,1.8405872992992403,0.9407468671798705,0.0026897500599720975,-0.288765547168828,0.0,-0.3,1
866,1.8405872992992403,0.9407468671798705,0.0026897500599720975,-0.288765547168828,1.625889635038376,1.043829535460472,-0.27314101647535477,0.14686361063114783,-0.21213204,0.21213204,4
867,1.625889635038376,1.043829535460472,-0.27314101647535477,0.14686361063114783,1.5860026580810547,1.059959086894989,-0.0026814662004612986,0.004256133078884434,0.0,0.0,0
868,1.5860026580810547,1.059959086894989,-0.0026814662004612986,0.004256133078884434,1.3496589169025421,0.9240168130755426,-0.261793048764699,-0.15186350639302737,-0.21213204,-0.21213204,2
869,1.3496589169025421,0.9240168130755426,-0.261793048764699,-0.15186350639302737,1.0826037820100785,1.0315959265470505,-0.2713696620985046,0.12021199408426719,-0.21213204,0.21213204,4
870,1.0826037820100785,1.0315959265470505,-0.2713696620985046,0.12021199408426719,1.0339528940200806,0.7826924545764923,0.00039734764485628387,-0.30638670005101526,0.0,-0.3,1
871,1.0339528940200806,0.7826924545764923,0.00039734764485628387,-0.30638670005101526,0.8026391850829124,0.59952234582901,-0.2757524406220719,-0.13672024688440598,-0.21213204,-0.21213204,2
872,0.8026391850829124,0.59952234582901,-0.2757524406220719,-0.13672024688440598,0.7649872633457184,0.34455737963914873,0.0015072451563363889,-0.29589521784613004,0.0,-0.3,1
873,0.7649872633457184,0.34455737963914873,0.0015072451563363889,-0.29589521784613004,0.7605251028895379,0.5598881189584732,0.0031523575278120265,0.30157177639762894,0.0,0.3,5
874,0.7605251028895379,0.5598881189584732,0.0031523575278120265,0.30157177639762894,1.023822006392479,0.599670132791996,0.26587015345452364,-0.0039023244927600276,0.3,0.0,3
875,1.023822006392479,0.599670132791996,0.26587015345452364,-0.0039023244927600276,1.0688721261024474,0.8405179656147956,0.003117492861156989,0.2753480504417566,0.0,0.3,5
876,1.0688721261024474,0.8405179656147956,0.003117492861156989,0.2753480504417566,1.0741950431346894,1.1088712211608887,-0.009657376018886157,0.2583281695355846,0.0,0.3,5
877,1.0741950431346894,1.1088712211608887,-0.009657376018886157,0.2583281695355846,0.8568784427523614,0.987313772249222,-0.2746265544035569,-0.1608677163527367,-0.21213204,-0.21213204,2
878,0.8568784427523614,0.987313772249222,-0.2746265544035569,-0.1608677163527367,0.5893881490707398,1.1103342235565188,-0.295291337675466,0.13944293792438212,-0.21213204,0.21213204,4
879,0.5893881490707398,1.1103342235565188,-0.295291337675466,0.13944293792438212,0.5298185011148453,1.3892429518699647,-0.02207390205389684,0.3086957272534683,0.0,0.3,5
880,0.5298185011148453,1.3892429518699647,-0.02207390205389684,0.3086957272534683,0.5054534404158593,1.1830443139314653,-0.019397914726276177,-0.28706036123643125,0.0,-0.3,1
881,0.5054534404158593,1.1830443139314653,-0.019397914726276177,-0.28706036123643125,0.2591244281232357,1.0045417482376098,-0.2664666836557058,-0.14414799467199602,-0.21213204,-0.21213204,2
882,0.2591244281232357,1.0045417482376098,-0.2664666836557058,-0.14414799467199602,0.2197598931312561,0.9884767597794533,-0.0006662853467172915,-0.00029260697899054656,0.0,0.0,0
883,0.2197598931312561,0.9884767597794533,-0.0006662853467172915,-0.00029260697899054656,0.19887432402670385,1.25084701294899,-0.02516271987807435,0.2977040989547763,0.0,0.3,5
884,0.19887432402670385,1.25084701294899,-0.02516271987807435,0.2977040989547763,0.4532938579618931,1.2927336497306825,0.26187198290270486,0.0011909067715782616,0.3,0.0,3
885,0.4532938579618931,1.2927336497306825,0.26187198290270486,0.0011909067715782616,0.7222178968429567,1.16134539642334,0.2719651953315557,-0.13961922957835826,0.21213204,-0.21213204,8
886,0.7222178968429567,1.16134539642334,0.2719651953315557,-0.13961922957835826,0.7498177107334137,1.4018685798168184,-0.02899631620960092,0.294438032149414,0.0,0.3,5
887,0.7498177107334137,1.4018685798168184,-0.02899631620960092,0.294438032149414,0.5213339333534242,1.2977291967630389,-0.29078598605083306,-0.13516787600731756,-0.21213204,-0.21213204,2
888,0.5213339333534242,1.2977291967630389,-0.29078598605083306,-0.13516787600731756,0.6977910829067231,1.154180796265602,0.2683556579045579,-0.13478220260153548,0.21213204,-0.21213204,8
889,0.6977910829067231,1.154180796265602,0.2683556579045579,-0.13478220260153548,0.7178847627282143,1.3928416429281236,-0.028992015375756373,0.2959026450624443,0.0,0.3,5
890,0.7178847627282143,1.3928416429281236,-0.028992015375756373,0.2959026450624443,0.6963693877458573,1.183283168053627,-0.021887358826542542,-0.2867185770295378,0.0,-0.3,1
891,0.6963693877458573,1.183283168053627,-0.021887358826542542,-0.2867185770295378,0.4549694215238095,1.2894842521667482,-0.28851722846320105,0.14595446790411526,-0.21213204,0.21213204,4
892,0.4549694215238095,1.2894842521667482,-0.28851722846320105,0.14595446790411526,0.6291442108988763,1.1880197439670566,0.2683832158183152,-0.13420770136333468,0.21213204,-0.21213204,8
893,0.6291442108988763,1.1880197439670566,0.2683832158183152,-0.13420770136333468,0.6528817967772484,1.4305715093851092,-0.03039421103480251,0.2971964569934009,0.0,0.3,5
894,0.6528817967772484,1.4305715093851092,-0.03039421103480251,0.2971964569934009,0.8738059421181679,1.6271608080863953,0.2839858245676033,0.16496181214465996,0.21213204,0.21213204,6
895,0.8738059421181679,1.6271608080863953,0.2839858245676033,0.16496181214465996,1.1418522785186767,1.5108477266311646,0.2801143147247467,-0.13891119150138354,0.21213204,-0.21213204,8
896,1.1418522785186767,1.5108477266311646,0.2801143147247467,-0.13891119150138354,1.182367757487297,1.2414955788612367,0.004098178554831921,-0.3069380837117892,0.0,-0.3,1
897,1.182367757487297,1.2414955788612367,0.004098178554831921,-0.3069380837117892,1.413924009537697,1.046433924484253,0.2717250157366432,-0.133823665549558,0.21213204,-0.21213204,8
898,1.413924009537697,1.046433924484253,0.2717250157366432,-0.133823665549558,1.1876528346538544,1.011808904147148,-0.24676823487566085,-0.009430850045177502,-0.3,0.0,7
899,1.1876528346538544,1.011808904147148,-0.24676823487566085,-0.009430850045177502,1.132932071208954,1.2295760475158692,0.0007790867098208756,0.2716994684404675,0.0,0.3,5
