,state.pn,state.pe,state.vn,state.ve,next_state.pn,next_state.pe,next_state.vn,next_state.ve,action_vel.vn,action_vel.ve,action
0,-0.023934486155956985,0.03952014231607319,0.0019895620399526448,0.0021096972825743296,-0.011291385160014033,-0.1745318505078554,0.010720403557453686,-0.28481701245565993,0.0,-0.3,1
1,-0.011291385160014033,-0.1745318505078554,0.010720403557453686,-0.28481701245565993,-0.02762527800761163,0.02894939066320658,-0.001972202520125796,0.28518912649815675,0.0,0.3,5
2,-0.02762527800761163,0.02894939066320658,-0.001972202520125796,0.28518912649815675,-0.2451546768665314,-0.06404587277621031,-0.26930230613532663,-0.16245145948253356,-0.21213204,-0.21213204,2
3,-0.2451546768665314,-0.06404587277621031,-0.26930230613532663,-0.16245145948253356,-0.2579364430963993,-0.34125803771018987,0.02397457492495378,-0.28302066728258146,0.0,-0.3,1
4,-0.2579364430963993,-0.34125803771018987,0.02397457492495378,-0.28302066728258146,0.007150198413990439,-0.37644581735730176,0.2789376516314778,0.004270829052702615,0.3,0.0,3
5,0.007150198413990439,-0.37644581735730176,0.2789376516314778,0.004270829052702615,0.30326693593859677,-0.5087210033893586,0.2890805282276506,-0.1461249210063812,0.21213204,-0.21213204,8
6,0.30326693593859677,-0.5087210033893586,0.2890805282276506,-0.1461249210063812,0.5996234453797341,-0.5238521134614945,0.2998945743880266,-0.007576149416862617,0.3,0.0,3
7,0.5996234453797341,-0.5238521134614945,0.2998945743880266,-0.007576149416862617,0.6400905634522438,-0.2816456837952137,0.0154079662875781,0.2997584495631675,0.0,0.3,5
8,0.6400905634522438,-0.2816456837952137,0.0154079662875781,0.2997584495631675,0.8740601558566095,-0.371537433218956,0.2859974298727699,-0.14608218827820005,0.21213204,-0.21213204,8
9,0.8740601558566095,-0.371537433218956,0.2859974298727699,-0.14608218827820005,0.9145604450106621,-0.6495920437932015,0.0005221866234321539,-0.30812651139796904,0.0,-0.3,1
10,0.9145604450106621,-0.6495920437932015,0.0005221866234321539,-0.30812651139796904,1.1532490528583528,-0.8269409308910372,0.2950469217468555,-0.14440678082940728,0.21213204,-0.21213204,8
11,1.1532490528583528,-0.8269409308910372,0.2950469217468555,-0.14440678082940728,1.1952793444156646,-1.0830262900590897,0.0037414890697685336,-0.2838118163589037,0.0,-0.3,1
12,1.1952793444156646,-1.0830262900590897,0.0037414890697685336,-0.2838118163589037,0.964113002216816,-1.2398950793027879,-0.28472594511870486,-0.13978843512592395,-0.21213204,-0.21213204,2
13,0.964113002216816,-1.2398950793027879,-0.28472594511870486,-0.13978843512592395,0.6933553199768066,-1.37861799929142,-0.28228974882210983,-0.14974793144120999,-0.21213204,-0.21213204,2
14,0.6933553199768066,-1.37861799929142,-0.28228974882210983,-0.14974793144120999,0.651920093369484,-1.3944343492746354,0.0010878337617400632,0.0027580173073427578,0.0,0.0,0
15,0.651920093369484,-1.3944343492746354,0.0010878337617400632,0.0027580173073427578,0.38185425029397013,-1.3951888978481293,-0.25974761438230953,-0.0018533185890827208,-0.3,0.0,7
16,0.38185425029397013,-1.3951888978481293,-0.25974761438230953,-0.0018533185890827208,0.11348518897295,-1.5347349939107897,-0.2780312284124054,-0.14132075209446618,-0.21213204,-0.21213204,2
17,0.11348518897295,-1.5347349939107897,-0.2780312284124054,-0.14132075209446618,0.3410817237257958,-1.559137614965439,0.25588932758461347,-0.00014242963671971386,0.3,0.0,3
18,0.3410817237257958,-1.559137614965439,0.25588932758461347,-0.00014242963671971386,0.4102362492740155,-1.8068145584583282,0.014037200960825363,-0.3080406906657922,0.0,-0.3,1
19,0.4102362492740155,-1.8068145584583282,0.014037200960825363,-0.3080406906657922,0.4141210790932178,-1.8466679057836535,-0.0018261242419657057,0.0005178333781018167,0.0,0.0,0
20,0.4141210790932178,-1.8466679057836535,-0.0018261242419657057,0.0005178333781018167,0.6854766739249231,-1.8501002346515656,0.27912025682647396,0.0002767459784878796,0.3,0.0,3
21,0.6854766739249231,-1.8501002346515656,0.27912025682647396,0.0002767459784878796,0.7358555006146431,-1.8498327590227128,0.002669313631730383,-0.0008210821295092759,0.0,0.0,0
22,0.7358555006146431,-1.8498327590227128,0.002669313631730383,-0.0008210821295092759,0.5074704899191856,-1.9820834224224093,-0.2701799975793042,-0.14647500190662655,-0.21213204,-0.21213204,2
23,0.5074704899191856,-1.9820834224224093,-0.2701799975793042,-0.14647500190662655,0.48926716941595083,-2.2472461915493014,0.020454335148900805,-0.28473430872984473,0.0,-0.3,1
24,0.48926716941595083,-2.2472461915493014,0.020454335148900805,-0.28473430872984473,0.4939997499525548,-2.286013245534897,0.002420540079503921,-0.00015622617305137182,0.0,0.0,0
25,0.4939997499525548,-2.286013245534897,0.002420540079503921,-0.00015622617305137182,0.4940031771779061,-2.286012050008774,1.0421616029851071e-05,7.324046034922164e-06,0.0,0.0,0
26,0.4940031771779061,-2.286012050008774,1.0421616029851071e-05,7.324046034922164e-06,0.7423593996286393,-2.159931962823868,0.28951073491474094,0.15053859319209253,0.21213204,0.21213204,6
27,0.7423593996286393,-2.159931962823868,0.28951073491474094,0.15053859319209253,1.0237242255210877,-2.0163059706211093,0.2865341663908101,0.1492115161343598,0.21213204,0.21213204,6
28,1.0237242255210877,-2.0163059706211093,0.2865341663908101,0.1492115161343598,1.064595681834221,-1.9996952982187273,-0.0009355906836977745,-0.002419921730464531,0.0,0.0,0
29,1.064595681834221,-1.9996952982187273,-0.0009355906836977745,-0.002419921730464531,1.3146957724332808,-2.1259986079216002,0.2907849975300968,-0.14351176693417783,0.21213204,-0.21213204,8
30,1.3146957724332808,-2.1259986079216002,0.2907849975300968,-0.14351176693417783,1.6121343389272689,-2.1394846263408662,0.3072188260470495,0.01219561195596417,0.3,0.0,3
31,1.6121343389272689,-2.1394846263408662,0.3072188260470495,0.01219561195596417,1.4242180932283401,-2.021717363214493,-0.2772054966699733,0.13322488922080766,-0.21213204,0.21213204,4
32,1.4242180932283401,-2.021717363214493,-0.2772054966699733,0.13322488922080766,1.1388195948123934,-1.8857498102903367,-0.29379765223874155,0.13455323942459935,-0.21213204,0.21213204,4
33,1.1388195948123934,-1.8857498102903367,-0.29379765223874155,0.13455323942459935,0.8447023219227792,-1.8748437787055972,-0.30189397316194955,0.0006379560188581965,-0.3,0.0,7
34,0.8447023219227792,-1.8748437787055972,-0.30189397316194955,0.0006379560188581965,1.0388988662004472,-1.9951989495277407,0.28835230309408566,-0.1252468265340093,0.21213204,-0.21213204,8
35,1.0388988662004472,-1.9951989495277407,0.28835230309408566,-0.1252468265340093,1.0782367840528488,-2.009856377077103,0.00047648148911367855,-3.535163476967595e-06,0.0,0.0,0
36,1.0782367840528488,-2.009856377077103,0.00047648148911367855,-3.535163476967595e-06,1.0703763547182084,-1.7632524420022966,0.00032115697271618826,0.2962459515247046,0.0,0.3,5
37,1.0703763547182084,-1.7632524420022966,0.00032115697271618826,0.2962459515247046,0.8380072900652887,-1.5921254649400711,-0.2784994611310636,0.14785237341125348,-0.21213204,0.21213204,4
38,0.8380072900652887,-1.5921254649400711,-0.2784994611310636,0.14785237341125348,0.5448637303471565,-1.582826019859314,-0.2987331168353854,-0.00362504065882154,-0.3,0.0,7
39,0.5448637303471565,-1.582826019859314,-0.2987331168353854,-0.00362504065882154,0.7210830398201943,-1.4655648157596588,0.2827792391424959,0.14809715549820412,0.21213204,0.21213204,6
40,0.7210830398201943,-1.4655648157596588,0.2827792391424959,0.14809715549820412,0.760299912416935,-1.4492597987174989,-0.0007230168245235837,0.001241136202399394,0.0,0.0,0
41,0.760299912416935,-1.4492597987174989,-0.0007230168245235837,0.001241136202399394,0.7636186369419098,-1.7130520749092102,0.004926937417486272,-0.3110745636354668,0.0,-0.3,1
42,0.7636186369419098,-1.7130520749092102,0.004926937417486272,-0.3110745636354668,0.9755736911773683,-1.619190567588806,0.27511173257599814,0.13967126298267823,0.21213204,0.21213204,6
43,0.9755736911773683,-1.619190567588806,0.27511173257599814,0.13967126298267823,1.0121997865200043,-1.350633487010002,0.003171828465409785,0.29434397667205114,0.0,0.3,5
44,1.0121997865200043,-1.350633487010002,0.003171828465409785,0.29434397667205114,1.0146283502101898,-1.3129443879604341,0.003696469968894553,-0.0031753806230954184,0.0,0.0,0
45,1.0146283502101898,-1.3129443879604341,0.003696469968894553,-0.0031753806230954184,0.74476844176054,-1.3119888842105867,-0.2763995865086496,0.002858459166999828,-0.3,0.0,7
46,0.74476844176054,-1.3119888842105867,-0.2763995865086496,0.002858459166999828,0.9671020949125291,-1.3114978204011918,0.24375927958666677,0.010885858921636963,0.3,0.0,3
47,0.9671020949125291,-1.3114978204011918,0.24375927958666677,0.010885858921636963,1.0265486782073974,-1.549403478527069,-0.0010907070981376582,-0.290725923278346,0.0,-0.3,1
48,1.0265486782073974,-1.549403478527069,-0.0010907070981376582,-0.290725923278346,1.26670541408062,-1.7236303410291671,0.28352862593985023,-0.14935059555320127,0.21213204,-0.21213204,8
49,1.26670541408062,-1.7236303410291671,0.28352862593985023,-0.14935059555320127,1.0425975466251374,-1.7508615997076036,-0.24204081284114995,0.004310354338753299,-0.3,0.0,7
50,1.0425975466251374,-1.7508615997076036,-0.24204081284114995,0.004310354338753299,0.9983312175869943,-1.7511061113357544,0.00045157926929159783,-9.202486923526078e-05,0.0,0.0,0
51,0.9983312175869943,-1.7511061113357544,0.00045157926929159783,-9.202486923526078e-05,1.0147304437398912,-2.001460189127922,0.00625774875705886,-0.28448479730861903,0.0,-0.3,1
52,1.0147304437398912,-2.001460189127922,0.00625774875705886,-0.28448479730861903,1.0164737910032273,-2.0369199001312257,0.0007491208438621732,9.915761111458454e-05,0.0,0.0,0
53,1.0164737910032273,-2.0369199001312257,0.0007491208438621732,9.915761111458454e-05,1.29222573595047,-2.036796674346924,0.2553745850703475,-0.0023703862130900273,0.3,0.0,3
54,1.29222573595047,-2.036796674346924,0.2553745850703475,-0.0023703862130900273,1.3371197005033495,-2.0368165028095246,-0.0013002107443403276,-0.0002444330779609471,0.0,0.0,0
55,1.3371197005033495,-2.0368165028095246,-0.0013002107443403276,-0.0002444330779609471,1.3368440695524217,-1.7835998408794405,0.012257653489008456,0.2908221101267965,0.0,0.3,5
56,1.3368440695524217,-1.7835998408794405,0.012257653489008456,0.2908221101267965,1.5688021634340288,-1.6121692036628725,0.26503072668580907,0.14822282432612813,0.21213204,0.21213204,6
57,1.5688021634340288,-1.6121692036628725,0.26503072668580907,0.14822282432612813,1.3736484846353532,-1.4691463098287583,-0.283587178617307,0.14674657736100966,-0.21213204,0.21213204,4
58,1.3736484846353532,-1.4691463098287583,-0.283587178617307,0.14674657736100966,1.5624022404193878,-1.3264005824089051,0.2805321582091942,0.14676247838926135,0.21213204,0.21213204,6
59,1.5624022404193878,-1.3264005824089051,0.2805321582091942,0.14676247838926135,1.3617345084667205,-1.1790825958728792,-0.2806317003230916,0.15156407945428177,-0.21213204,0.21213204,4
60,1.3617345084667205,-1.1790825958728792,-0.2806317003230916,0.15156407945428177,1.6009725029468536,-1.1551057964086533,0.2687410583465369,0.012490716078101404,0.3,0.0,3
61,1.6009725029468536,-1.1551057964086533,0.2687410583465369,0.012490716078101404,1.6492868301153185,-0.903719577395916,0.006222521937434134,0.27422923774089775,0.0,0.3,5
62,1.6492868301153185,-0.903719577395916,0.006222521937434134,0.27422923774089775,1.8825454875946046,-0.7382988324999809,0.27336141903998173,0.1353472470891607,0.21213204,0.21213204,6
63,1.8825454875946046,-0.7382988324999809,0.27336141903998173,0.1353472470891607,1.91462771859169,-0.4871977023363114,-0.007897760088844508,0.27718357833570056,0.0,0.3,5
64,1.91462771859169,-0.4871977023363114,-0.007897760088844508,0.27718357833570056,1.918218862628937,-0.7168038900017739,0.0033198985500821894,-0.31273957470530683,0.0,-0.3,1
65,1.918218862628937,-0.7168038900017739,0.0033198985500821894,-0.31273957470530683,1.9201929645299913,-1.0089257573127746,0.012824209976871186,-0.2778772768629409,0.0,-0.3,1
66,1.9201929645299913,-1.0089257573127746,0.012824209976871186,-0.2778772768629409,2.161783635807038,-1.1801926377296448,0.29158492820386095,-0.15681456496610865,0.21213204,-0.21213204,8
67,2.161783635807038,-1.1801926377296448,0.29158492820386095,-0.15681456496610865,2.2034717653751374,-1.1967753404140473,-0.0007204841298059904,0.0023491001716798242,0.0,0.0,0
68,2.2034717653751374,-1.1967753404140473,-0.0007204841298059904,0.0023491001716798242,2.2118559970855713,-1.4726861759185792,0.008146882223370103,-0.3151516791686126,0.0,-0.3,1
69,2.2118559970855713,-1.4726861759185792,0.008146882223370103,-0.3151516791686126,2.2242519033908845,-1.7674115376710893,0.0006692009057241613,-0.2920364771055201,0.0,-0.3,1
70,2.2242519033908845,-1.7674115376710893,0.0006692009057241613,-0.2920364771055201,2.2251199404716493,-1.8013171609878542,0.007598304279343725,-0.0003630362293683433,0.0,0.0,0
71,2.2251199404716493,-1.8013171609878542,0.007598304279343725,-0.0003630362293683433,2.2324323035717013,-2.059354768848419,-0.0021973955274354577,-0.29250503988063564,0.0,-0.3,1
72,2.2324323035717013,-2.059354768848419,-0.0021973955274354577,-0.29250503988063564,2.2280568061828614,-1.8519202495336535,0.0005130060952889984,0.2859001539917638,0.0,0.3,5
73,2.2280568061828614,-1.8519202495336535,0.0005130060952889984,0.2859001539917638,2.005317764568329,-1.9568222860097884,-0.2746391937109536,-0.1487371306740808,-0.21213204,-0.21213204,2
74,2.005317764568329,-1.9568222860097884,-0.2746391937109536,-0.1487371306740808,1.7383857609272002,-1.8227577177524568,-0.2812822044215175,0.13641035001456986,-0.21213204,0.21213204,4
75,1.7383857609272002,-1.8227577177524568,-0.2812822044215175,0.13641035001456986,1.443597353053093,-1.8152666257143022,-0.2968513771333581,-0.0023305761175803972,-0.3,0.0,7
76,1.443597353053093,-1.8152666257143022,-0.2968513771333581,-0.0023305761175803972,1.4040044664144515,-1.816130638623238,-0.0004927629871030854,0.0004621236611742229,0.0,0.0,0
77,1.4040044664144515,-1.816130638623238,-0.0004927629871030854,0.0004621236611742229,1.4200930091142654,-2.079876150941849,0.02060244355592142,-0.2991921231410024,0.0,-0.3,1
78,1.4200930091142654,-2.079876150941849,0.02060244355592142,-0.2991921231410024,1.422545376110077,-2.1141033283710478,2.1160806464023594e-05,0.0006013216120267553,0.0,0.0,0
79,1.422545376110077,-2.1141033283710478,2.1160806464023594e-05,0.0006013216120267553,1.4225439267158508,-2.114132031106949,-0.00045805969882718446,-0.000677730692728504,0.0,0.0,0
80,1.4225439267158508,-2.114132031106949,-0.00045805969882718446,-0.000677730692728504,1.42256518638134,-2.1141351068019865,0.0004979958173383183,-0.00038608929411867467,0.0,0.0,0
81,1.42256518638134,-2.1141351068019865,0.0004979958173383183,-0.00038608929411867467,1.6985704495906833,-2.1136952649116516,0.2951836868262073,0.0017225295432733007,0.3,0.0,3
82,1.6985704495906833,-2.1136952649116516,0.2951836868262073,0.0017225295432733007,1.9997454416513447,-2.108836820793152,0.3041378106650631,0.0073061465486740805,0.3,0.0,3
83,1.9997454416513447,-2.108836820793152,0.3041378106650631,0.0073061465486740805,2.0368913412094116,-1.8602264412641527,-0.0022656317785757227,0.28518861392836536,0.0,0.3,5
84,2.0368913412094116,-1.8602264412641527,-0.0022656317785757227,0.28518861392836536,1.795763363289833,-1.68483430185318,-0.281708352338245,0.14377481162014322,-0.21213204,0.21213204,4
85,1.795763363289833,-1.68483430185318,-0.281708352338245,0.14377481162014322,1.9833323743104936,-1.809815977597237,0.2904211236404206,-0.16594278893965023,0.21213204,-0.21213204,8
86,1.9833323743104936,-1.809815977597237,0.2904211236404206,-0.16594278893965023,2.0283222393035887,-1.5715363718032838,0.004272539683444401,0.3053982526693118,0.0,0.3,5
87,2.0283222393035887,-1.5715363718032838,0.004272539683444401,0.3053982526693118,2.0352180192947387,-1.7810293382406235,0.012168813970626335,-0.29817771823954303,0.0,-0.3,1
88,2.0352180192947387,-1.7810293382406235,0.012168813970626335,-0.29817771823954303,1.8062506377458574,-1.9640457192897798,-0.26703892030310494,-0.16151559331043752,-0.21213204,-0.21213204,2
89,1.8062506377458574,-1.9640457192897798,-0.26703892030310494,-0.16151559331043752,1.9980681663751603,-2.116700760984421,0.2742544409311457,-0.13808796820115063,0.21213204,-0.21213204,8
90,1.9980681663751603,-2.116700760984421,0.2742544409311457,-0.13808796820115063,1.766025846338272,-2.1409850358963016,-0.26040671752019134,0.0032757794708576215,-0.3,0.0,7
91,1.766025846338272,-2.1409850358963016,-0.26040671752019134,0.0032757794708576215,1.4675324125051499,-2.1441627536296846,-0.30671305165560353,-0.002616511695012052,-0.3,0.0,7
92,1.4675324125051499,-2.1441627536296846,-0.30671305165560353,-0.002616511695012052,1.6533913005113603,-2.0225460988998414,0.2761346462861832,0.14433981643250868,0.21213204,0.21213204,6
93,1.6533913005113603,-2.0225460988998414,0.2761346462861832,0.14433981643250868,1.9513436531066894,-2.0077066273689272,0.3112200662840007,0.0012451216696968447,0.3,0.0,3
94,1.9513436531066894,-2.0077066273689272,0.3112200662840007,0.0012451216696968447,1.9877868374586107,-2.007270509147644,0.0005436506435354472,6.952439619983189e-05,0.0,0.0,0
95,1.9877868374586107,-2.007270509147644,0.0005436506435354472,6.952439619983189e-05,1.9877215242385868,-2.007279947710037,-0.00039108819200339815,-0.0003171409180239972,0.0,0.0,0
96,1.9877215242385868,-2.007279947710037,-0.00039108819200339815,-0.0003171409180239972,1.7383321608781814,-1.8787815232992173,-0.28111419423343276,0.14087131893553279,-0.21213204,0.21213204,4
97,1.7383321608781814,-1.8787815232992173,-0.28111419423343276,0.14087131893553279,1.6940789149045947,-2.125904778194428,0.010218525353195842,-0.29681975503099706,0.0,-0.3,1
98,1.6940789149045947,-2.125904778194428,0.010218525353195842,-0.29681975503099706,1.4646228667259218,-2.0330123679161076,-0.28316624097648635,0.1473358033063945,-0.21213204,0.21213204,4
99,1.4646228667259218,-2.0330123679161076,-0.28316624097648635,0.1473358033063945,1.183437934064865,-1.8953332489967347,-0.2745137880557682,0.12645178754507902,-0.21213204,0.21213204,4
100,1.183437934064865,-1.8953332489967347,-0.2745137880557682,0.12645178754507902,1.1458134746074677,-1.6345096628189089,0.009734489042626245,0.3031520106620089,0.0,0.3,5
101,1.1458134746074677,-1.6345096628189089,0.009734489042626245,0.3031520106620089,1.3857676800727845,-1.7272663177251817,0.29514764307624697,-0.14494413691265037,0.21213204,-0.21213204,8
102,1.3857676800727845,-1.7272663177251817,0.29514764307624697,-0.14494413691265037,1.1534407448768615,-1.7514884890317914,-0.2593904393641757,-0.00881408853324279,-0.3,0.0,7
103,1.1534407448768615,-1.7514884890317914,-0.2593904393641757,-0.00881408853324279,1.339015085554123,-1.6245143848896026,0.2947901829292564,0.15388411023274198,0.21213204,0.21213204,6
104,1.339015085554123,-1.6245143848896026,0.2947901829292564,0.15388411023274198,1.6401279767513275,-1.6137476150274277,0.3110219587409288,-0.006831493209754627,0.3,0.0,3
105,1.6401279767513275,-1.6137476150274277,0.3110219587409288,-0.006831493209754627,1.9010371638536454,-1.458827574825287,0.289749553144313,0.14961410098256242,0.21213204,0.21213204,6
106,1.9010371638536454,-1.458827574825287,0.289749553144313,0.14961410098256242,1.9524696778774264,-1.6940678906440734,-0.0038325171555683335,-0.3059671676389388,0.0,-0.3,1
107,1.9524696778774264,-1.6940678906440734,-0.0038325171555683335,-0.3059671676389388,2.21019711561203,-1.7387427195310594,0.2492419906305572,0.0034489346446051183,0.3,0.0,3
108,2.21019711561203,-1.7387427195310594,0.2492419906305572,0.0034489346446051183,2.0136609673500065,-1.617786367893219,-0.28329559571576446,0.14410602290833346,-0.21213204,0.21213204,4
109,2.0136609673500065,-1.617786367893219,-0.28329559571576446,0.14410602290833346,1.9707002321481708,-1.8584424564123156,0.013133678962772326,-0.323759465240051,0.0,-0.3,1
110,1.9707002321481708,-1.8584424564123156,0.013133678962772326,-0.323759465240051,1.7439337089776994,-2.0531349377155306,-0.27498400009113155,-0.14961395341034778,-0.21213204,-0.21213204,2
111,1.7439337089776994,-2.0531349377155306,-0.27498400009113155,-0.14961395341034778,1.9375563395738604,-1.9477253723144532,0.2755235615767404,0.14823147073230597,0.21213204,0.21213204,6
112,1.9375563395738604,-1.9477253723144532,0.2755235615767404,0.14823147073230597,2.1984553426742557,-2.082411723423004,0.2719899370103972,-0.13547127554497201,0.21213204,-0.21213204,8
113,2.1984553426742557,-2.082411723423004,0.2719899370103972,-0.13547127554497201,1.999284765839577,-1.975891148209572,-0.2885675743428063,0.14374284863320186,-0.21213204,0.21213204,4
114,1.999284765839577,-1.975891148209572,-0.2885675743428063,0.14374284863320186,2.1853132962703707,-1.8292382769584656,0.27833400159215543,0.1415417470857306,0.21213204,0.21213204,6
115,2.1853132962703707,-1.8292382769584656,0.27833400159215543,0.1415417470857306,1.9532425767898562,-1.8074189927101136,-0.26038359067649525,-0.005537843138016471,-0.3,0.0,7
116,1.9532425767898562,-1.8074189927101136,-0.26038359067649525,-0.005537843138016471,2.1799969583034517,-1.8094433060884476,0.2680284103114628,-0.008639868940068927,0.3,0.0,3
117,2.1799969583034517,-1.8094433060884476,0.2680284103114628,-0.008639868940068927,1.9869997666835786,-1.6910866366147994,-0.2863368374180083,0.14199547919579086,-0.21213204,0.21213204,4
118,1.9869997666835786,-1.6910866366147994,-0.2863368374180083,0.14199547919579086,1.9406374706268312,-1.9371016469717026,0.0008818136137085163,-0.3156431828141137,0.0,-0.3,1
119,1.9406374706268312,-1.9371016469717026,0.0008818136137085163,-0.3156431828141137,1.9403583228588106,-1.971706058073044,-0.0005130743295539753,-0.00014781494574260182,0.0,0.0,0
120,1.9403583228588106,-1.971706058073044,-0.0005130743295539753,-0.00014781494574260182,1.9403700763225555,-1.9717083409547804,1.2941894948080687e-05,-0.00019668734644741565,0.0,0.0,0
121,1.9403700763225555,-1.9717083409547804,1.2941894948080687e-05,-0.00019668734644741565,2.1920024585723876,-2.10009063615799,0.26477151792652337,-0.13177670511386222,0.21213204,-0.21213204,8
122,2.1920024585723876,-2.10009063615799,0.26477151792652337,-0.13177670511386222,2.227376475811005,-2.113635642623901,-0.000557291804241326,0.00023292341919034482,0.0,0.0,0
123,2.227376475811005,-2.113635642623901,-0.000557291804241326,0.00023292341919034482,2.22736304898262,-2.113641280937195,-0.00036105510773057093,-6.0616054401821003e-05,0.0,0.0,0
124,2.22736304898262,-2.113641280937195,-0.00036105510773057093,-6.0616054401821003e-05,1.9556637856721881,-2.1150324493408204,-0.27104619552341014,0.0072322331529059095,-0.3,0.0,7
125,1.9556637856721881,-2.1150324493408204,-0.27104619552341014,0.0072322331529059095,2.1788036227226257,-2.112135623788834,0.22465995516484596,0.004905322713202374,0.3,0.0,3
126,2.1788036227226257,-2.112135623788834,0.22465995516484596,0.004905322713202374,1.9878434881925584,-1.9903832463264466,-0.2876018283362392,0.14094522986917765,-0.21213204,0.21213204,4
127,1.9878434881925584,-1.9903832463264466,-0.2876018283362392,0.14094522986917765,1.9493429802656175,-1.9762350095033645,0.0007693676052627066,5.916032246722707e-05,0.0,0.0,0
128,1.9493429802656175,-1.9762350095033645,0.0007693676052627066,5.916032246722707e-05,1.678871620464325,-1.9799736201524736,-0.25692827662504986,-0.001056585055729535,-0.3,0.0,7
129,1.678871620464325,-1.9799736201524736,-0.25692827662504986,-0.001056585055729535,1.63121006629467,-2.2311046505928043,0.00910055427040126,-0.28173813363778416,0.0,-0.3,1
130,1.63121006629467,-2.2311046505928043,0.00910055427040126,-0.28173813363778416,1.372666116166115,-2.2700571377277377,-0.25616173552093296,0.0015871716044564338,-0.3,0.0,7
131,1.372666116166115,-2.2700571377277377,-0.25616173552093296,0.0015871716044564338,1.0961096970558168,-2.1461232258319853,-0.27704464607731794,0.12590518671961629,-0.21213204,0.21213204,4
132,1.0961096970558168,-2.1461232258319853,-0.27704464607731794,0.12590518671961629,0.8147987596035005,-2.0083332152366635,-0.2680578896068857,0.1316535306207631,-0.21213204,0.21213204,4
133,0.8147987596035005,-2.0083332152366635,-0.2680578896068857,0.1316535306207631,0.770627509367466,-1.7589608159780505,-0.01562194350565542,0.2623958535855784,0.0,0.3,5
134,0.770627509367466,-1.7589608159780505,-0.01562194350565542,0.2623958535855784,0.7660204695463181,-1.4709111095905305,0.0007165618315178065,0.29362188451529814,0.0,0.3,5
135,0.7660204695463181,-1.4709111095905305,0.0007165618315178065,0.29362188451529814,0.502343198722601,-1.4382009095430375,-0.2797841257141944,-0.005540163106021064,-0.3,0.0,7
136,0.502343198722601,-1.4382009095430375,-0.2797841257141944,-0.005540163106021064,0.4565841366171837,-1.4388033927202224,0.0007057846875800797,-0.0005068100905698113,0.0,0.0,0
137,0.4565841366171837,-1.4388033927202224,0.0007057846875800797,-0.0005068100905698113,0.6992637410759927,-1.5667384373664857,0.29084398484710067,-0.16610155034793211,0.21213204,-0.21213204,8
138,0.6992637410759927,-1.5667384373664857,0.29084398484710067,-0.16610155034793211,0.4768754401743412,-1.5968818342924118,-0.23187611593950186,-0.0034646425939320537,-0.3,0.0,7
139,0.4768754401743412,-1.5968818342924118,-0.23187611593950186,-0.0034646425939320537,0.7027742483735084,-1.6021443229675294,0.21015044500039012,-0.0006298420069375606,0.3,0.0,3
140,0.7027742483735084,-1.6021443229675294,0.21015044500039012,-0.0006298420069375606,0.7487189254283906,-1.601937179398537,0.0006769662675751404,-0.0006130692392532222,0.0,0.0,0
141,0.7487189254283906,-1.601937179398537,0.0006769662675751404,-0.0006130692392532222,1.0211939797639848,-1.60255662791729,0.2705921289988381,-0.00034192097841978454,0.3,0.0,3
142,1.0211939797639848,-1.60255662791729,0.2705921289988381,-0.00034192097841978454,1.0728836246490479,-1.354333796977997,0.0005930181143518346,0.2951366184422847,0.0,0.3,5
143,1.0728836246490479,-1.354333796977997,0.0005930181143518346,0.2951366184422847,1.3388306961297989,-1.3140020060062407,0.26666113116297196,0.007928361508233067,0.3,0.0,3
144,1.3388306961297989,-1.3140020060062407,0.26666113116297196,0.007928361508233067,1.1149677666902542,-1.3097439356565477,-0.23912976177671869,0.0008737764140375559,-0.3,0.0,7
145,1.1149677666902542,-1.3097439356565477,-0.23912976177671869,0.0008737764140375559,1.0580033663272859,-1.0618307502746582,0.0017267371865421865,0.30119280786337577,0.0,0.3,5
146,1.0580033663272859,-1.0618307502746582,0.0017267371865421865,0.30119280786337577,0.8461911493420602,-1.1501652502536774,-0.26245638531565774,-0.13501800460666102,-0.21213204,-0.21213204,2
147,0.8461911493420602,-1.1501652502536774,-0.26245638531565774,-0.13501800460666102,1.0341263499736786,-1.2898538227558136,0.2775324076645284,-0.13781848855991524,0.21213204,-0.21213204,8
148,1.0341263499736786,-1.2898538227558136,0.2775324076645284,-0.13781848855991524,0.8052474408507347,-1.3101760215044023,-0.23391126041430232,0.004022803721783062,-0.3,0.0,7
149,0.8052474408507347,-1.3101760215044023,-0.23391126041430232,0.004022803721783062,0.7426708780646325,-1.0571660149812698,-0.01009512646969153,0.3030142498797527,0.0,0.3,5
150,0.7426708780646325,-1.0571660149812698,-0.01009512646969153,0.3030142498797527,0.5045691404461861,-0.8681496791958809,-0.27388386769104384,0.15938826552643323,-0.21213204,0.21213204,4
151,0.5045691404461861,-0.8681496791958809,-0.27388386769104384,0.15938826552643323,0.6794043839931488,-0.7130682201623917,0.2849713828587677,0.15431024990096906,0.21213204,0.21213204,6
152,0.6794043839931488,-0.7130682201623917,0.2849713828587677,0.15431024990096906,0.9539693115830422,-0.562941473388672,0.2705218647625688,0.14536038322162298,0.21213204,0.21213204,6
153,0.9539693115830422,-0.562941473388672,0.2705218647625688,0.14536038322162298,0.7614631476879121,-0.41930756280422216,-0.2702059229648955,0.13198813275493126,-0.21213204,0.21213204,4
154,0.7614631476879121,-0.41930756280422216,-0.2702059229648955,0.13198813275493126,0.7165291302323342,-0.650038040292263,-0.002693452689827928,-0.2868278810210772,0.0,-0.3,1
155,0.7165291302323342,-0.650038040292263,-0.002693452689827928,-0.2868278810210772,0.9495878164172173,-0.8240197235226632,0.2815965159132043,-0.1434323982571836,0.21213204,-0.21213204,8
156,0.9495878164172173,-0.8240197235226632,0.2815965159132043,-0.1434323982571836,0.7239662666320801,-0.8445337353825569,-0.23708216054301373,0.010434352286459364,-0.3,0.0,7
157,0.7239662666320801,-0.8445337353825569,-0.23708216054301373,0.010434352286459364,0.45736244847178464,-0.9741250328421593,-0.26687345545233293,-0.12062410397100905,-0.21213204,-0.21213204,2
158,0.45736244847178464,-0.9741250328421593,-0.26687345545233293,-0.12062410397100905,0.4194369454920292,-0.9886784547924996,0.00033413302631637326,0.00029770565017427563,0.0,0.0,0
159,0.4194369454920292,-0.9886784547924996,0.00033413302631637326,0.00029770565017427563,0.6541815959095956,-0.854049875342846,0.2707970493021237,0.1509294513611118,0.21213204,0.21213204,6
160,0.6541815959095956,-0.854049875342846,0.2707970493021237,0.1509294513611118,0.7050618918776512,-0.8290091015815736,0.00022386760759817153,-8.464085558242062e-05,0.0,0.0,0
161,0.7050618918776512,-0.8290091015815736,0.00022386760759817153,-8.464085558242062e-05,0.463174441587925,-0.9415614711880684,-0.28396439371192767,-0.1374642387213277,-0.21213204,-0.21213204,2
162,0.463174441587925,-0.9415614711880684,-0.28396439371192767,-0.1374642387213277,0.686358072412014,-0.9622366017818451,0.26229572399356516,-0.0028691774574118962,0.3,0.0,3
163,0.686358072412014,-0.9622366017818451,0.26229572399356516,-0.0028691774574118962,0.500139572530985,-1.0680516339063644,-0.2881082382292587,-0.12876179404211335,-0.21213204,-0.21213204,2
164,0.500139572530985,-1.0680516339063644,-0.2881082382292587,-0.12876179404211335,0.4519877176880837,-1.084624938440323,0.00014668770107369584,2.647970914216147e-05,0.0,0.0,0
165,0.4519877176880837,-1.084624938440323,0.00014668770107369584,2.647970914216147e-05,0.20539053843021393,-0.955760009765625,-0.29142389701337446,0.12326422514151593,-0.21213204,0.21213204,4
166,0.20539053843021393,-0.955760009765625,-0.29142389701337446,0.12326422514151593,0.16645841737389563,-0.6823724791646004,0.018123825171413612,0.3074872622994068,0.0,0.3,5
167,0.16645841737389563,-0.6823724791646004,0.018123825171413612,0.3074872622994068,0.43217750995159154,-0.6417827607154847,0.2576323588432285,0.0018275744516919816,0.3,0.0,3
168,0.43217750995159154,-0.6417827607154847,0.2576323588432285,0.0018275744516919816,0.7301648461937904,-0.6393072132945061,0.29036856731373517,-0.00014764513998558813,0.3,0.0,3
169,0.7301648461937904,-0.6393072132945061,0.29036856731373517,-0.00014764513998558813,0.7778642112851144,-0.8733247606158256,4.28964040247678e-05,-0.2700139039683571,0.0,-0.3,1
170,0.7778642112851144,-0.8733247606158256,4.28964040247678e-05,-0.2700139039683571,1.0081841393947601,-1.0384341555833818,0.2698947159602375,-0.1401722795335999,0.21213204,-0.21213204,8
171,1.0081841393947601,-1.0384341555833818,0.2698947159602375,-0.1401722795335999,1.054855561566353,-0.8093718470335006,0.016840857975587434,0.25477664679507417,0.0,0.3,5
172,1.054855561566353,-0.8093718470335006,0.016840857975587434,0.25477664679507417,1.0555885397195817,-0.5304997766494751,-0.00012722662301955373,0.27514022932836024,0.0,0.3,5
173,1.0555885397195817,-0.5304997766494751,-0.00012722662301955373,0.27514022932836024,1.0542435083150865,-0.49664849047064785,-0.000491948763473429,0.00018569218949559364,0.0,0.0,0
174,1.0542435083150865,-0.49664849047064785,-0.000491948763473429,0.00018569218949559364,0.811019133591652,-0.628438654768467,-0.29653515762899524,-0.16309965871479878,-0.21213204,-0.21213204,2
175,0.811019133591652,-0.628438654768467,-0.29653515762899524,-0.16309965871479878,0.9849385121583939,-0.5247845232963562,0.259894783818446,0.1428618824116447,0.21213204,0.21213204,6
176,0.9849385121583939,-0.5247845232963562,0.259894783818446,0.1428618824116447,1.0439937893867492,-0.7568512116909027,-0.002457325616678333,-0.2882421201547735,0.0,-0.3,1
177,1.0439937893867492,-0.7568512116909027,-0.002457325616678333,-0.2882421201547735,0.7826860558152199,-0.7943970420002938,-0.2617296327662736,0.004309661394667288,-0.3,0.0,7
178,0.7826860558152199,-0.7943970420002938,-0.2617296327662736,0.004309661394667288,0.7266007797837258,-0.5469387686252594,-0.001473605130443418,0.31001367924199924,0.0,0.3,5
179,0.7266007797837258,-0.5469387686252594,-0.001473605130443418,0.31001367924199924,0.727562951719761,-0.25272044520974163,0.010189714885493984,0.2964818317645417,0.0,0.3,5
180,0.727562951719761,-0.25272044520974163,0.010189714885493984,0.2964818317645417,0.9921159539461135,-0.21158502773940563,0.2527539504725821,0.004088923814099488,0.3,0.0,3
181,0.9921159539461135,-0.21158502773940563,0.2527539504725821,0.004088923814099488,1.2513146880388262,-0.06069985075965524,0.2632601200533646,0.14859926397049697,0.21213204,0.21213204,6
182,1.2513146880388262,-0.06069985075965524,0.2632601200533646,0.14859926397049697,1.2906379861593247,0.2206203091531992,0.009091193665949909,0.296570687941408,0.0,0.3,5
183,1.2906379861593247,0.2206203091531992,0.009091193665949909,0.296570687941408,1.0703658808708192,0.15536505110859872,-0.2871808577255036,-0.11869564601105521,-0.21213204,-0.21213204,2
184,1.0703658808708192,0.15536505110859872,-0.2871808577255036,-0.11869564601105521,0.7788393550753594,0.14726200325787067,-0.2803560832937437,-0.0006745663367332243,-0.3,0.0,7
185,0.7788393550753594,0.14726200325787067,-0.2803560832937437,-0.0006745663367332243,1.005234534740448,0.15196454228758813,0.23496995070871665,0.005772671229687536,0.3,0.0,3
186,1.005234534740448,0.15196454228758813,0.23496995070871665,0.005772671229687536,0.8282966194152832,0.0447937803260982,-0.25785093663121744,-0.13249893702292453,-0.21213204,-0.21213204,2
187,0.8282966194152832,0.0447937803260982,-0.25785093663121744,-0.13249893702292453,1.0126337659835816,0.14798645294308663,0.27845058741239276,0.15094976169557692,0.21213204,0.21213204,6
188,1.0126337659835816,0.14798645294308663,0.27845058741239276,0.15094976169557692,1.06162685546875,-0.045400713749974966,0.01998329908980107,-0.2385460025128178,0.0,-0.3,1
189,1.06162685546875,-0.045400713749974966,0.01998329908980107,-0.2385460025128178,1.2981002046585082,-0.19250333543717862,0.29478091099062653,-0.13844994147560077,0.21213204,-0.21213204,8
190,1.2981002046585082,-0.19250333543717862,0.29478091099062653,-0.13844994147560077,1.1092683094739915,-0.3227085807383061,-0.2823843843419568,-0.13465124796653055,-0.21213204,-0.21213204,2
191,1.1092683094739915,-0.3227085807383061,-0.2823843843419568,-0.13465124796653055,1.0674158578872681,-0.33773682265877725,-0.006065265614592244,0.002989495335974663,0.0,0.0,0
192,1.0674158578872681,-0.33773682265877725,-0.006065265614592244,0.002989495335974663,1.0576044150829316,-0.0843491569325328,-0.008105228559591284,0.2897587165476855,0.0,0.3,5
193,1.0576044150829316,-0.0843491569325328,-0.008105228559591284,0.2897587165476855,1.3222200500249863,-0.03955239600390196,0.239397905562626,0.030026964971771618,0.3,0.0,3
194,1.3222200500249863,-0.03955239600390196,0.239397905562626,0.030026964971771618,1.6254004879236224,-0.03490604495704175,0.30991270332350274,-0.002282416004940748,0.3,0.0,3
195,1.6254004879236224,-0.03490604495704175,0.30991270332350274,-0.002282416004940748,1.6716312642335893,-0.03394441187977791,-0.0018178052000760033,0.0015384324462945085,0.0,0.0,0
196,1.6716312642335893,-0.03394441187977791,-0.0018178052000760033,0.0015384324462945085,1.6870237176179887,-0.2979722359120846,0.0046120422681764925,-0.2803820053354503,0.0,-0.3,1
197,1.6870237176179887,-0.2979722359120846,0.0046120422681764925,-0.2803820053354503,1.923647268819809,-0.4833936241269112,0.28782385862176924,-0.1556898616153883,0.21213204,-0.21213204,8
198,1.923647268819809,-0.4833936241269112,0.28782385862176924,-0.1556898616153883,2.2216729857444766,-0.4981606068193913,0.3005158614519458,0.004517416879961501,0.3,0.0,3
199,2.2216729857444766,-0.4981606068193913,0.3005158614519458,0.004517416879961501,2.037312836790085,-0.38211653881073,-0.2642046032877633,0.13577317483601575,-0.21213204,0.21213204,4
200,2.037312836790085,-0.38211653881073,-0.2642046032877633,0.13577317483601575,1.743008302307129,-0.37455881547331815,-0.2929851608348236,0.000199912936449199,-0.3,0.0,7
201,1.743008302307129,-0.37455881547331815,-0.2929851608348236,0.000199912936449199,1.4736120352983477,-0.24451579180061817,-0.26854129837828183,0.1392046354844705,-0.21213204,0.21213204,4
202,1.4736120352983477,-0.24451579180061817,-0.26854129837828183,0.1392046354844705,1.4364695346593859,0.022016378579288724,0.003154071054536247,0.29686267515982473,0.0,0.3,5
203,1.4364695346593859,0.022016378579288724,0.003154071054536247,0.29686267515982473,1.2310114936828613,-0.06478287384808064,-0.29427954528826594,-0.1006927049589934,-0.21213204,-0.21213204,2
204,1.2310114936828613,-0.06478287384808064,-0.29427954528826594,-0.1006927049589934,0.9564097665190698,0.06384963039308787,-0.2896564572346436,0.14430083656314777,-0.21213204,0.21213204,4
205,0.9564097665190698,0.06384963039308787,-0.2896564572346436,0.14430083656314777,0.91905015437603,-0.1389049757272005,0.024103870295509457,-0.2691418901279114,0.0,-0.3,1
206,0.91905015437603,-0.1389049757272005,0.024103870295509457,-0.2691418901279114,1.1843368573904038,-0.16661257876157762,0.26008225796745077,0.015123976275999845,0.3,0.0,3
207,1.1843368573904038,-0.16661257876157762,0.26008225796745077,0.015123976275999845,1.4590111668348311,-0.022581084715202454,0.28329365346714686,0.14325603138173304,0.21213204,0.21213204,6
208,1.4590111668348311,-0.022581084715202454,0.28329365346714686,0.14325603138173304,1.7613705955505372,-0.003084265191154555,0.3053536488395863,0.009966326760213551,0.3,0.0,3
209,1.7613705955505372,-0.003084265191154555,0.3053536488395863,0.009966326760213551,2.031882196235657,0.1561652366399765,0.2647899239478621,0.1504254781579158,0.21213204,0.21213204,6
210,2.031882196235657,0.1561652366399765,0.2647899239478621,0.1504254781579158,2.098435897397995,-0.06564759242758156,0.028076172689958934,-0.2861756911275812,0.0,-0.3,1
211,2.098435897397995,-0.06564759242758156,0.028076172689958934,-0.2861756911275812,1.8793613535881044,0.029026115920394658,-0.25166998144622543,0.14665911529905162,-0.21213204,0.21213204,4
212,1.8793613535881044,0.029026115920394658,-0.25166998144622543,0.14665911529905162,2.1117296131134036,0.06231997349858284,0.2573601836792981,0.0011510071340424454,0.3,0.0,3
213,2.1117296131134036,0.06231997349858284,0.2573601836792981,0.0011510071340424454,2.1707603489875793,-0.18607164770364762,0.017619622585814787,-0.33845367643892565,0.0,-0.3,1
214,2.1707603489875793,-0.18607164770364762,0.017619622585814787,-0.33845367643892565,1.95118759868145,-0.08979072739779949,-0.2783184982626263,0.1333338563125595,-0.21213204,0.21213204,4
215,1.95118759868145,-0.08979072739779949,-0.2783184982626263,0.1333338563125595,1.9055411697149278,-0.3189440639317036,0.007716153774872,-0.2880531935544174,0.0,-0.3,1
216,1.9055411697149278,-0.3189440639317036,0.007716153774872,-0.2880531935544174,1.9092362938642502,-0.11177248200923205,0.011204487539763473,0.29424522020849225,0.0,0.3,5
217,1.9092362938642502,-0.11177248200923205,0.011204487539763473,0.29424522020849225,2.1777033252716067,-0.06830248092561961,0.2574332641291317,-0.001216696127029513,0.3,0.0,3
218,2.1777033252716067,-0.06830248092561961,0.2574332641291317,-0.001216696127029513,2.2300701798915865,-0.30590247080326083,0.015964553007217552,-0.2764377685040373,0.0,-0.3,1
219,2.2300701798915865,-0.30590247080326083,0.015964553007217552,-0.2764377685040373,1.975803763127327,-0.3368748591184616,-0.26240854157420845,-0.0023166503111523174,-0.3,0.0,7
220,1.975803763127327,-0.3368748591184616,-0.26240854157420845,-0.0023166503111523174,2.2111780952453612,-0.33649748879075053,0.25243199593057913,-0.003940989673453363,0.3,0.0,3
221,2.2111780952453612,-0.33649748879075053,0.25243199593057913,-0.003940989673453363,2.270276914739609,-0.5794181258678437,0.018009397821481025,-0.2795133025290251,0.0,-0.3,1
222,2.270276914739609,-0.5794181258678437,0.018009397821481025,-0.2795133025290251,2.2881332235336305,-0.8720331347346306,0.019002977343213105,-0.30244869878733727,0.0,-0.3,1
223,2.2881332235336305,-0.8720331347346306,0.019002977343213105,-0.30244869878733727,2.0584245944023136,-1.0525718277931213,-0.2720156629461494,-0.15162648134343248,-0.21213204,-0.21213204,2
224,2.0584245944023136,-1.0525718277931213,-0.2720156629461494,-0.15162648134343248,1.7850386378526688,-1.197229165029526,-0.27845482011083417,-0.13709634251338207,-0.21213204,-0.21213204,2
225,1.7850386378526688,-1.197229165029526,-0.27845482011083417,-0.13709634251338207,1.7466459599018098,-1.2112066418647767,-0.004777077562797799,0.0027328330940850094,0.0,0.0,0
226,1.7466459599018098,-1.2112066418647767,-0.004777077562797799,0.0027328330940850094,1.7565962753295898,-1.4612444221496583,0.011143168117180469,-0.2872091874305111,0.0,-0.3,1
227,1.7565962753295898,-1.4612444221496583,0.011143168117180469,-0.2872091874305111,1.7571722504377365,-1.4942192148208622,-0.0037026830646264036,0.0018922254032619984,0.0,0.0,0
228,1.7571722504377365,-1.4942192148208622,-0.0037026830646264036,0.0018922254032619984,2.002327353811264,-1.6281474103689195,0.25892583869964203,-0.15160283312375658,0.21213204,-0.21213204,8
229,2.002327353811264,-1.6281474103689195,0.25892583869964203,-0.15160283312375658,1.8144856729269028,-1.7850660709381103,-0.27661944350129575,-0.1413015177236522,-0.21213204,-0.21213204,2
230,1.8144856729269028,-1.7850660709381103,-0.27661944350129575,-0.1413015177236522,2.0059098225593566,-1.9432570272684098,0.2714519748704462,-0.13185042025846408,0.21213204,-0.21213204,8
231,2.0059098225593566,-1.9432570272684098,0.2714519748704462,-0.13185042025846408,2.0477117558956146,-1.7081750398397446,0.018677917701015026,0.2948913849860068,0.0,0.3,5
232,2.0477117558956146,-1.7081750398397446,0.018677917701015026,0.2948913849860068,2.051181347799301,-1.6711933599710467,0.0008294311437115856,-0.0003509056895300096,0.0,0.0,0
233,2.051181347799301,-1.6711933599710467,0.0008294311437115856,-0.0003509056895300096,2.056559821891785,-1.9311877457141877,-0.007103381070550638,-0.29704301515358333,0.0,-0.3,1
234,2.056559821891785,-1.9311877457141877,-0.007103381070550638,-0.29704301515358333,2.0540762479782106,-1.9660736536026002,0.002306300699151062,0.0029465458093310927,0.0,0.0,0
235,2.0540762479782106,-1.9660736536026002,0.002306300699151062,0.0029465458093310927,2.057407399559021,-2.2283497553348544,0.013319987431012701,-0.29972725054688415,0.0,-0.3,1
236,2.057407399559021,-2.2283497553348544,0.013319987431012701,-0.29972725054688415,2.0563959211826326,-2.2625572226524353,-0.0007958665264881572,-0.00012196524698514177,0.0,0.0,0
237,2.0563959211826326,-2.2625572226524353,-0.0007958665264881572,-0.00012196524698514177,2.0565864749431615,-2.0050920686721803,0.0020544243674841907,0.29486685818842834,0.0,0.3,5
238,2.0565864749431615,-2.0050920686721803,0.0020544243674841907,0.29486685818842834,2.0553510558128356,-1.7100203262567522,0.01482127047676972,0.2910925406311985,0.0,0.3,5
239,2.0553510558128356,-1.7100203262567522,0.01482127047676972,0.2910925406311985,1.7911604723930359,-1.6798811509132388,-0.2740886564955091,0.00034686115809018527,-0.3,0.0,7
240,1.7911604723930359,-1.6798811509132388,-0.2740886564955091,0.00034686115809018527,1.7428532276153565,-1.9500954268693926,0.006521775200822045,-0.31997361371881056,0.0,-0.3,1
241,1.7428532276153565,-1.9500954268693926,0.006521775200822045,-0.31997361371881056,1.7283437796115875,-1.7416190269231797,-0.0016686202040139646,0.2970112049278802,0.0,0.3,5
242,1.7283437796115875,-1.7416190269231797,-0.0016686202040139646,0.2970112049278802,1.7288347087621692,-1.7080272135019303,0.00031080581290074367,-6.891850096461031e-05,0.0,0.0,0
243,1.7288347087621692,-1.7080272135019303,0.00031080581290074367,-6.891850096461031e-05,1.9652720730543138,-1.57391869468689,0.26314966387473876,0.14224664686502841,0.21213204,0.21213204,6
244,1.9652720730543138,-1.57391869468689,0.26314966387473876,0.14224664686502841,2.0006136388301847,-1.5595849088668825,0.014536604973430546,-0.011570279616728093,0.0,0.0,0
245,2.0006136388301847,-1.5595849088668825,0.014536604973430546,-0.011570279616728093,2.0121173195362094,-1.8144749422550202,0.0032356790394358625,-0.2940802571952965,0.0,-0.3,1
246,2.0121173195362094,-1.8144749422550202,0.0032356790394358625,-0.2940802571952965,2.01484970331192,-2.1174726138591766,0.006818867099888028,-0.3007854889685669,0.0,-0.3,1
247,2.01484970331192,-2.1174726138591766,0.006818867099888028,-0.3007854889685669,1.7766395622014999,-2.02553988904953,-0.2681442945768756,0.14438618393097075,-0.21213204,0.21213204,4
248,1.7766395622014999,-2.02553988904953,-0.2681442945768756,0.14438618393097075,1.7412497674942018,-2.01236607298851,-0.0002875212051964096,0.0002619864694057639,0.0,0.0,0
249,1.7412497674942018,-2.01236607298851,-0.0002875212051964096,0.0002619864694057639,1.9898711035490035,-1.8805300480365754,0.2617441771068185,0.1339608022274552,0.21213204,0.21213204,6
250,1.9898711035490035,-1.8805300480365754,0.2617441771068185,0.1339608022274552,1.7899154103517532,-1.7258713880300522,-0.2898658800228104,0.13862753996237306,-0.21213204,0.21213204,4
251,1.7899154103517532,-1.7258713880300522,-0.2898658800228104,0.13862753996237306,1.7401544451713562,-1.977594172859192,0.004727825197275055,-0.30928104837877285,0.0,-0.3,1
252,1.7401544451713562,-1.977594172859192,0.004727825197275055,-0.30928104837877285,1.72733436768055,-1.7660122757911685,-0.006109883169355322,0.294734082700284,0.0,0.3,5
253,1.72733436768055,-1.7660122757911685,-0.006109883169355322,0.294734082700284,1.72898819334507,-1.4680067495346067,-0.00012802373511692187,0.3069463525662719,0.0,0.3,5
254,1.72898819334507,-1.4680067495346067,-0.00012802373511692187,0.3069463525662719,1.4671455888509752,-1.4364734370470047,-0.267160504252494,-8.394089178513425e-06,-0.3,0.0,7
255,1.4671455888509752,-1.4364734370470047,-0.267160504252494,-8.394089178513425e-06,1.2037027100563051,-1.5701514761447908,-0.27203434246503866,-0.13599349474667446,-0.21213204,-0.21213204,2
256,1.2037027100563051,-1.5701514761447908,-0.27203434246503866,-0.13599349474667446,1.164273343038559,-1.5873328862667084,-3.530936330977954e-05,0.00031850710957826453,0.0,0.0,0
257,1.164273343038559,-1.5873328862667084,-3.530936330977954e-05,0.00031850710957826453,1.408055719947815,-1.456454336166382,0.26879624394611895,0.1424166142255189,0.21213204,0.21213204,6
258,1.408055719947815,-1.456454336166382,0.26879624394611895,0.1424166142255189,1.2216240663290023,-1.3099520551919936,-0.2857147378968249,0.15089065939801727,-0.21213204,0.21213204,4
259,1.2216240663290023,-1.3099520551919936,-0.2857147378968249,0.15089065939801727,1.1739889493942262,-1.5255134951591491,-0.006517316337661816,-0.2817258644866012,0.0,-0.3,1
260,1.1739889493942262,-1.5255134951591491,-0.006517316337661816,-0.2817258644866012,1.442139545106888,-1.5545468220472336,0.26789872861228287,0.0027882122823369615,0.3,0.0,3
261,1.442139545106888,-1.5545468220472336,0.26789872861228287,0.0027882122823369615,1.4929005074977877,-1.3097956720829012,0.006724286867771504,0.29423167658851695,0.0,0.3,5
262,1.4929005074977877,-1.3097956720829012,0.006724286867771504,0.29423167658851695,1.4980227808475495,-1.5173650306224822,0.019260579726169715,-0.2985516881346908,0.0,-0.3,1
263,1.4980227808475495,-1.5173650306224822,0.019260579726169715,-0.2985516881346908,1.503042116522789,-1.5544234619855881,0.002032770939949689,-0.0014892810194564534,0.0,0.0,0
264,1.503042116522789,-1.5544234619855881,0.002032770939949689,-0.0014892810194564534,1.502399794769287,-1.303197288298607,0.0004714173294021902,0.290257106736503,0.0,0.3,5
265,1.502399794769287,-1.303197288298607,0.0004714173294021902,0.290257106736503,1.2715176262378693,-1.1225651977062228,-0.2785123185705755,0.15806822639710938,-0.21213204,0.21213204,4
266,1.2715176262378693,-1.1225651977062228,-0.2785123185705755,0.15806822639710938,1.4508318754673006,-0.9688807972311974,0.27977714956620847,0.144630859422446,0.21213204,0.21213204,6
267,1.4508318754673006,-0.9688807972311974,0.27977714956620847,0.144630859422446,1.4934939303159716,-0.6997019711256027,0.010356520814315663,0.28690998832780623,0.0,0.3,5
268,1.4934939303159716,-0.6997019711256027,0.010356520814315663,0.28690998832780623,1.4968244848489762,-0.6633763610124589,-0.002557772169545094,-0.00014008718890945083,0.0,0.0,0
269,1.4968244848489762,-0.6633763610124589,-0.002557772169545094,-0.00014008718890945083,1.7672254466056825,-0.6673421244859696,0.2819367314838549,0.0028919008957426218,0.3,0.0,3
270,1.7672254466056825,-0.6673421244859696,0.2819367314838549,0.0028919008957426218,1.8252667705059054,-0.917130172252655,0.0026747863071079894,-0.2968945034546241,0.0,-0.3,1
271,1.8252667705059054,-0.917130172252655,0.0026747863071079894,-0.2968945034546241,2.035535554790497,-0.8236474486470222,0.26630143741655515,0.14056896601380148,0.21213204,0.21213204,6
272,2.035535554790497,-0.8236474486470222,0.26630143741655515,0.14056896601380148,1.8480076003789905,-0.6839235628962517,-0.2777883178084297,0.1245271681788776,-0.21213204,0.21213204,4
273,1.8480076003789905,-0.6839235628962517,-0.2777883178084297,0.1245271681788776,1.8059614960908892,-0.6718730083107949,0.005069816386391364,-0.004130023425792585,0.0,0.0,0
274,1.8059614960908892,-0.6718730083107949,0.005069816386391364,-0.004130023425792585,1.5342385089159014,-0.676691035091877,-0.2751626514934706,0.006718727887920808,-0.3,0.0,7
275,1.5342385089159014,-0.676691035091877,-0.2751626514934706,0.006718727887920808,1.4791996181249618,-0.4480076765060425,-0.0013366870759756264,0.2712836693061178,0.0,0.3,5
276,1.4791996181249618,-0.4480076765060425,-0.0013366870759756264,0.2712836693061178,1.7403764383554459,-0.4186507999002934,0.2571067083682007,0.007388631217224658,0.3,0.0,3
277,1.7403764383554459,-0.4186507999002934,0.2571067083682007,0.007388631217224658,1.7857911753654478,-0.4189468576252461,-0.0006338091831676394,-0.0003607325930548998,0.0,0.0,0
278,1.7857911753654478,-0.4189468576252461,-0.0006338091831676394,-0.0003607325930548998,2.029019106721878,-0.3012126418054104,0.30125470204475374,0.15760865954917244,0.21213204,0.21213204,6
279,2.029019106721878,-0.3012126418054104,0.30125470204475374,0.15760865954917244,1.8551648450136184,-0.40886794936060905,-0.27454983078210154,-0.15989296396683655,-0.21213204,-0.21213204,2
280,1.8551648450136184,-0.40886794936060905,-0.27454983078210154,-0.15989296396683655,1.5591880879163742,-0.4314985353052616,-0.30560320262714746,-0.004137759305953842,-0.3,0.0,7
281,1.5591880879163742,-0.4314985353052616,-0.30560320262714746,-0.004137759305953842,1.7446440244436268,-0.5593931204319,0.2760123637868358,-0.13940853846237064,0.21213204,-0.21213204,8
282,1.7446440244436268,-0.5593931204319,0.2760123637868358,-0.13940853846237064,2.0319935256004333,-0.7126801272034645,0.29491404059403836,-0.13211858349590833,0.21213204,-0.21213204,8
283,2.0319935256004333,-0.7126801272034645,0.29491404059403836,-0.13211858349590833,2.0705145365715025,-0.7281320350170136,0.0007448965930589492,-0.002886446311456874,0.0,0.0,0
284,2.0705145365715025,-0.7281320350170136,0.0007448965930589492,-0.002886446311456874,2.061906512260437,-0.991490897333622,-0.016509037683066767,-0.29277526961515166,0.0,-0.3,1
285,2.061906512260437,-0.991490897333622,-0.016509037683066767,-0.29277526961515166,1.8347495362520219,-1.165876456427574,-0.2863823020026335,-0.13029569302094324,-0.21213204,-0.21213204,2
286,1.8347495362520219,-1.165876456427574,-0.2863823020026335,-0.13029569302094324,1.7998435661554337,-1.181690867948532,-0.0008044396342942958,0.00033542440500736073,0.0,0.0,0
287,1.7998435661554337,-1.181690867948532,-0.0008044396342942958,0.00033542440500736073,1.560589836907387,-1.3039669800996783,-0.2726310487584134,-0.143343894607792,-0.21213204,-0.21213204,2
288,1.560589836907387,-1.3039669800996783,-0.2726310487584134,-0.143343894607792,1.7459086449623107,-1.1960510857582092,0.28718408598349315,0.14404813621373264,0.21213204,0.21213204,6
289,1.7459086449623107,-1.1960510857582092,0.28718408598349315,0.14404813621373264,1.78444648680687,-1.1798426194429399,0.0006038149840508419,-0.00045856169244406315,0.0,0.0,0
290,1.78444648680687,-1.1798426194429399,0.0006038149840508419,-0.00045856169244406315,1.5376142005205158,-1.0575541253328324,-0.25994181077384104,0.14113633965258404,-0.21213204,0.21213204,4
291,1.5376142005205158,-1.0575541253328324,-0.25994181077384104,0.14113633965258404,1.497856819987297,-1.0421855903863906,-0.0005485746005286268,-0.0023329815192561117,0.0,0.0,0
292,1.497856819987297,-1.0421855903863906,-0.0005485746005286268,-0.0023329815192561117,1.512961654520035,-1.2980525938510894,0.01175698228232605,-0.28420094878963764,0.0,-0.3,1
293,1.512961654520035,-1.2980525938510894,0.01175698228232605,-0.28420094878963764,1.7278644982337954,-1.1982998577117923,0.282313728552785,0.14109715487843363,0.21213204,0.21213204,6
294,1.7278644982337954,-1.1982998577117923,0.282313728552785,0.14109715487843363,2.006458486366272,-1.045315460920334,0.27901415888071734,0.1462075808116206,0.21213204,0.21213204,6
295,2.006458486366272,-1.045315460920334,0.27901415888071734,0.1462075808116206,1.8256512198448183,-1.1477012507200242,-0.28378333161572533,-0.13210732858750335,-0.21213204,-0.21213204,2
296,1.8256512198448183,-1.1477012507200242,-0.28378333161572533,-0.13210732858750335,1.7716445909738543,-0.9193117703557016,-0.008510806313715473,0.28486834636637703,0.0,0.3,5
297,1.7716445909738543,-0.9193117703557016,-0.008510806313715473,0.28486834636637703,1.5097251089572907,-0.8899816384315491,-0.25675377616191786,-0.002469509411536114,-0.3,0.0,7
298,1.5097251089572907,-0.8899816384315491,-0.25675377616191786,-0.002469509411536114,1.4615238494634628,-0.8898495454192161,0.001812230188206873,0.0001436798232063487,0.0,0.0,0
299,1.4615238494634628,-0.8898495454192161,0.001812230188206873,0.0001436798232063487,1.7142131893157961,-1.009554045557976,0.2822491083014043,-0.1389614261114073,0.21213204,-0.21213204,8
300,1.7142131893157961,-1.009554045557976,0.2822491083014043,-0.1389614261114073,1.4914202317237855,-1.033909105372429,-0.24076334401476007,-0.0022710874023819535,-0.3,0.0,7
301,1.4914202317237855,-1.033909105372429,-0.24076334401476007,-0.0022710874023819535,1.7211958602905273,-1.0318388661623001,0.22545252502621357,0.0006475214085009588,0.3,0.0,3
302,1.7211958602905273,-1.0318388661623001,0.22545252502621357,0.0006475214085009588,1.5363153143882753,-0.9118302752494813,-0.280431560639756,0.14776618958648274,-0.21213204,0.21213204,4
303,1.5363153143882753,-0.9118302752494813,-0.280431560639756,0.14776618958648274,1.7289082921504975,-1.0135464324474335,0.28807893952580743,-0.1402554599935118,0.21213204,-0.21213204,8
304,1.7289082921504975,-1.0135464324474335,0.28807893952580743,-0.1402554599935118,1.7731472069025043,-0.7906492806911469,-0.00981358519387221,0.28685717972249997,0.0,0.3,5
305,1.7731472069025043,-0.7906492806911469,-0.00981358519387221,0.28685717972249997,1.7726740918636323,-0.7527939491033555,0.00014373129309720164,0.0003977143926538523,0.0,0.0,0
306,1.7726740918636323,-0.7527939491033555,0.00014373129309720164,0.0003977143926538523,1.5030600589990617,-0.7559650452017784,-0.2604217909724835,0.0023990037462765525,-0.3,0.0,7
307,1.5030600589990617,-0.7559650452017784,-0.2604217909724835,0.0023990037462765525,1.2241619348287582,-0.6238770810127259,-0.278401321280229,0.1321689936170925,-0.21213204,0.21213204,4
308,1.2241619348287582,-0.6238770810127259,-0.278401321280229,0.1321689936170925,0.9465788618803025,-0.48792235046029087,-0.28916272207294796,0.14036701915643204,-0.21213204,0.21213204,4
309,0.9465788618803025,-0.48792235046029087,-0.28916272207294796,0.14036701915643204,1.1252987237215042,-0.337921713924408,0.27172021043163125,0.15718158766566642,0.21213204,0.21213204,6
310,1.1252987237215042,-0.337921713924408,0.27172021043163125,0.15718158766566642,1.4014109243869783,-0.18645272563695908,0.2803498908645088,0.14103961802862913,0.21213204,0.21213204,6
311,1.4014109243869783,-0.18645272563695908,0.2803498908645088,0.14103961802862913,1.4389322979927064,-0.17122861705720427,0.00017051505444914372,-0.00017334016329800762,0.0,0.0,0
312,1.4389322979927064,-0.17122861705720427,0.00017051505444914372,-0.00017334016329800762,1.7118530980348587,-0.1749847813129425,0.26144878876245115,0.00446126498859389,0.3,0.0,3
313,1.7118530980348587,-0.1749847813129425,0.26144878876245115,0.00446126498859389,1.7711222515583038,-0.42253335366249084,-0.004490759604857357,-0.33393867699715896,0.0,-0.3,1
314,1.7711222515583038,-0.42253335366249084,-0.004490759604857357,-0.33393867699715896,1.7696092851161958,-0.4612692427694798,-0.005606817526032591,0.004239325213222142,0.0,0.0,0
315,1.7696092851161958,-0.4612692427694798,-0.005606817526032591,0.004239325213222142,1.4990222702264786,-0.46698500251173974,-0.26555215022782036,-0.004754546007534461,-0.3,0.0,7
316,1.4990222702264786,-0.46698500251173974,-0.26555215022782036,-0.004754546007534461,1.6621624851942063,-0.34778132851719856,0.28127814756874747,0.15047813074798133,0.21213204,0.21213204,6
317,1.6621624851942063,-0.34778132851719856,0.28127814756874747,0.15047813074798133,1.710454788732529,-0.08200548384785653,0.0034524529335421966,0.3567585721369807,0.0,0.3,5
318,1.710454788732529,-0.08200548384785653,0.0034524529335421966,0.3567585721369807,1.4565234493017196,-0.04111569458618761,-0.26239253124706796,0.02445670421604876,-0.3,0.0,7
319,1.4565234493017196,-0.04111569458618761,-0.26239253124706796,0.02445670421604876,1.6532822929620743,-0.15387972949147224,0.3018549543167815,-0.1386323080516305,0.21213204,-0.21213204,8
320,1.6532822929620743,-0.15387972949147224,0.3018549543167815,-0.1386323080516305,1.4267266562700274,-0.17839832078814508,-0.2619804510567245,-0.014291372501996209,-0.3,0.0,7
321,1.4267266562700274,-0.17839832078814508,-0.2619804510567245,-0.014291372501996209,1.608223299789429,-0.045792510227859025,0.2784526621741756,0.17870596819871565,0.21213204,0.21213204,6
322,1.608223299789429,-0.045792510227859025,0.2784526621741756,0.17870596819871565,1.910703550887108,-0.02703605566546321,0.30536649324252807,0.005514232909437672,0.3,0.0,3
323,1.910703550887108,-0.02703605566546321,0.30536649324252807,0.005514232909437672,1.9509244972944257,-0.027013667627796535,-0.006995941499569856,0.016808718013874825,0.0,0.0,0
324,1.9509244972944257,-0.027013667627796535,-0.006995941499569856,0.016808718013874825,1.9514218608140945,-0.028310038928687574,0.0005012470896343124,-0.0005929060576855106,0.0,0.0,0
325,1.9514218608140945,-0.028310038928687574,0.0005012470896343124,-0.0005929060576855106,1.720263358068466,-0.16005339862406254,-0.2702974163826738,-0.14274792755298146,-0.21213204,-0.21213204,2
326,1.720263358068466,-0.16005339862406254,-0.2702974163826738,-0.14274792755298146,1.6779094384908677,0.0791849924221635,0.0092311948536719,0.31926770092092793,0.0,0.3,5
327,1.6779094384908677,0.0791849924221635,0.0092311948536719,0.31926770092092793,1.423568875384331,0.11819729737192393,-0.2579222204405762,-0.0022691355228124477,-0.3,0.0,7
328,1.423568875384331,0.11819729737192393,-0.2579222204405762,-0.0022691355228124477,1.3784446738243104,-0.09838542590737342,0.01298951315364201,-0.2539767335861035,0.0,-0.3,1
329,1.3784446738243104,-0.09838542590737342,0.01298951315364201,-0.2539767335861035,1.37600930454731,-0.37070226973295217,0.006874934385572575,-0.28965712193874893,0.0,-0.3,1
330,1.37600930454731,-0.37070226973295217,0.006874934385572575,-0.28965712193874893,1.1490885397911073,-0.2745691140830517,-0.26514747895276497,0.12981253773266044,-0.21213204,0.21213204,4
331,1.1490885397911073,-0.2745691140830517,-0.26514747895276497,0.12981253773266044,1.1063096407413484,-0.4954940408229829,0.012835460075774605,-0.3105420710603672,0.0,-0.3,1
332,1.1063096407413484,-0.4954940408229829,0.012835460075774605,-0.3105420710603672,1.099520267057419,-0.2938875989854336,-0.012960995118849501,0.28794933884811436,0.0,0.3,5
333,1.099520267057419,-0.2938875989854336,-0.012960995118849501,0.28794933884811436,0.8633895176529884,-0.11606396668106317,-0.2890838615611514,0.16432419306389634,-0.21213204,0.21213204,4
334,0.8633895176529884,-0.11606396668106317,-0.2890838615611514,0.16432419306389634,0.8268280819654465,-0.32496154613494876,0.014857129257341992,-0.27736486198911636,0.0,-0.3,1
335,0.8268280819654465,-0.32496154613494876,0.014857129257341992,-0.27736486198911636,0.8326885102748871,-0.6221177670240403,0.0034951501665555526,-0.30397165917876856,0.0,-0.3,1
336,0.8326885102748871,-0.6221177670240403,0.0034951501665555526,-0.30397165917876856,0.6005187533020974,-0.7933528444051743,-0.2795050373446301,-0.14022216083011885,-0.21213204,-0.21213204,2
337,0.6005187533020974,-0.7933528444051743,-0.2795050373446301,-0.14022216083011885,0.5621972278118134,-0.8068805426955223,0.0006112694771085772,-6.0743872737208014e-05,0.0,0.0,0
338,0.5621972278118134,-0.8068805426955223,0.0006112694771085772,-6.0743872737208014e-05,0.5582507142543793,-0.5446100134968759,-0.010153617989017172,0.29770480384512804,0.0,0.3,5
339,0.5582507142543793,-0.5446100134968759,-0.010153617989017172,0.29770480384512804,0.8219973218560219,-0.5099556604623795,0.270146609547717,0.003336172098441574,0.3,0.0,3
340,0.8219973218560219,-0.5099556604623795,0.270146609547717,0.003336172098441574,0.8726259473800659,-0.761903082215786,-0.0022184809502679027,-0.29547059592552893,0.0,-0.3,1
341,0.8726259473800659,-0.761903082215786,-0.0022184809502679027,-0.29547059592552893,1.1339198593378068,-0.7985630325555801,0.26163892862009974,0.005265208996005008,0.3,0.0,3
342,1.1339198593378068,-0.7985630325555801,0.26163892862009974,0.005265208996005008,1.4330083578109742,-0.7973469321250916,0.3100095615842546,-0.0050375859808602765,0.3,0.0,3
343,1.4330083578109742,-0.7973469321250916,0.3100095615842546,-0.0050375859808602765,1.7017938513040543,-0.6593758143663406,0.2709879864937527,0.12123979706371182,0.21213204,0.21213204,6
344,1.7017938513040543,-0.6593758143663406,0.2709879864937527,0.12123979706371182,1.475099210548401,-0.6418303628206253,-0.23934811055505376,-0.006205598824586303,-0.3,0.0,7
345,1.475099210548401,-0.6418303628206253,-0.23934811055505376,-0.006205598824586303,1.199838381433487,-0.5131905566573143,-0.2812848471314435,0.13016482558564993,-0.21213204,0.21213204,4
346,1.199838381433487,-0.5131905566573143,-0.2812848471314435,0.13016482558564993,1.1533782836437225,-0.7477684411764145,0.005633739449561345,-0.2892161939268899,0.0,-0.3,1
347,1.1533782836437225,-0.7477684411764145,0.005633739449561345,-0.2892161939268899,0.9257381545305253,-0.6577129005551339,-0.2816200741330233,0.1512794295164738,-0.21213204,0.21213204,4
348,0.9257381545305253,-0.6577129005551339,-0.2816200741330233,0.1512794295164738,0.6603220550060271,-0.7836031438350678,-0.270944410445529,-0.1316450459001909,-0.21213204,-0.21213204,2
349,0.6603220550060271,-0.7836031438350678,-0.270944410445529,-0.1316450459001909,0.39129560567736626,-0.6556220438122751,-0.2764013304661305,0.1491597487626371,-0.21213204,0.21213204,4
350,0.39129560567736626,-0.6556220438122751,-0.2764013304661305,0.1491597487626371,0.10131963749378921,-0.6416890631914138,-0.2791274338458655,0.003015684217768053,-0.3,0.0,7
351,0.10131963749378921,-0.6416890631914138,-0.2791274338458655,0.003015684217768053,0.29679425049424174,-0.7573357689380646,0.29602411347232355,-0.13973490798267846,0.21213204,-0.21213204,8
352,0.29679425049424174,-0.7573357689380646,0.29602411347232355,-0.13973490798267846,0.5799126767396927,-0.8903814318299293,0.2805918314115754,-0.12586055899647822,0.21213204,-0.21213204,8
353,0.5799126767396927,-0.8903814318299293,0.2805918314115754,-0.12586055899647822,0.6176103932976723,-1.1299684192895891,0.0001748408974234681,-0.2631918533763504,0.0,-0.3,1
354,0.6176103932976723,-1.1299684192895891,0.0001748408974234681,-0.2631918533763504,0.602354901432991,-0.9058922729253769,0.0035485548203270183,0.32066338352259993,0.0,0.3,5
355,0.602354901432991,-0.9058922729253769,0.0035485548203270183,0.32066338352259993,0.6029977640032768,-1.087760008263588,-0.010103645821900105,-0.2673722940529417,0.0,-0.3,1
356,0.6029977640032768,-1.087760008263588,-0.010103645821900105,-0.2673722940529417,0.8641870498061182,-1.1135140248060227,0.26891382553533355,0.011750176124334377,0.3,0.0,3
357,0.8641870498061182,-1.1135140248060227,0.26891382553533355,0.011750176124334377,1.1629227591991425,-1.1086317150592804,0.30701288282191874,0.009136589530136682,0.3,0.0,3
358,1.1629227591991425,-1.1086317150592804,0.30701288282191874,0.009136589530136682,0.9299005102276803,-1.10380004298687,-0.25617944877153287,0.00663990920107838,-0.3,0.0,7
359,0.9299005102276803,-1.10380004298687,-0.25617944877153287,0.00663990920107838,0.8891707247734071,-1.3381742730140687,0.0037445109052781033,-0.2803443627450783,0.0,-0.3,1
360,0.8891707247734071,-1.3381742730140687,0.0037445109052781033,-0.2803443627450783,0.6636677316665649,-1.5149522488355638,-0.2714788248159298,-0.15612755587530425,-0.21213204,-0.21213204,2
361,0.6636677316665649,-1.5149522488355638,-0.2714788248159298,-0.15612755587530425,0.39094461858272556,-1.673603701901436,-0.25221902254625156,-0.15135715525090693,-0.21213204,-0.21213204,2
362,0.39094461858272556,-1.673603701901436,-0.25221902254625156,-0.15135715525090693,0.12468468175679447,-1.8181485911607744,-0.2698385113985146,-0.12958241883006982,-0.21213204,-0.21213204,2
363,0.12468468175679447,-1.8181485911607744,-0.2698385113985146,-0.12958241883006982,0.31868253133893015,-1.949644230747223,0.2927162089466444,-0.12123661710410263,0.21213204,-0.21213204,8
364,0.31868253133893015,-1.949644230747223,0.2927162089466444,-0.12123661710410263,0.3508684681892395,-1.9595644236803056,0.001344657052786229,-0.0003078111999019098,0.0,0.0,0
365,0.3508684681892395,-1.9595644236803056,0.001344657052786229,-0.0003078111999019098,0.37460677935481074,-2.213023501634598,0.02065318618094539,-0.3018900333292443,0.0,-0.3,1
366,0.37460677935481074,-2.213023501634598,0.02065318618094539,-0.3018900333292443,0.6503742305636407,-2.2429857735157017,0.2773449317558197,0.005915201589268901,0.3,0.0,3
367,0.6503742305636407,-2.2429857735157017,0.2773449317558197,0.005915201589268901,0.4725009281933307,-2.1207649847030643,-0.2845566746185634,0.13530017574026867,-0.21213204,0.21213204,4
368,0.4725009281933307,-2.1207649847030643,-0.2845566746185634,0.13530017574026867,0.20030957530438903,-1.9799642134904862,-0.2663728405249003,0.1290079345398277,-0.21213204,0.21213204,4
369,0.20030957530438903,-1.9799642134904862,-0.2663728405249003,0.1290079345398277,0.17505502347350121,-2.216312384748459,0.030467466705113723,-0.316846283673915,0.0,-0.3,1
370,0.17505502347350121,-2.216312384748459,0.030467466705113723,-0.316846283673915,0.4210161889314652,-2.1277085445404054,0.2920417708503345,0.1589930899599702,0.21213204,0.21213204,6
371,0.4210161889314652,-2.1277085445404054,0.2920417708503345,0.1589930899599702,0.19385621122717858,-2.106203093194962,-0.2542074785048364,-0.002359928862087022,-0.3,0.0,7
372,0.19385621122717858,-2.106203093194962,-0.2542074785048364,-0.002359928862087022,-0.07977825186252595,-1.9665862015247346,-0.27356237080004875,0.14767227439404373,-0.21213204,0.21213204,4
373,-0.07977825186252595,-1.9665862015247346,-0.27356237080004875,0.14767227439404373,-0.11846516063213348,-1.6737766909122467,-0.0011524756997852142,0.32710932374035573,0.0,0.3,5
374,-0.11846516063213348,-1.6737766909122467,-0.0011524756997852142,0.32710932374035573,-0.11784094903916123,-1.8516280092716217,7.798922591648527e-05,-0.2505489650797547,0.0,-0.3,1
375,-0.11784094903916123,-1.8516280092716217,7.798922591648527e-05,-0.2505489650797547,0.11278418230712414,-1.7396426008462909,0.27668177990996906,0.16340984266114747,0.21213204,0.21213204,6
376,0.11278418230712414,-1.7396426008462909,0.27668177990996906,0.16340984266114747,0.3831808424055576,-1.8556329387426378,0.27406872202183924,-0.1325707054861985,0.21213204,-0.21213204,8
377,0.3831808424055576,-1.8556329387426378,0.27406872202183924,-0.1325707054861985,0.42635801714062693,-2.1289805886745454,0.006092594023663023,-0.3024643374595359,0.0,-0.3,1
378,0.42635801714062693,-2.1289805886745454,0.006092594023663023,-0.3024643374595359,0.2125370296359062,-2.0334059472084043,-0.26808808818114627,0.13846197891162235,-0.21213204,0.21213204,4
379,0.2125370296359062,-2.0334059472084043,-0.26808808818114627,0.13846197891162235,0.17346060820221904,-2.019801155567169,0.0008907368887152303,9.649088234114724e-05,0.0,0.0,0
380,0.17346060820221904,-2.019801155567169,0.0008907368887152303,9.649088234114724e-05,-0.09864258273243905,-2.0190243675708768,-0.2930079637586961,-0.0018286593829978496,-0.3,0.0,7
381,-0.09864258273243905,-2.0190243675708768,-0.2930079637586961,-0.0018286593829978496,-0.37158083571195605,-1.8756130234718325,-0.25447343587886007,0.16322553929937356,-0.21213204,0.21213204,4
382,-0.37158083571195605,-1.8756130234718325,-0.25447343587886007,0.16322553929937356,-0.19166428404748442,-1.9868820557355882,0.28689780465408066,-0.14892054689903006,0.21213204,-0.21213204,8
383,-0.19166428404748442,-1.9868820557355882,0.28689780465408066,-0.14892054689903006,0.08623103481829167,-2.1403029650211334,0.2709740118359669,-0.14710415925090822,0.21213204,-0.21213204,8
384,0.08623103481829167,-2.1403029650211334,0.2709740118359669,-0.14710415925090822,0.3858735426008702,-2.1557116189956664,0.2938290896387449,-0.0021554940370946585,0.3,0.0,3
385,0.3858735426008702,-2.1557116189956664,0.2938290896387449,-0.0021554940370946585,0.20190989346802238,-2.0366610785007477,-0.27085480037027876,0.1365744716079613,-0.21213204,0.21213204,4
386,0.20190989346802238,-2.0366610785007477,-0.27085480037027876,0.1365744716079613,0.38986271975040443,-1.8773702716827394,0.2767391059566063,0.15243289162408222,0.21213204,0.21213204,6
387,0.38986271975040443,-1.8773702716827394,0.2767391059566063,0.15243289162408222,0.15999524031579493,-1.845732758617401,-0.28330120732787745,0.00873550942998449,-0.3,0.0,7
388,0.15999524031579493,-1.845732758617401,-0.28330120732787745,0.00873550942998449,0.3354798674285412,-1.7128479266881942,0.2764960921182823,0.15292789197739642,0.21213204,0.21213204,6
389,0.3354798674285412,-1.7128479266881942,0.2764960921182823,0.15292789197739642,0.6054235269784929,-1.5586012400388718,0.27124007916013915,0.1365613645170472,0.21213204,0.21213204,6
390,0.6054235269784929,-1.5586012400388718,0.27124007916013915,0.1365613645170472,0.8695251467108728,-1.69373156850338,0.2953923961215489,-0.14558899126853406,0.21213204,-0.21213204,8
391,0.8695251467108728,-1.69373156850338,0.2953923961215489,-0.14558899126853406,0.9042816656351091,-1.4705603833913805,-0.0016856991217534581,0.2845135015356814,0.0,0.3,5
392,0.9042816656351091,-1.4705603833913805,-0.0016856991217534581,0.2845135015356814,0.9110818611145021,-1.1725268135309221,-0.008157807089331027,0.3102509378927133,0.0,0.3,5
393,0.9110818611145021,-1.1725268135309221,-0.008157807089331027,0.3102509378927133,0.6877762954950333,-1.257336701154709,-0.27480743384566325,-0.12682002918731722,-0.21213204,-0.21213204,2
394,0.6877762954950333,-1.257336701154709,-0.27480743384566325,-0.12682002918731722,0.38962456144094465,-1.2648388283491134,-0.2976696468834593,0.003656844792633571,-0.3,0.0,7
395,0.38962456144094465,-1.2648388283491134,-0.2976696468834593,0.003656844792633571,0.5777012887358666,-1.390415602660179,0.26606317929102763,-0.1510064629490967,0.21213204,-0.21213204,8
396,0.5777012887358666,-1.390415602660179,0.26606317929102763,-0.1510064629490967,0.6125273624062538,-1.1518404566526412,-0.00991411214819837,0.30461834281513966,0.0,0.3,5
397,0.6125273624062538,-1.1518404566526412,-0.00991411214819837,0.30461834281513966,0.8770049530982973,-1.1084704622745516,0.28264763277587707,-0.0031161424997490908,0.3,0.0,3
398,0.8770049530982973,-1.1084704622745516,0.28264763277587707,-0.0031161424997490908,1.1370796365737916,-0.9537205867290497,0.26571420542683677,0.1555582484793523,0.21213204,0.21213204,6
399,1.1370796365737916,-0.9537205867290497,0.26571420542683677,0.1555582484793523,1.1733517848968507,-0.9374897183299066,0.0005806618657533506,-0.0008162043438145424,0.0,0.0,0
400,1.1733517848968507,-0.9374897183299066,0.0005806618657533506,-0.0008162043438145424,1.4077800472974777,-0.805721424305439,0.27946100168287324,0.139601685306747,0.21213204,0.21213204,6
401,1.4077800472974777,-0.805721424305439,0.27946100168287324,0.139601685306747,1.2207304504394534,-0.9120351282835008,-0.28270069153272714,-0.1462019486664458,-0.21213204,-0.21213204,2
402,1.2207304504394534,-0.9120351282835008,-0.28270069153272714,-0.1462019486664458,0.9542138308286666,-0.7837343789577484,-0.2812543505324618,0.13733464486596736,-0.21213204,0.21213204,4
403,0.9542138308286666,-0.7837343789577484,-0.2812543505324618,0.13733464486596736,1.144724930691719,-0.8942096690535546,0.2828380761127624,-0.14275866257719882,0.21213204,-0.21213204,8
404,1.144724930691719,-0.8942096690535546,0.2828380761127624,-0.14275866257719882,1.3962533860445023,-0.7584583643555642,0.2616612525430184,0.13584822782118414,0.21213204,0.21213204,6
405,1.3962533860445023,-0.7584583643555642,0.2616612525430184,0.13584822782118414,1.4485566101074219,-0.9903085671901704,0.012928302095617735,-0.28185067428210886,0.0,-0.3,1
406,1.4485566101074219,-0.9903085671901704,0.012928302095617735,-0.28185067428210886,1.183624142074585,-1.0198699161767961,-0.27900181659757767,0.008010019331498988,-0.3,0.0,7
407,1.183624142074585,-1.0198699161767961,-0.27900181659757767,0.008010019331498988,0.8842899188399316,-1.016513780260086,-0.30237521358710295,-0.0068265041110778584,-0.3,0.0,7
408,0.8842899188399316,-1.016513780260086,-0.30237521358710295,-0.0068265041110778584,0.8475896967291833,-1.245402276802063,0.01940010070922123,-0.2814985253127559,0.0,-0.3,1
409,0.8475896967291833,-1.245402276802063,0.01940010070922123,-0.2814985253127559,1.069395830821991,-1.1394598763942718,0.28665763928720805,0.15313575616272257,0.21213204,0.21213204,6
410,1.069395830821991,-1.1394598763942718,0.28665763928720805,0.15313575616272257,1.3664712435483932,-1.1228538061141968,0.2945106504054585,0.00479003041525184,0.3,0.0,3
411,1.3664712435483932,-1.1228538061141968,0.2945106504054585,0.00479003041525184,1.1298340230464936,-1.1199427737236025,-0.26305336748775726,0.011822278418464872,-0.3,0.0,7
412,1.1298340230464936,-1.1199427737236025,-0.26305336748775726,0.011822278418464872,1.3596802997112274,-1.116802681517601,0.2529419285409272,-0.0052185022756545485,0.3,0.0,3
413,1.3596802997112274,-1.116802681517601,0.2529419285409272,-0.0052185022756545485,1.6370060151576997,-0.9699214794754982,0.2912512331618137,0.1550984843227994,0.21213204,0.21213204,6
414,1.6370060151576997,-0.9699214794754982,0.2912512331618137,0.1550984843227994,1.93700527215004,-0.9546519672751427,0.30125908056954953,0.01085435099538178,0.3,0.0,3
415,1.93700527215004,-0.9546519672751427,0.30125908056954953,0.01085435099538178,1.9688315107822418,-0.7033124614596368,0.004921072852108829,0.274965552585518,0.0,0.3,5
416,1.9688315107822418,-0.7033124614596368,0.004921072852108829,0.274965552585518,2.239501841831207,-0.6721819633722306,0.2811216960099544,0.005284938045569805,0.3,0.0,3
417,2.239501841831207,-0.6721819633722306,0.2811216960099544,0.005284938045569805,2.050903512954712,-0.5503899849653244,-0.2674489648636495,0.14742381924255396,-0.21213204,0.21213204,4
418,2.050903512954712,-0.5503899849653244,-0.2674489648636495,0.14742381924255396,2.009370294046402,-0.5367713742375374,-0.00018566587342173924,-4.534828826149699e-05,0.0,0.0,0
419,2.009370294046402,-0.5367713742375374,-0.00018566587342173924,-4.534828826149699e-05,2.0168559725761415,-0.7993781632065773,-0.002497979310437822,-0.3043624011649515,0.0,-0.3,1
420,2.0168559725761415,-0.7993781632065773,-0.002497979310437822,-0.3043624011649515,2.0150516547203066,-1.0961455829143525,0.017724485253007544,-0.2957034378473099,0.0,-0.3,1
421,2.0150516547203066,-1.0961455829143525,0.017724485253007544,-0.2957034378473099,2.013988169002533,-1.129782927751541,-9.9418295121659e-05,0.00012596582852983064,0.0,0.0,0
422,2.013988169002533,-1.129782927751541,-9.9418295121659e-05,0.00012596582852983064,1.7394842291593553,-1.1282584176540378,-0.2723752789956697,-0.002139419219083687,-0.3,0.0,7
423,1.7394842291593553,-1.1282584176540378,-0.2723752789956697,-0.002139419219083687,1.6946313849210741,-1.12848148021698,0.0005412580892456161,7.300684404459574e-05,0.0,0.0,0
424,1.6946313849210741,-1.12848148021698,0.0005412580892456161,7.300684404459574e-05,1.4484892446756363,-0.9986179790496827,-0.273571042673014,0.1523144335792467,-0.21213204,0.21213204,4
425,1.4484892446756363,-0.9986179790496827,-0.273571042673014,0.1523144335792467,1.6383471480607987,-0.8505264309883119,0.28040181899767863,0.13771467116731856,0.21213204,0.21213204,6
426,1.6383471480607987,-0.8505264309883119,0.28040181899767863,0.13771467116731856,1.408055649995804,-0.8289733410000801,-0.25736222527391794,0.005305588755089724,-0.3,0.0,7
427,1.408055649995804,-0.8289733410000801,-0.25736222527391794,0.005305588755089724,1.6406969142436982,-0.8292505038857461,0.2515084480725094,0.003748346295196239,0.3,0.0,3
428,1.6406969142436982,-0.8292505038857461,0.2515084480725094,0.003748346295196239,1.4129600809812548,-0.8318124681591987,-0.2662225572516864,0.0006956626573208982,-0.3,0.0,7
429,1.4129600809812548,-0.8318124681591987,-0.2662225572516864,0.0006956626573208982,1.5973491922378542,-0.7084149401545524,0.2664371529557239,0.13092566020818563,0.21213204,0.21213204,6
430,1.5973491922378542,-0.7084149401545524,0.2664371529557239,0.13092566020818563,1.6257780619621278,-0.4611131159126759,-0.009138148065977661,0.26149127950018264,0.0,0.3,5
431,1.6257780619621278,-0.4611131159126759,-0.009138148065977661,0.26149127950018264,1.890239795780182,-0.4336968282163143,0.27961671654114156,-0.0005894850354168171,0.3,0.0,3
432,1.890239795780182,-0.4336968282163143,0.27961671654114156,-0.0005894850354168171,1.9359520746469498,-0.6933102276921272,0.0066464400569406995,-0.3118929868631089,0.0,-0.3,1
433,1.9359520746469498,-0.6933102276921272,0.0066464400569406995,-0.3118929868631089,1.936011151576042,-0.7295953984618186,0.0003021336019555271,-0.0009519394081208367,0.0,0.0,0
434,1.936011151576042,-0.7295953984618186,0.0003021336019555271,-0.0009519394081208367,1.6606068274497987,-0.7334963855981826,-0.2808879347309299,-0.01315403073549013,-0.3,0.0,7
435,1.6606068274497987,-0.7334963855981826,-0.2808879347309299,-0.01315403073549013,1.617412114262581,-0.7335259939670563,3.6931739808935605e-05,0.00015483686569034918,0.0,0.0,0
436,1.617412114262581,-0.7335259939670563,3.6931739808935605e-05,0.00015483686569034918,1.3686524986743929,-0.6101800614476204,-0.2805773628489977,0.13175179863458492,-0.21213204,0.21213204,4
437,1.3686524986743929,-0.6101800614476204,-0.2805773628489977,0.13175179863458492,1.6012025815963746,-0.5926830945611,0.25493809338186096,-0.008099946089672884,0.3,0.0,3
438,1.6012025815963746,-0.5926830945611,0.25493809338186096,-0.008099946089672884,1.864750629258156,-0.45647640640139586,0.2711836493851131,0.1304546697341226,0.21213204,0.21213204,6
439,1.864750629258156,-0.45647640640139586,0.2711836493851131,0.1304546697341226,1.6293998345851899,-0.44261169440150266,-0.2787097499579895,-0.006664972364834099,-0.3,0.0,7
440,1.6293998345851899,-0.44261169440150266,-0.2787097499579895,-0.006664972364834099,1.3548844912290574,-0.5870792772531509,-0.28027470436297236,-0.14908364732994178,-0.21213204,-0.21213204,2
441,1.3548844912290574,-0.5870792772531509,-0.28027470436297236,-0.14908364732994178,1.3034324258089065,-0.3611942116856576,0.009073535403154729,0.29451358521742343,0.0,0.3,5
442,1.3034324258089065,-0.3611942116856576,0.009073535403154729,0.29451358521742343,1.3036229887485504,-0.05681840838566423,0.005370143973018306,0.31523394709738134,0.0,0.3,5
443,1.3036229887485504,-0.05681840838566423,0.005370143973018306,0.31523394709738134,1.3017039625167848,-0.24169423946738244,-0.01977045248847773,-0.25402498894608894,0.0,-0.3,1
444,1.3017039625167848,-0.24169423946738244,-0.01977045248847773,-0.25402498894608894,1.3037326099157334,-0.5271850402235985,-0.0036975848299804943,-0.29520707795472845,0.0,-0.3,1
445,1.3037326099157334,-0.5271850402235985,-0.0036975848299804943,-0.29520707795472845,1.5224534251213075,-0.4343723160684109,0.2791225401892372,0.13835681249008103,0.21213204,0.21213204,6
446,1.5224534251213075,-0.4343723160684109,0.2791225401892372,0.13835681249008103,1.8157488675594333,-0.4277877311646939,0.27909385776585033,-0.005327841603915723,0.3,0.0,3
447,1.8157488675594333,-0.4277877311646939,0.27909385776585033,-0.005327841603915723,1.8550632422208788,-0.42855498955845833,0.001394303179889234,-0.0016762920327231014,0.0,0.0,0
448,1.8550632422208788,-0.42855498955845833,0.001394303179889234,-0.0016762920327231014,2.1034356945037844,-0.301252200883627,0.2850887491435505,0.14464771287043768,0.21213204,0.21213204,6
449,2.1034356945037844,-0.301252200883627,0.2850887491435505,0.14464771287043768,1.9172538318157195,-0.15317020887732505,-0.2831492339641446,0.1352065565394822,-0.21213204,0.21213204,4
450,1.9172538318157195,-0.15317020887732505,-0.2831492339641446,0.1352065565394822,1.6547295405387878,-0.28237370217442515,-0.2758104796004741,-0.1494562976232165,-0.21213204,-0.21213204,2
451,1.6547295405387878,-0.28237370217442515,-0.2758104796004741,-0.1494562976232165,1.6157643415212632,-0.298491175788641,0.0014859099776284553,0.01641449887287824,0.0,0.0,0
452,1.6157643415212632,-0.298491175788641,0.0014859099776284553,0.01641449887287824,1.8646651660442353,-0.1723302904576063,0.293950820620874,0.15362098456832352,0.21213204,0.21213204,6
453,1.8646651660442353,-0.1723302904576063,0.293950820620874,0.15362098456832352,2.141492896509171,-0.2984034723818302,0.29325019688510784,-0.1296053465785455,0.21213204,-0.21213204,8
454,2.141492896509171,-0.2984034723818302,0.29325019688510784,-0.1296053465785455,2.200124367952347,-0.5657967568993568,0.021215977081811298,-0.2868350970440046,0.0,-0.3,1
455,2.200124367952347,-0.5657967568993568,0.021215977081811298,-0.2868350970440046,2.2148689249515536,-0.8576350388884544,0.008424409356513785,-0.30546391487299246,0.0,-0.3,1
456,2.2148689249515536,-0.8576350388884544,0.008424409356513785,-0.30546391487299246,2.2162192441463473,-1.1700911857366563,-0.002088149013369411,-0.3124413298268218,0.0,-0.3,1
457,2.2162192441463473,-1.1700911857366563,-0.002088149013369411,-0.3124413298268218,1.9809007927417754,-1.078929753637314,-0.2641836653256773,0.14971239605959863,-0.21213204,0.21213204,4
458,1.9809007927417754,-1.078929753637314,-0.2641836653256773,0.14971239605959863,1.93867825050354,-1.295737399315834,0.00031008693634878757,-0.2780052882299181,0.0,-0.3,1
459,1.93867825050354,-1.295737399315834,0.00031008693634878757,-0.2780052882299181,1.9332595796823504,-1.080749298477173,0.0019648163806893597,0.3026194295579266,0.0,0.3,5
460,1.9332595796823504,-1.080749298477173,0.0019648163806893597,0.3026194295579266,1.93305543050766,-1.0448036332130433,0.00024670465162738957,0.00022767905014414876,0.0,0.0,0
461,1.93305543050766,-1.0448036332130433,0.00024670465162738957,0.00022767905014414876,2.1691982026576997,-0.9142411957502365,0.27403742814319326,0.13643781808789518,0.21213204,0.21213204,6
462,2.1691982026576997,-0.9142411957502365,0.27403742814319326,0.13643781808789518,1.9637344680786133,-0.7743458618044853,-0.2880933525612522,0.15372221735857364,-0.21213204,0.21213204,4
463,1.9637344680786133,-0.7743458618044853,-0.2880933525612522,0.15372221735857364,1.678061104512215,-0.6396326555371284,-0.2896438798307038,0.11586357849002915,-0.21213204,0.21213204,4
464,1.678061104512215,-0.6396326555371284,-0.2896438798307038,0.11586357849002915,1.9135956567764283,-0.626973419725895,0.25805758630828773,-0.006598265599262561,0.3,0.0,3
465,1.9135956567764283,-0.626973419725895,0.25805758630828773,-0.006598265599262561,1.9567787753820423,-0.6276792838335038,-0.006359516280959678,0.001225019946274658,0.0,0.0,0
466,1.9567787753820423,-0.6276792838335038,-0.006359516280959678,0.001225019946274658,1.710121884775162,-0.7657047526597978,-0.2759166874209381,-0.1748508403304853,-0.21213204,-0.21213204,2
467,1.710121884775162,-0.7657047526597978,-0.2759166874209381,-0.1748508403304853,1.6861794121265412,-1.0401123859882355,0.01228296115375312,-0.28044450181773095,0.0,-0.3,1
468,1.6861794121265412,-1.0401123859882355,0.01228296115375312,-0.28044450181773095,1.686975435757637,-1.072788984012604,-0.003577598400215279,0.0027977786014790947,0.0,0.0,0
469,1.686975435757637,-1.072788984012604,-0.003577598400215279,0.0027977786014790947,1.687055091023445,-1.0728813150167467,-0.0013303032436709646,0.000884781101537387,0.0,0.0,0
470,1.687055091023445,-1.0728813150167467,-0.0013303032436709646,0.000884781101537387,1.933933424663544,-1.1948025949001313,0.27890408972837283,-0.13258514677719074,0.21213204,-0.21213204,8
471,1.933933424663544,-1.1948025949001313,0.27890408972837283,-0.13258514677719074,1.7406057357788087,-1.0832719922542573,-0.2795485373078598,0.14290703580126568,-0.21213204,0.21213204,4
472,1.7406057357788087,-1.0832719922542573,-0.2795485373078598,0.14290703580126568,1.7060714663267138,-0.8177655191421509,0.0019360163792055637,0.283187601752099,0.0,0.3,5
473,1.7060714663267138,-0.8177655191421509,0.0019360163792055637,0.283187601752099,1.71685073428154,-1.0340382539510726,0.009524309708433713,-0.2823319235555,0.0,-0.3,1
474,1.71685073428154,-1.0340382539510726,0.009524309708433713,-0.2823319235555,1.4919665152549744,-1.2080758875608444,-0.267235663650202,-0.1524130600401791,-0.21213204,-0.21213204,2
475,1.4919665152549744,-1.2080758875608444,-0.267235663650202,-0.1524130600401791,1.4549348847150803,-1.223757915735245,-0.0047347966787225915,-0.005148361874237929,0.0,0.0,0
476,1.4549348847150803,-1.223757915735245,-0.0047347966787225915,-0.005148361874237929,1.4624746693849564,-1.4823419412612915,-0.0015643966004132883,-0.304103432173169,0.0,-0.3,1
477,1.4624746693849564,-1.4823419412612915,-0.0015643966004132883,-0.304103432173169,1.4591772757053376,-1.2740797086715698,-0.005435844676468729,0.30479586085346266,0.0,0.3,5
478,1.4591772757053376,-1.2740797086715698,-0.005435844676468729,0.30479586085346266,1.4614138394594194,-1.2405850500106812,0.0010368329114166742,0.0002707393237629818,0.0,0.0,0
479,1.4614138394594194,-1.2405850500106812,0.0010368329114166742,0.0002707393237629818,1.4661973338365555,-0.9803686917781831,0.010836744936356713,0.30170676991197365,0.0,0.3,5
480,1.4661973338365555,-0.9803686917781831,0.010836744936356713,0.30170676991197365,1.4830429488897323,-1.1985058623075486,0.025292049925736516,-0.2865382519513821,0.0,-0.3,1
481,1.4830429488897323,-1.1985058623075486,0.025292049925736516,-0.2865382519513821,1.4900861431121826,-1.4971226358652117,0.016321755810498783,-0.29743470105311204,0.0,-0.3,1
482,1.4900861431121826,-1.4971226358652117,0.016321755810498783,-0.29743470105311204,1.2651003957033158,-1.6676246371030807,-0.2758932853054236,-0.13619894922528217,-0.21213204,-0.21213204,2
483,1.2651003957033158,-1.6676246371030807,-0.2758932853054236,-0.13619894922528217,0.9983939582943917,-1.5481320478200913,-0.28426182296497715,0.14343710310680205,-0.21213204,0.21213204,4
484,0.9983939582943917,-1.5481320478200913,-0.28426182296497715,0.14343710310680205,0.9516809939503671,-1.7768440344333651,0.016649654508089966,-0.3065584028686618,0.0,-0.3,1
485,0.9516809939503671,-1.7768440344333651,0.016649654508089966,-0.3065584028686618,0.7313282405376436,-1.9535497250556948,-0.27872093634360806,-0.12329961014489152,-0.21213204,-0.21213204,2
486,0.7313282405376436,-1.9535497250556948,-0.27872093634360806,-0.12329961014489152,0.4604751359462738,-2.1025468594551087,-0.28109441518193107,-0.16001735829111333,-0.21213204,-0.21213204,2
487,0.4604751359462738,-2.1025468594551087,-0.28109441518193107,-0.16001735829111333,0.20284985767900943,-1.9812355024099353,-0.2644948870079171,0.14395280449963668,-0.21213204,0.21213204,4
488,0.20284985767900943,-1.9812355024099353,-0.2644948870079171,0.14395280449963668,-0.08889946050941945,-1.966505767631531,-0.2943705673510528,0.002640596585879784,-0.3,0.0,7
489,-0.08889946050941945,-1.966505767631531,-0.2943705673510528,0.002640596585879784,0.14278953545689585,-1.9638834750413894,0.2422331118380278,0.0012682281457355913,0.3,0.0,3
490,0.14278953545689585,-1.9638834750413894,0.2422331118380278,0.0012682281457355913,-0.03393103197999298,-2.0810446743488313,-0.25852561608904645,-0.14548235983471117,-0.21213204,-0.21213204,2
491,-0.03393103197999298,-2.0810446743488313,-0.25852561608904645,-0.14548235983471117,-0.2967021324813366,-1.9554477812528612,-0.2677088045778234,0.1393657684864813,-0.21213204,0.21213204,4
492,-0.2967021324813366,-1.9554477812528612,-0.2677088045778234,0.1393657684864813,-0.5913093601226808,-1.9410421333789825,-0.30168093942035906,-0.005629288648538062,-0.3,0.0,7
493,-0.5913093601226808,-1.9410421333789825,-0.30168093942035906,-0.005629288648538062,-0.8629943293333053,-1.8008719997167586,-0.26988103229097454,0.12563281855502612,-0.21213204,0.21213204,4
494,-0.8629943293333053,-1.8008719997167586,-0.26988103229097454,0.12563281855502612,-1.1520381165742875,-1.7892179486751556,-0.2853884590299084,-0.006128578213692582,-0.3,0.0,7
495,-1.1520381165742875,-1.7892179486751556,-0.2853884590299084,-0.006128578213692582,-1.3989704263925553,-1.933547722172737,-0.24610972742074064,-0.149419307124791,-0.21213204,-0.21213204,2
496,-1.3989704263925553,-1.933547722172737,-0.24610972742074064,-0.149419307124791,-1.2113561343431474,-1.8246139266490937,0.2947557129426074,0.17328462445021295,0.21213204,0.21213204,6
497,-1.2113561343431474,-1.8246139266490937,0.2947557129426074,0.17328462445021295,-1.3787240292072298,-1.93241268055439,-0.24892730259830242,-0.14940922671621473,-0.21213204,-0.21213204,2
498,-1.3787240292072298,-1.93241268055439,-0.24892730259830242,-0.14940922671621473,-1.648332939338684,-1.815540393471718,-0.30360952307599276,0.11562721567337118,-0.21213204,0.21213204,4
499,-1.648332939338684,-1.815540393471718,-0.30360952307599276,0.11562721567337118,-1.4192661067008974,-1.8035931307554247,0.2462347237250722,-0.009687825387418022,0.3,0.0,3
500,-1.4192661067008974,-1.8035931307554247,0.2462347237250722,-0.009687825387418022,-1.599934873700142,-1.9354980484724045,-0.26900204180047294,-0.167179322845948,-0.21213204,-0.21213204,2
501,-1.599934873700142,-1.9354980484724045,-0.26900204180047294,-0.167179322845948,-1.3657625638008117,-1.9579550836086275,0.25847432789111624,-0.0035505744465321493,0.3,0.0,3
502,-1.3657625638008117,-1.9579550836086275,0.25847432789111624,-0.0035505744465321493,-1.5470851313114167,-1.8438042047500611,-0.2803595819739364,0.1350966019738733,-0.21213204,0.21213204,4
503,-1.5470851313114167,-1.8438042047500611,-0.2803595819739364,0.1350966019738733,-1.3550635699748994,-1.9573669261693956,0.29222058485964747,-0.1546405854824672,0.21213204,-0.21213204,8
504,-1.3550635699748994,-1.9573669261693956,0.29222058485964747,-0.1546405854824672,-1.0758255158424377,-1.8331018989086152,0.28951050373678044,0.14113886608951762,0.21213204,0.21213204,6
505,-1.0758255158424377,-1.8331018989086152,0.28951050373678044,0.14113886608951762,-1.011177656006813,-2.060694220495224,0.017701392960345542,-0.2881956393699692,0.0,-0.3,1
506,-1.011177656006813,-2.060694220495224,0.017701392960345542,-0.2881956393699692,-1.0079984952688217,-2.0969352919578554,0.005943439543719916,0.0009438774033582188,0.0,0.0,0
507,-1.0079984952688217,-2.0969352919578554,0.005943439543719916,0.0009438774033582188,-0.7604783841252327,-1.9679611194372177,0.26983414932074495,0.1251808601469165,0.21213204,0.21213204,6
508,-0.7604783841252327,-1.9679611194372177,0.26983414932074495,0.1251808601469165,-0.7330100895047188,-1.700506679606438,0.0068516624338214385,0.2882431287239197,0.0,0.3,5
509,-0.7330100895047188,-1.700506679606438,0.0068516624338214385,0.2882431287239197,-0.7342934264540673,-1.6675747912406922,-0.0006355914770550912,0.00024056710233655803,0.0,0.0,0
510,-0.7342934264540673,-1.6675747912406922,-0.0006355914770550912,0.00024056710233655803,-0.7319458090901375,-1.4146893052577973,0.004629086411695788,0.27737788531122354,0.0,0.3,5
511,-0.7319458090901375,-1.4146893052577973,0.004629086411695788,0.27737788531122354,-0.4981655574023724,-1.2414004551649096,0.2917945507686579,0.1367221110643297,0.21213204,0.21213204,6
512,-0.4981655574023724,-1.2414004551649096,0.2917945507686579,0.1367221110643297,-0.23124607532322405,-1.3695880792617798,0.28835027182379086,-0.1301281580235905,0.21213204,-0.21213204,8
513,-0.23124607532322405,-1.3695880792617798,0.28835027182379086,-0.1301281580235905,-0.18931958441436292,-1.6156472234487536,-0.007644830772964082,-0.2703380338089172,0.0,-0.3,1
514,-0.18931958441436292,-1.6156472234487536,-0.007644830772964082,-0.2703380338089172,-0.408452292817831,-1.5098453273296357,-0.26502570570680173,0.14365025572670362,-0.21213204,0.21213204,4
515,-0.408452292817831,-1.5098453273296357,-0.26502570570680173,0.14365025572670362,-0.6832600481510163,-1.3685527225732805,-0.28346527595399285,0.14906699292782188,-0.21213204,0.21213204,4
516,-0.6832600481510163,-1.3685527225732805,-0.28346527595399285,0.14906699292782188,-0.9738533099293709,-1.3558434158563615,-0.29745549923803966,0.0024366237886351604,-0.3,0.0,7
517,-0.9738533099293709,-1.3558434158563615,-0.29745549923803966,0.0024366237886351604,-1.2388400804042816,-1.2149619892835617,-0.2782175889273425,0.14217158368718288,-0.21213204,0.21213204,4
518,-1.2388400804042816,-1.2149619892835617,-0.2782175889273425,0.14217158368718288,-1.5326117765188219,-1.2046911086559298,-0.28927628999963984,-0.00839960773014501,-0.3,0.0,7
519,-1.5326117765188219,-1.2046911086559298,-0.28927628999963984,-0.00839960773014501,-1.5654614629268646,-1.4475922420263292,0.013664067175103694,-0.2973418396774698,0.0,-0.3,1
520,-1.5654614629268646,-1.4475922420263292,0.013664067175103694,-0.2973418396774698,-1.2923237837314607,-1.473920546770096,0.27070693457256206,-0.012912264663887054,0.3,0.0,3
521,-1.2923237837314607,-1.473920546770096,0.27070693457256206,-0.012912264663887054,-1.24643656373024,-1.2242799147129058,0.006601946592653749,0.2937355165631346,0.0,0.3,5
522,-1.24643656373024,-1.2242799147129058,0.006601946592653749,0.2937355165631346,-1.0133231316804885,-1.0436626153707504,0.28165951476886714,0.1487223838131078,0.21213204,0.21213204,6
523,-1.0133231316804885,-1.0436626153707504,0.28165951476886714,0.1487223838131078,-0.954408789563179,-1.268720359802246,0.014658637846678486,-0.2889176249768834,0.0,-0.3,1
524,-0.954408789563179,-1.268720359802246,0.014658637846678486,-0.2889176249768834,-1.2161259405612945,-1.2993246567726136,-0.278296807315702,-0.0007648621405415385,-0.3,0.0,7
525,-1.2161259405612945,-1.2993246567726136,-0.278296807315702,-0.0007648621405415385,-1.4794764586687088,-1.4416424708604814,-0.2638175099713098,-0.1660575118345213,-0.21213204,-0.21213204,2
526,-1.4794764586687088,-1.4416424708604814,-0.2638175099713098,-0.1660575118345213,-1.7717481161355972,-1.457424024629593,-0.3099075796622909,-0.0062901237128068195,-0.3,0.0,7
527,-1.7717481161355972,-1.457424024629593,-0.3099075796622909,-0.0062901237128068195,-1.5837485713720323,-1.3342725649118425,0.2613933088225706,0.17077521091165065,0.21213204,0.21213204,6
528,-1.5837485713720323,-1.3342725649118425,0.2613933088225706,0.17077521091165065,-1.7783056955575944,-1.1899723329782486,-0.2756291121224468,0.14852949912463873,-0.21213204,0.21213204,4
529,-1.7783056955575944,-1.1899723329782486,-0.2756291121224468,0.14852949912463873,-2.060043970823288,-1.048468077659607,-0.2876809383762563,0.11905530089791869,-0.21213204,0.21213204,4
530,-2.060043970823288,-1.048468077659607,-0.2876809383762563,0.11905530089791869,-2.087600981044769,-0.7801858697772026,0.0012690411732757118,0.2846467081168752,0.0,0.3,5
531,-2.087600981044769,-0.7801858697772026,0.0012690411732757118,0.2846467081168752,-2.088698436832428,-0.7481841440558434,0.04495458491901416,0.05599290585460886,0.0,0.0,0
532,-2.088698436832428,-0.7481841440558434,0.04495458491901416,0.05599290585460886,-2.090347132921219,-0.7503761920809746,0.0013134886412124029,-0.005403458352145299,0.0,0.0,0
533,-2.090347132921219,-0.7503761920809746,0.0013134886412124029,-0.005403458352145299,-2.0878226303577425,-0.4920618582904339,-0.030056233948739866,0.26215803468109117,0.0,0.3,5
534,-2.0878226303577425,-0.4920618582904339,-0.030056233948739866,0.26215803468109117,-2.080252177667618,-0.7169295125722887,0.023685003847935718,-0.3052694636265583,0.0,-0.3,1
535,-2.080252177667618,-0.7169295125722887,0.023685003847935718,-0.3052694636265583,-2.0668680235862733,-1.0193315887689591,-0.05925096648300437,-0.3431245584616413,0.0,-0.3,1
536,-2.0668680235862733,-1.0193315887689591,-0.05925096648300437,-0.3431245584616413,-1.832216331791878,-1.1960343222618104,0.2911138460753609,-0.13084529419000493,0.21213204,-0.21213204,8
537,-1.832216331791878,-1.1960343222618104,0.2911138460753609,-0.13084529419000493,-1.7875252963781358,-0.9670731478571892,0.002294332184157128,0.27105191086617614,0.0,0.3,5
538,-1.7875252963781358,-0.9670731478571892,0.002294332184157128,0.27105191086617614,-1.7926513195753098,-0.6714742553114891,-0.01914177760984753,0.2816861471134462,0.0,0.3,5
539,-1.7926513195753098,-0.6714742553114891,-0.01914177760984753,0.2816861471134462,-1.795433380842209,-0.8989846132636071,-0.008729755254275006,-0.30225689986544974,0.0,-0.3,1
540,-1.795433380842209,-0.8989846132636071,-0.008729755254275006,-0.30225689986544974,-2.021624078702927,-0.8014880649328233,-0.2870489784850706,0.11332548334865761,-0.21213204,0.21213204,4
541,-2.021624078702927,-0.8014880649328233,-0.2870489784850706,0.11332548334865761,-2.0556942690372466,-0.5399112810492516,0.0205967217658583,0.3012949731564065,0.0,0.3,5
542,-2.0556942690372466,-0.5399112810492516,0.0205967217658583,0.3012949731564065,-1.830250889182091,-0.3622713478982449,0.28592107733032907,0.15066340228848715,0.21213204,0.21213204,6
543,-1.830250889182091,-0.3622713478982449,0.28592107733032907,0.15066340228848715,-1.7903565232753755,-0.08396480760723353,0.010993575307716495,0.3380330455926777,0.0,0.3,5
544,-1.7903565232753755,-0.08396480760723353,0.010993575307716495,0.3380330455926777,-1.5193690505981445,-0.04942704025506973,0.27419240591169125,-0.0022707934663488555,0.3,0.0,3
545,-1.5193690505981445,-0.04942704025506973,0.27419240591169125,-0.0022707934663488555,-1.2403466134309769,-0.18691191282570363,0.3002165199778654,-0.15489320366563286,0.21213204,-0.21213204,8
546,-1.2403466134309769,-0.18691191282570363,0.3002165199778654,-0.15489320366563286,-1.2015050927400588,0.02703305384553969,0.0005865477842461507,0.2564728709840504,0.0,0.3,5
547,-1.2015050927400588,0.02703305384553969,0.0005865477842461507,0.2564728709840504,-1.2011961943626406,0.3024988186836243,0.008261920643075703,0.29183989345854966,0.0,0.3,5
548,-1.2011961943626406,0.3024988186836243,0.008261920643075703,0.29183989345854966,-1.1884269500494005,0.6062261474013328,0.01426455844209531,0.3000202772527001,0.0,0.3,5
549,-1.1884269500494005,0.6062261474013328,0.01426455844209531,0.3000202772527001,-1.4050329020261765,0.5039739161729813,-0.2642062078555607,-0.14979967415683954,-0.21213204,-0.21213204,2
550,-1.4050329020261765,0.5039739161729813,-0.2642062078555607,-0.14979967415683954,-1.443911825323105,0.49028663007617,-5.3409324545824795e-05,0.0012413324417290777,0.0,0.0,0
551,-1.443911825323105,0.49028663007617,-5.3409324545824795e-05,0.0012413324417290777,-1.4439640033721926,0.2160205792963505,-0.003971473589731743,-0.30893477268244274,0.0,-0.3,1
552,-1.4439640033721926,0.2160205792963505,-0.003971473589731743,-0.30893477268244274,-1.436819875097275,-0.09743116191476583,0.006793221432039567,-0.31551509466655386,0.0,-0.3,1
553,-1.436819875097275,-0.09743116191476583,0.006793221432039567,-0.31551509466655386,-1.4374368136644364,-0.3865754378139973,-0.007558498635271564,-0.2815942444951416,0.0,-0.3,1
554,-1.4374368136644364,-0.3865754378139973,-0.007558498635271564,-0.2815942444951416,-1.440762259721756,-0.4178197542667389,-0.00030559793410007855,0.0004752589912455942,0.0,0.0,0
555,-1.440762259721756,-0.4178197542667389,-0.00030559793410007855,0.0004752589912455942,-1.7150222929954528,-0.4230675180494786,-0.28934731623105786,-0.02031071582056953,-0.3,0.0,7
556,-1.7150222929954528,-0.4230675180494786,-0.28934731623105786,-0.02031071582056953,-1.763383229613304,-0.6885595599889756,0.0004605367470005865,-0.3054112979376952,0.0,-0.3,1
557,-1.763383229613304,-0.6885595599889756,0.0004605367470005865,-0.3054112979376952,-1.9932004371881487,-0.5958447919249534,-0.2817709505439568,0.1326315071346379,-0.21213204,0.21213204,4
558,-1.9932004371881487,-0.5958447919249534,-0.2817709505439568,0.1326315071346379,-2.0353004091262816,-0.33295722586512566,0.01105585398224102,0.30359579823410215,0.0,0.3,5
559,-2.0353004091262816,-0.33295722586512566,0.01105585398224102,0.30359579823410215,-1.8055943796157838,-0.4296077643990517,0.28311040413463295,-0.15108327029662766,0.21213204,-0.21213204,8
560,-1.8055943796157838,-0.4296077643990517,0.28311040413463295,-0.15108327029662766,-1.548676323604584,-0.2963016688704491,0.29742805325024235,0.15289503585782735,0.21213204,0.21213204,6
561,-1.548676323604584,-0.2963016688704491,0.29742805325024235,0.15289503585782735,-1.5093725929498674,-0.2807666776299477,-3.86129079362801e-05,-0.0005783676149464259,0.0,0.0,0
562,-1.5093725929498674,-0.2807666776299477,-3.86129079362801e-05,-0.0005783676149464259,-1.781072147512436,-0.2838733341693878,-0.2948169917761917,0.0063820670315861625,-0.3,0.0,7
563,-1.781072147512436,-0.2838733341693878,-0.2948169917761917,0.0063820670315861625,-1.601875769996643,-0.15055683186650276,0.2912396792304201,0.13193361990207728,0.21213204,0.21213204,6
564,-1.601875769996643,-0.15055683186650276,0.2912396792304201,0.13193361990207728,-1.3280398715972903,-0.005086267728731036,0.2753974116680544,0.1260802070123341,0.21213204,0.21213204,6
565,-1.3280398715972903,-0.005086267728731036,0.2753974116680544,0.1260802070123341,-1.2885147891759872,0.006996361134760082,-0.0003000764740154011,-1.7596183849298472e-05,0.0,0.0,0
566,-1.2885147891759872,0.006996361134760082,-0.0003000764740154011,-1.7596183849298472e-05,-1.0158239651203156,0.0008798258696915582,0.2699750110655032,0.0001563448112108583,0.3,0.0,3
567,-1.0158239651203156,0.0008798258696915582,0.2699750110655032,0.0001563448112108583,-0.9740829220771791,1.4780582999810579e-05,-0.001498053949174785,0.00011849971893214439,0.0,0.0,0
568,-0.9740829220771791,1.4780582999810579e-05,-0.001498053949174785,0.00011849971893214439,-1.2219933169841766,-0.14171905915737154,-0.27036881766900683,-0.15461867267426177,-0.21213204,-0.21213204,2
569,-1.2219933169841766,-0.14171905915737154,-0.27036881766900683,-0.15461867267426177,-1.5003644804477694,-0.2847060245752335,-0.26576377923021904,-0.14411904072321569,-0.21213204,-0.21213204,2
570,-1.5003644804477694,-0.2847060245752335,-0.26576377923021904,-0.14411904072321569,-1.31540514395237,-0.4171525272130966,0.2792256885340583,-0.11954214431458421,0.21213204,-0.21213204,8
571,-1.31540514395237,-0.4171525272130966,0.2792256885340583,-0.11954214431458421,-1.2814311250448227,-0.16776590370535852,-0.0018818407129931832,0.2947225945363483,0.0,0.3,5
572,-1.2814311250448227,-0.16776590370535852,-0.0018818407129931832,0.2947225945363483,-1.287248246407509,0.09629263685792684,-0.0025420852502880866,0.25703660875192297,0.0,0.3,5
573,-1.287248246407509,0.09629263685792684,-0.0025420852502880866,0.25703660875192297,-1.509983119106293,-0.018559099147468807,-0.27798203170558006,-0.14012380284804804,-0.21213204,-0.21213204,2
574,-1.509983119106293,-0.018559099147468807,-0.27798203170558006,-0.14012380284804804,-1.5314216004610062,-0.2932085010111332,0.010252398136894603,-0.28972768871407806,0.0,-0.3,1
575,-1.5314216004610062,-0.2932085010111332,0.010252398136894603,-0.28972768871407806,-1.2953027001857758,-0.18889342543482782,0.2725644442589778,0.15187975238363954,0.21213204,0.21213204,6
576,-1.2953027001857758,-0.18889342543482782,0.2725644442589778,0.15187975238363954,-1.031767764925957,-0.31751315515637396,0.26931821303825826,-0.1442578003972094,0.21213204,-0.21213204,8
577,-1.031767764925957,-0.31751315515637396,0.26931821303825826,-0.1442578003972094,-0.797526948261261,-0.18828952145874503,0.27401959876341064,0.14126706676277284,0.21213204,0.21213204,6
578,-0.797526948261261,-0.18828952145874503,0.27401959876341064,0.14126706676277284,-0.7534474833607674,-0.41868314729928974,-0.013926657748395377,-0.2900428733087463,0.0,-0.3,1
579,-0.7534474833607674,-0.41868314729928974,-0.013926657748395377,-0.2900428733087463,-0.9871743049740791,-0.5845245074868202,-0.28624764423107935,-0.13510145894521933,-0.21213204,-0.21213204,2
580,-0.9871743049740791,-0.5845245074868202,-0.28624764423107935,-0.13510145894521933,-1.2647108827352525,-0.7168806630849839,-0.28364306890676794,-0.12303735145747934,-0.21213204,-0.21213204,2
581,-1.2647108827352525,-0.7168806630849839,-0.28364306890676794,-0.12303735145747934,-1.3180727596521378,-0.46246351765990257,-0.0013361875496747458,0.3206581727964311,0.0,0.3,5
582,-1.3180727596521378,-0.46246351765990257,-0.0013361875496747458,0.3206581727964311,-1.3205034959554673,-0.6466861594676971,-0.0059323470046769074,-0.2628167739743291,0.0,-0.3,1
583,-1.3205034959554673,-0.6466861594676971,-0.0059323470046769074,-0.2628167739743291,-1.5928502037763594,-0.673166651904583,-0.280308037137159,0.021970978415384597,-0.3,0.0,7
584,-1.5928502037763594,-0.673166651904583,-0.280308037137159,0.021970978415384597,-1.3590824334621432,-0.6656947453975678,0.2801092234839237,0.0049361638864902305,0.3,0.0,3
585,-1.3590824334621432,-0.6656947453975678,0.2801092234839237,0.0049361638864902305,-1.089892404961586,-0.5063909157752992,0.274435829382808,0.1599725790330708,0.21213204,0.21213204,6
586,-1.089892404961586,-0.5063909157752992,0.274435829382808,0.1599725790330708,-0.8204021209359169,-0.3471359035491943,0.25639722248283087,0.15787957989564003,0.21213204,0.21213204,6
587,-0.8204021209359169,-0.3471359035491943,0.25639722248283087,0.15787957989564003,-0.5242044273734092,-0.3353645839095116,0.31007676847213356,-0.0011396985703631725,0.3,0.0,3
588,-0.5242044273734092,-0.3353645839095116,0.31007676847213356,-0.0011396985703631725,-0.47602696736454964,-0.5880837984681131,0.0015944009269309321,-0.29293614067521984,0.0,-0.3,1
589,-0.47602696736454964,-0.5880837984681131,0.0015944009269309321,-0.29293614067521984,-0.476674708545208,-0.6218642235279084,0.002011348366038464,-0.00031235638088169474,0.0,0.0,0
590,-0.476674708545208,-0.6218642235279084,0.002011348366038464,-0.00031235638088169474,-0.7292547788262368,-0.4940323524177075,-0.2880263497403074,0.13612767378592783,-0.21213204,0.21213204,4
591,-0.7292547788262368,-0.4940323524177075,-0.2880263497403074,0.13612767378592783,-0.7797666194796563,-0.7262799122571946,-0.005023143938857943,-0.3058920516805565,0.0,-0.3,1
592,-0.7797666194796563,-0.7262799122571946,-0.005023143938857943,-0.3058920516805565,-1.045984849524498,-0.7611447776198388,-0.2904406704457958,-0.0007161145275044628,-0.3,0.0,7
593,-1.045984849524498,-0.7611447776198388,-0.2904406704457958,-0.0007161145275044628,-1.3115659368515016,-0.8964994703173639,-0.2651097588357001,-0.14209132624827836,-0.21213204,-0.21213204,2
594,-1.3115659368515016,-0.8964994703173639,-0.2651097588357001,-0.14209132624827836,-1.077120031285286,-0.9123771662592889,0.25897529003355513,0.011029966052637953,0.3,0.0,3
595,-1.077120031285286,-0.9123771662592889,0.25897529003355513,0.011029966052637953,-1.0339315609455109,-0.9114204786658289,-0.0006100142279813378,0.0005630808565089942,0.0,0.0,0
596,-1.0339315609455109,-0.9114204786658289,-0.0006100142279813378,0.0005630808565089942,-1.2834938219547274,-0.7763295126199723,-0.2716048687854272,0.14372833490395606,-0.21213204,0.21213204,4
597,-1.2834938219547274,-0.7763295126199723,-0.2716048687854272,0.14372833490395606,-1.0934707269668582,-0.879415074324608,0.25883656633185376,-0.14155651869570415,0.21213204,-0.21213204,8
598,-1.0934707269668582,-0.879415074324608,0.25883656633185376,-0.14155651869570415,-1.0593070445775985,-0.633705849957466,0.005801560669471879,0.32037114520983406,0.0,0.3,5
599,-1.0593070445775985,-0.633705849957466,0.005801560669471879,0.32037114520983406,-0.8341294367074966,-0.4405563133955002,0.26743203529727233,0.15876138072646043,0.21213204,0.21213204,6
600,-0.8341294367074966,-0.4405563133955002,0.26743203529727233,0.15876138072646043,-0.7927756708264351,-0.4244225080788136,-0.00037183120627875253,0.0003718412069838587,0.0,0.0,0
601,-0.7927756708264351,-0.4244225080788136,-0.00037183120627875253,0.0003718412069838587,-0.5569235985279084,-0.294516370087862,0.25196206460254633,0.14800930580621457,0.21213204,0.21213204,6
602,-0.5569235985279084,-0.294516370087862,0.25196206460254633,0.14800930580621457,-0.2567425122499466,-0.2836300357103348,0.31869672625509526,0.0021821162761088394,0.3,0.0,3
603,-0.2567425122499466,-0.2836300357103348,0.31869672625509526,0.0021821162761088394,-0.4448442412137985,-0.4069758098423481,-0.26900347460689467,-0.14653786004102837,-0.21213204,-0.21213204,2
604,-0.4448442412137985,-0.4069758098423481,-0.26900347460689467,-0.14653786004102837,-0.25821178734302525,-0.2988311279892921,0.2795366819599264,0.1499663885878171,0.21213204,0.21213204,6
605,-0.25821178734302525,-0.2988311279892921,0.2795366819599264,0.1499663885878171,-0.2202681106299162,-0.2841231965303421,-0.0018029718310489976,-0.000594944510585414,0.0,0.0,0
606,-0.2202681106299162,-0.2841231965303421,-0.0018029718310489976,-0.000594944510585414,0.05588698922768236,-0.28334760255217556,0.30024087926830534,0.0009505876980055547,0.3,0.0,3
607,0.05588698922768236,-0.28334760255217556,0.30024087926830534,0.0009505876980055547,0.32068911340236667,-0.13514004953205586,0.2785738656981074,0.15884416625897668,0.21213204,0.21213204,6
608,0.32068911340236667,-0.13514004953205586,0.2785738656981074,0.15884416625897668,0.6232157193899155,-0.11864414121359587,0.3094329941743404,0.005993892237129549,0.3,0.0,3
609,0.6232157193899155,-0.11864414121359587,0.3094329941743404,0.005993892237129549,0.43966646869778636,0.018235748191922904,-0.2689344479747355,0.16453933653637387,-0.21213204,0.21213204,4
610,0.43966646869778636,0.018235748191922904,-0.2689344479747355,0.16453933653637387,0.18512400996983053,-0.11594458170831204,-0.2538652605219121,-0.13861084254485137,-0.21213204,-0.21213204,2
611,0.18512400996983053,-0.11594458170831204,-0.2538652605219121,-0.13861084254485137,0.42770415094494824,-0.13346841332018378,0.2543936083794288,0.005403834956985074,0.3,0.0,3
612,0.42770415094494824,-0.13346841332018378,0.2543936083794288,0.005403834956985074,0.25636017725467686,0.004567172201396897,-0.2498898584223078,0.13893721641775653,-0.21213204,0.21213204,4
613,0.25636017725467686,0.004567172201396897,-0.2498898584223078,0.13893721641775653,0.49799877393245695,0.02879487491734326,0.26703759828120704,0.008396860084743753,0.3,0.0,3
614,0.49799877393245695,0.02879487491734326,0.26703759828120704,0.008396860084743753,0.3122393589675427,0.15520537814795973,-0.2766853389121239,0.1648161468900029,-0.21213204,0.21213204,4
615,0.3122393589675427,0.15520537814795973,-0.2766853389121239,0.1648161468900029,0.019457725894264876,0.16774197921156886,-0.30393837118628364,-0.005253678241730467,-0.3,0.0,7
616,0.019457725894264876,0.16774197921156886,-0.30393837118628364,-0.005253678241730467,0.2053805546015501,0.02843085873015225,0.3086960323381916,-0.14296055431720348,0.21213204,-0.21213204,8
617,0.2053805546015501,0.02843085873015225,0.3086960323381916,-0.14296055431720348,0.4764683776319027,0.16459954003989696,0.26266981632515346,0.15515415711856473,0.21213204,0.21213204,6
618,0.4764683776319027,0.16459954003989696,0.26266981632515346,0.15515415711856473,0.24870459032058717,0.19272385438382625,-0.251927938547061,0.004290145253131488,-0.3,0.0,7
619,0.24870459032058717,0.19272385438382625,-0.251927938547061,0.004290145253131488,0.4413772735774517,0.0637835081882775,0.28997835218749746,-0.15485345135599482,0.21213204,-0.21213204,8
620,0.4413772735774517,0.0637835081882775,0.28997835218749746,-0.15485345135599482,0.4953287802875042,0.3141546105921269,0.004146746583798549,0.29608954854060254,0.0,0.3,5
621,0.4953287802875042,0.3141546105921269,0.004146746583798549,0.29608954854060254,0.5010765791535378,0.6156216975927353,-0.010720988157095216,0.2955032795814769,0.0,0.3,5
622,0.5010765791535378,0.6156216975927353,-0.010720988157095216,0.2955032795814769,0.49908904585838326,0.6496529978513718,6.302141555067725e-05,-0.0007006779981932914,0.0,0.0,0
623,0.49908904585838326,0.6496529978513718,6.302141555067725e-05,-0.0007006779981932914,0.7497382492423058,0.5277218469023705,0.2859070470710271,-0.14032279354210575,0.21213204,-0.21213204,8
624,0.7497382492423058,0.5277218469023705,0.2859070470710271,-0.14032279354210575,0.5582715656280518,0.3935715735256672,-0.27024026911787535,-0.14042790243902892,-0.21213204,-0.21213204,2
625,0.5582715656280518,0.3935715735256672,-0.27024026911787535,-0.14042790243902892,0.7549588432908059,0.5084981492519379,0.27792514548828856,0.16525007364907365,0.21213204,0.21213204,6
626,0.7549588432908059,0.5084981492519379,0.27792514548828856,0.16525007364907365,0.5647487864851952,0.4113441127657891,-0.2828713303907439,-0.13326468690296528,-0.21213204,-0.21213204,2
627,0.5647487864851952,0.4113441127657891,-0.2828713303907439,-0.13326468690296528,0.5270762920618057,0.39737185462117197,0.0007400298834847087,-0.00021450563017901605,0.0,0.0,0
628,0.5270762920618057,0.39737185462117197,0.0007400298834847087,-0.00021450563017901605,0.28309192045331005,0.5309742618441582,-0.26733818683187954,0.14624869237310065,-0.21213204,0.21213204,4
629,0.28309192045331005,0.5309742618441582,-0.26733818683187954,0.14624869237310065,0.2511618282556534,0.3108924949705601,0.032423572677745885,-0.28305655171030897,0.0,-0.3,1
630,0.2511618282556534,0.3108924949705601,0.032423572677745885,-0.28305655171030897,0.48546892642974854,0.4201081047713756,0.279807804005531,0.16091526710214993,0.21213204,0.21213204,6
631,0.48546892642974854,0.4201081047713756,0.279807804005531,0.16091526710214993,0.7651823986649513,0.576312843489647,0.2811577675077315,0.14957659766558415,0.21213204,0.21213204,6
632,0.7651823986649513,0.576312843489647,0.2811577675077315,0.14957659766558415,0.5750876716852189,0.4730050100803376,-0.2793080974673748,-0.13906612176703673,-0.21213204,-0.21213204,2
633,0.5750876716852189,0.4730050100803376,-0.2793080974673748,-0.13906612176703673,0.767299794781208,0.32976774947643284,0.28432475402978835,-0.1357684776276937,0.21213204,-0.21213204,8
634,0.767299794781208,0.32976774947643284,0.28432475402978835,-0.1357684776276937,0.5794998260498047,0.18825924872457983,-0.2443277222644015,-0.1405015001884067,-0.21213204,-0.21213204,2
635,0.5794998260498047,0.18825924872457983,-0.2443277222644015,-0.1405015001884067,0.31739754076600074,0.030198924805596473,-0.27409938995014094,-0.15693783307825793,-0.21213204,-0.21213204,2
636,0.31739754076600074,0.030198924805596473,-0.27409938995014094,-0.15693783307825793,0.027025956773012876,0.014660453015938402,-0.30157590163836806,0.00020581384847310645,-0.3,0.0,7
637,0.027025956773012876,0.014660453015938402,-0.30157590163836806,0.00020581384847310645,-0.013450782794691623,0.014137683483026922,-7.779298962195589e-05,0.004790914600912901,0.0,0.0,0
638,-0.013450782794691623,0.014137683483026922,-7.779298962195589e-05,0.004790914600912901,-0.2530664955973625,-0.12191513599157333,-0.2643198460101201,-0.14473796814745923,-0.21213204,-0.21213204,2
639,-0.2530664955973625,-0.12191513599157333,-0.2643198460101201,-0.14473796814745923,-0.519598246896267,0.011396086209453643,-0.25369862362531115,0.14645992811024275,-0.21213204,0.21213204,4
640,-0.519598246896267,0.011396086209453643,-0.25369862362531115,0.14645992811024275,-0.8138257242798805,0.02753764298930764,-0.29645766034156124,0.0033796189603132977,-0.3,0.0,7
641,-0.8138257242798805,0.02753764298930764,-0.29645766034156124,0.0033796189603132977,-0.6230788466095925,-0.09930173498988151,0.28904667054048927,-0.14383545885649743,0.21213204,-0.21213204,8
642,-0.6230788466095925,-0.09930173498988151,0.28904667054048927,-0.14383545885649743,-0.8084451677918434,-0.24675902575254438,-0.26839370449733835,-0.13562599381996485,-0.21213204,-0.21213204,2
643,-0.8084451677918434,-0.24675902575254438,-0.26839370449733835,-0.13562599381996485,-0.8431159871697426,-0.5048199540257455,0.0017801286036964604,-0.26988907811500007,0.0,-0.3,1
644,-0.8431159871697426,-0.5048199540257455,0.0017801286036964604,-0.26988907811500007,-0.8582804274439813,-0.2793705200731754,-0.02692463442851538,0.29538185285633556,0.0,0.3,5
645,-0.8582804274439813,-0.2793705200731754,-0.02692463442851538,0.29538185285633556,-0.8595201686978341,-0.4821683425188065,-0.0004031705434176708,-0.27684143296685576,0.0,-0.3,1
646,-0.8595201686978341,-0.4821683425188065,-0.0004031705434176708,-0.27684143296685576,-1.0980566584825517,-0.37445384565591816,-0.28293285899125653,0.16756112509607732,-0.21213204,0.21213204,4
647,-1.0980566584825517,-0.37445384565591816,-0.28293285899125653,0.16756112509607732,-1.393923218536377,-0.3495828243136406,-0.30709418814664063,0.009133622153035776,-0.3,0.0,7
648,-1.393923218536377,-0.3495828243136406,-0.30709418814664063,0.009133622153035776,-1.2074665776252747,-0.44441971070170405,0.27151168011673493,-0.11553355092589275,0.21213204,-0.21213204,8
649,-1.2074665776252747,-0.44441971070170405,0.27151168011673493,-0.11553355092589275,-1.1695997210502627,-0.4538516847729683,-0.00040098079686019816,3.7518756582196675e-05,0.0,0.0,0
650,-1.1695997210502627,-0.4538516847729683,-0.00040098079686019816,3.7518756582196675e-05,-1.1744771189451217,-0.18520429036915304,-0.001668549063909895,0.2962686667029944,0.0,0.3,5
651,-1.1744771189451217,-0.18520429036915304,-0.001668549063909895,0.2962686667029944,-1.178484780025482,-0.38931739509701735,-0.010450683851406507,-0.24500573042837073,0.0,-0.3,1
652,-1.178484780025482,-0.38931739509701735,-0.010450683851406507,-0.24500573042837073,-1.4108203157663346,-0.27160976764559747,-0.27786880593373886,0.1549835203115306,-0.21213204,0.21213204,4
653,-1.4108203157663346,-0.27160976764559747,-0.27786880593373886,0.1549835203115306,-1.4650463649034502,-0.49040607193112373,0.0001309480921347333,-0.2824888143217087,0.0,-0.3,1
654,-1.4650463649034502,-0.49040607193112373,0.0001309480921347333,-0.2824888143217087,-1.732049773359299,-0.5240082484483719,-0.2848043002734166,0.0037742752181291884,-0.3,0.0,7
655,-1.732049773359299,-0.5240082484483719,-0.2848043002734166,0.0037742752181291884,-2.0309284345149994,-0.5308828481912613,-0.2639419370034767,0.01275079577291912,-0.3,0.0,7
656,-2.0309284345149994,-0.5308828481912613,-0.2639419370034767,0.01275079577291912,-1.795462232851982,-0.5333095989704133,0.27191218370111603,0.012012116499834469,0.3,0.0,3
657,-1.795462232851982,-0.5333095989704133,0.27191218370111603,0.012012116499834469,-1.755435112142563,-0.28796627427339555,-0.024760117931074153,0.287307468835761,0.0,0.3,5
658,-1.755435112142563,-0.28796627427339555,-0.024760117931074153,0.287307468835761,-1.9864373381137848,-0.10697514429092408,-0.29188007490109985,0.12778718362376604,-0.21213204,0.21213204,4
659,-1.9864373381137848,-0.10697514429092408,-0.29188007490109985,0.12778718362376604,-2.020672970485687,-0.3491081260859967,0.0690350941415031,-0.19452857027039602,0.0,-0.3,1
660,-2.020672970485687,-0.3491081260859967,0.0690350941415031,-0.19452857027039602,-1.8117528202772142,-0.23767655237913132,0.3151760495326004,0.13764074414836497,0.21213204,0.21213204,6
661,-1.8117528202772142,-0.23767655237913132,0.3151760495326004,0.13764074414836497,-1.9918745826721191,-0.3508705547451973,-0.29288532549645097,-0.1768293086368669,-0.21213204,-0.21213204,2
662,-1.9918745826721191,-0.3508705547451973,-0.29288532549645097,-0.1768293086368669,-1.7943006499767304,-0.5042999204397202,0.2914423395608487,-0.15728569506520249,0.21213204,-0.21213204,8
663,-1.7943006499767304,-0.5042999204397202,0.2914423395608487,-0.15728569506520249,-2.021136610174179,-0.533942524933815,-0.2209184576531669,0.008325297015798356,-0.3,0.0,7
664,-2.021136610174179,-0.533942524933815,-0.2209184576531669,0.008325297015798356,-1.8426363405227661,-0.6630093378305436,0.29096186040878846,-0.13728172135767927,0.21213204,-0.21213204,8
665,-1.8426363405227661,-0.6630093378305436,0.29096186040878846,-0.13728172135767927,-2.033327187919617,-0.5641018607854843,-0.2835400352224767,0.1308598947984513,-0.21213204,0.21213204,4
666,-2.033327187919617,-0.5641018607854843,-0.2835400352224767,0.1308598947984513,-1.8588016514062882,-0.41528308604359626,0.2560917718026115,0.1431926200689565,0.21213204,0.21213204,6
667,-1.8588016514062882,-0.41528308604359626,0.2560917718026115,0.1431926200689565,-2.0839283430099487,-0.39405144392251973,-0.2541854577179834,-0.015001598237871203,-0.3,0.0,7
668,-2.0839283430099487,-0.39405144392251973,-0.2541854577179834,-0.015001598237871203,-2.142055594301224,-0.16518861503899096,-0.03308857083435936,0.268543622282095,0.0,0.3,5
669,-2.142055594301224,-0.16518861503899096,-0.03308857083435936,0.268543622282095,-1.875431765317917,-0.12746727524101736,0.22672338609628612,0.005349970439830459,0.3,0.0,3
670,-1.875431765317917,-0.12746727524101736,0.22672338609628612,0.005349970439830459,-1.5675420380592344,-0.12687879880964756,0.31513896209224057,-0.007536694318399244,0.3,0.0,3
671,-1.5675420380592344,-0.12687879880964756,0.31513896209224057,-0.007536694318399244,-1.7533977670669556,-0.24896135561466218,-0.27325177810709694,-0.14767721160000225,-0.21213204,-0.21213204,2
672,-1.7533977670669556,-0.24896135561466218,-0.27325177810709694,-0.14767721160000225,-2.0179426077365874,-0.4115499118089676,-0.29881235111205334,-0.17922595506099348,-0.21213204,-0.21213204,2
673,-2.0179426077365874,-0.4115499118089676,-0.29881235111205334,-0.17922595506099348,-1.8430124173879623,-0.30229219337701796,0.22272550523065182,0.13441508246543774,0.21213204,0.21213204,6
674,-1.8430124173879623,-0.30229219337701796,0.22272550523065182,0.13441508246543774,-1.5455427318811417,-0.2859297587454319,0.3101455722302169,0.012624572001812117,0.3,0.0,3
675,-1.5455427318811417,-0.2859297587454319,0.3101455722302169,0.012624572001812117,-1.2501437581300736,-0.28353582414388656,0.2807976997974331,-0.0002588852916648089,0.3,0.0,3
676,-1.2501437581300736,-0.28353582414388656,0.2807976997974331,-0.0002588852916648089,-0.9558051092982291,-0.2834524328112602,0.28195648639652043,0.0016388403947452407,0.3,0.0,3
677,-0.9558051092982291,-0.2834524328112602,0.28195648639652043,0.0016388403947452407,-0.6843435403943063,-0.4161979088306427,0.2876622746367522,-0.1488946043051201,0.21213204,-0.21213204,8
678,-0.6843435403943063,-0.4161979088306427,0.2876622746367522,-0.1488946043051201,-0.4027586282610893,-0.5619782600402832,0.29693221282179705,-0.1482346692936121,0.21213204,-0.21213204,8
679,-0.4027586282610893,-0.5619782600402832,0.29693221282179705,-0.1482346692936121,-0.5914193939089776,-0.4609309287130833,-0.27257047738434287,0.1436430606130205,-0.21213204,0.21213204,4
680,-0.5914193939089776,-0.4609309287130833,-0.27257047738434287,0.1436430606130205,-0.63745969902277,-0.1958756307423115,-0.006352965568423522,0.30136680141770905,0.0,0.3,5
681,-0.63745969902277,-0.1958756307423115,-0.006352965568423522,0.30136680141770905,-0.40098350320458415,-0.28500571697950366,0.2856697662142444,-0.13808268663108395,0.21213204,-0.21213204,8
682,-0.40098350320458415,-0.28500571697950366,0.2856697662142444,-0.13808268663108395,-0.10075287902653218,-0.29844690003395086,0.3156971336733425,3.2424740428362746e-05,0.3,0.0,3
683,-0.10075287902653218,-0.29844690003395086,0.3156971336733425,3.2424740428362746e-05,-0.055192575102299454,-0.05311823923587799,0.009620390431086444,0.285334466480463,0.0,0.3,5
684,-0.055192575102299454,-0.05311823923587799,0.009620390431086444,0.285334466480463,-0.05695273048952222,0.25191724491715434,-0.001683163069823149,0.2807619353825933,0.0,0.3,5
685,-0.05695273048952222,0.25191724491715434,-0.001683163069823149,0.2807619353825933,-0.31729405108690256,0.2903643050789833,-0.25588261175125815,0.0026344945548770924,-0.3,0.0,7
686,-0.31729405108690256,0.2903643050789833,-0.25588261175125815,0.0026344945548770924,-0.14057908474206923,0.41598260117173197,0.29194340004015035,0.16595648475888217,0.21213204,0.21213204,6
687,-0.14057908474206923,0.41598260117173197,0.29194340004015035,0.16595648475888217,-0.10130775867253541,0.6931136384725571,0.005466558907423932,0.2943227058750512,0.0,0.3,5
688,-0.10130775867253541,0.6931136384725571,0.005466558907423932,0.2943227058750512,-0.3301329625785351,0.8700158825039864,-0.2751518054264661,0.1607367955914552,-0.21213204,0.21213204,4
689,-0.3301329625785351,0.8700158825039864,-0.2751518054264661,0.1607367955914552,-0.09819705463796853,0.8949207060217856,0.23488578739237861,-0.0013425428025406164,0.3,0.0,3
690,-0.09819705463796853,0.8949207060217856,0.23488578739237861,-0.0013425428025406164,0.17316303211152553,1.046504387307167,0.2771390453877791,0.1525044713415249,0.21213204,0.21213204,6
691,0.17316303211152553,1.046504387307167,0.2771390453877791,0.1525044713415249,-0.020059420612454415,1.1978501843690874,-0.27895348265702063,0.14244889098231112,-0.21213204,0.21213204,4
692,-0.020059420612454415,1.1978501843690874,-0.27895348265702063,0.14244889098231112,-0.27858580423593526,1.06406168217659,-0.2810126549702188,-0.15920404904594992,-0.21213204,-0.21213204,2
693,-0.27858580423593526,1.06406168217659,-0.2810126549702188,-0.15920404904594992,-0.31216202377676966,1.2824817316770554,0.022125137260942535,0.28427748735049896,0.0,0.3,5
694,-0.31216202377676966,1.2824817316770554,0.022125137260942535,0.28427748735049896,-0.5223040027976036,1.181910083961487,-0.251750554774252,-0.13594390620494698,-0.21213204,-0.21213204,2
695,-0.5223040027976036,1.181910083961487,-0.251750554774252,-0.13594390620494698,-0.32316664891242985,1.0354319398164749,0.2927591201909471,-0.14588945986467328,0.21213204,-0.21213204,8
696,-0.32316664891242985,1.0354319398164749,0.2927591201909471,-0.14588945986467328,-0.5498954133749009,1.013575040125847,-0.2344593657340645,-0.004499968457815683,-0.3,0.0,7
697,-0.5498954133749009,1.013575040125847,-0.2344593657340645,-0.004499968457815683,-0.8139187856554986,1.156876079440117,-0.2961992727286441,0.1483382747767064,-0.21213204,0.21213204,4
698,-0.8139187856554986,1.156876079440117,-0.2961992727286441,0.1483382747767064,-1.0771064910650252,1.0202388939857483,-0.27907988357419705,-0.1727493571189303,-0.21213204,-0.21213204,2
699,-1.0771064910650252,1.0202388939857483,-0.27907988357419705,-0.1727493571189303,-1.3404968567132949,1.130684245491028,-0.28728603447932294,0.12141407517094531,-0.21213204,0.21213204,4
700,-1.3404968567132949,1.130684245491028,-0.28728603447932294,0.12141407517094531,-1.159129873585701,1.0064551123142245,0.2526276856832018,-0.16897626713024114,0.21213204,-0.21213204,8
701,-1.159129873585701,1.0064551123142245,0.2526276856832018,-0.16897626713024114,-0.8637916930437088,0.9875555606245994,0.29093224086260333,-0.006315119771903805,0.3,0.0,3
702,-0.8637916930437088,0.9875555606245994,0.29093224086260333,-0.006315119771903805,-0.5966864479780198,1.1280419950008393,0.27046559649758517,0.1461930900426994,0.21213204,0.21213204,6
703,-0.5966864479780198,1.1280419950008393,0.27046559649758517,0.1461930900426994,-0.31976581581234936,1.0017237963676453,0.29593188340327886,-0.1427841463471926,0.21213204,-0.21213204,8
704,-0.31976581581234936,1.0017237963676453,0.29593188340327886,-0.1427841463471926,-0.2745843757987022,0.7347464747309685,-0.004617467531232047,-0.3030711177315639,0.0,-0.3,1
705,-0.2745843757987022,0.7347464747309685,-0.004617467531232047,-0.3030711177315639,-0.007618125277804211,0.7050302603602411,0.26057242060748903,-0.007286057541325024,0.3,0.0,3
706,-0.007618125277804211,0.7050302603602411,0.26057242060748903,-0.007286057541325024,-0.18580545241832733,0.5940526220083238,-0.2593222732026239,-0.13562903482432173,-0.21213204,-0.21213204,2
707,-0.18580545241832733,0.5940526220083238,-0.2593222732026239,-0.13562903482432173,-0.46314650657773015,0.45075506584048275,-0.2793264273127614,-0.14801961228640825,-0.21213204,-0.21213204,2
708,-0.46314650657773015,0.45075506584048275,-0.2793264273127614,-0.14801961228640825,-0.5199138685941697,0.670054393172264,-0.0014919007252473986,0.28370525191013696,0.0,0.3,5
709,-0.5199138685941697,0.670054393172264,-0.0014919007252473986,0.28370525191013696,-0.7434810432076454,0.5680459577441216,-0.27905975273886463,-0.1492444361397352,-0.21213204,-0.21213204,2
710,-0.7434810432076454,0.5680459577441216,-0.27905975273886463,-0.1492444361397352,-1.0389474705457689,0.5542220121979714,-0.3027975232473189,0.0009591185084771735,-0.3,0.0,7
711,-1.0389474705457689,0.5542220121979714,-0.3027975232473189,0.0009591185084771735,-0.805341142308712,0.5556092132687569,0.24887674795315456,-0.0020138348029543024,0.3,0.0,3
712,-0.805341142308712,0.5556092132687569,0.24887674795315456,-0.0020138348029543024,-1.03073113489151,0.5570982411146164,-0.24346913766900935,-0.0026640097311783416,-0.3,0.0,7
713,-1.03073113489151,0.5570982411146164,-0.24346913766900935,-0.0026640097311783416,-1.0702980818748473,0.3218334479093552,0.005972019998059682,-0.2826239921917058,0.0,-0.3,1
714,-1.0702980818748473,0.3218334479093552,0.005972019998059682,-0.2826239921917058,-1.332446607375145,0.2849909987866879,-0.28265476328687233,-0.00019482866603971825,-0.3,0.0,7
715,-1.332446607375145,0.2849909987866879,-0.28265476328687233,-0.00019482866603971825,-1.6042106045007707,0.4148904079079628,-0.283425955457849,0.12476256701529545,-0.21213204,0.21213204,4
716,-1.6042106045007707,0.4148904079079628,-0.283425955457849,0.12476256701529545,-1.8648658747673035,0.2719003945589065,-0.2425696089085766,-0.15236936738927198,-0.21213204,-0.21213204,2
717,-1.8648658747673035,0.2719003945589065,-0.2425696089085766,-0.15236936738927198,-1.6757415479421616,0.3768301384806633,0.2896593201986167,0.15830737574159856,0.21213204,0.21213204,6
718,-1.6757415479421616,0.3768301384806633,0.2896593201986167,0.15830737574159856,-1.3967933958292007,0.5243711306214333,0.27676044418316254,0.15116020857054568,0.21213204,0.21213204,6
719,-1.3967933958292007,0.5243711306214333,0.27676044418316254,0.15116020857054568,-1.3558213497400287,0.5415218122839929,-0.008145504831195654,-0.0011723664989902365,0.0,0.0,0
720,-1.3558213497400287,0.5415218122839929,-0.008145504831195654,-0.0011723664989902365,-1.3552929708957673,0.8026014273047448,0.013612053920211423,0.29083703940272154,0.0,0.3,5
721,-1.3552929708957673,0.8026014273047448,0.013612053920211423,0.29083703940272154,-1.5753943035364153,0.6971264698624612,-0.2620231888819426,-0.15016181835699927,-0.21213204,-0.21213204,2
722,-1.5753943035364153,0.6971264698624612,-0.2620231888819426,-0.15016181835699927,-1.8450207900524138,0.810595638382435,-0.3107168616759973,0.11746979324167425,-0.21213204,0.21213204,4
723,-1.8450207900524138,0.810595638382435,-0.3107168616759973,0.11746979324167425,-1.887725105571747,0.8217235071778297,-0.0009838983950204991,-0.00030382980687409665,0.0,0.0,0
724,-1.887725105571747,0.8217235071778297,-0.0009838983950204991,-0.00030382980687409665,-2.1374798029899598,0.9461331414818765,-0.29094623389641916,0.14543418138731354,-0.21213204,0.21213204,4
725,-2.1374798029899598,0.9461331414818765,-0.29094623389641916,0.14543418138731354,-1.9636674775123597,1.1011138151168824,0.32027105884333984,0.13994627542607763,0.21213204,0.21213204,6
726,-1.9636674775123597,1.1011138151168824,0.32027105884333984,0.13994627542607763,-1.6611045918226242,1.1174331476926804,0.31946521047768633,-0.0002970346267166309,0.3,0.0,3
727,-1.6611045918226242,1.1174331476926804,0.31946521047768633,-0.0002970346267166309,-1.5976700186252595,0.8627316672086716,0.018545143719379393,-0.3184298602110722,0.0,-0.3,1
728,-1.5976700186252595,0.8627316672086716,0.018545143719379393,-0.3184298602110722,-1.5936015936136247,0.8267798739433289,0.006083371263274776,0.021076181578600653,0.0,0.0,0
729,-1.5936015936136247,0.8267798739433289,0.006083371263274776,0.021076181578600653,-1.5868604686260226,1.0771180457115173,0.02963008310689464,0.27556727424114386,0.0,0.3,5
730,-1.5868604686260226,1.0771180457115173,0.02963008310689464,0.27556727424114386,-1.3223494361877444,1.1072865705013275,0.26922821491986626,-0.019645295459549544,0.3,0.0,3
731,-1.3223494361877444,1.1072865705013275,0.26922821491986626,-0.019645295459549544,-1.270960552573204,0.8463495434045792,-0.001741345072720303,-0.3239387547539029,0.0,-0.3,1
732,-1.270960552573204,0.8463495434045792,-0.001741345072720303,-0.3239387547539029,-0.9998031310081483,0.8130547016978265,0.26841823035910356,-0.0038612038879271195,0.3,0.0,3
733,-0.9998031310081483,0.8130547016978265,0.26841823035910356,-0.0038612038879271195,-1.222802649664879,0.8100385983705523,-0.23007386987452802,0.0001787779736798045,-0.3,0.0,7
734,-1.222802649664879,0.8100385983705523,-0.23007386987452802,0.0001787779736798045,-1.0321602091550828,0.6902383593797684,0.29578967963024805,-0.1290389373808597,0.21213204,-0.21213204,8
735,-1.0321602091550828,0.6902383593797684,0.29578967963024805,-0.1290389373808597,-1.2149664913892748,0.5475165713906288,-0.2697215525472417,-0.1396888514077596,-0.21213204,-0.21213204,2
736,-1.2149664913892748,0.5475165713906288,-0.2697215525472417,-0.1396888514077596,-1.2568726672410966,0.532395670247078,0.00040645470247550273,3.4403248350162866e-05,0.0,0.0,0
737,-1.2568726672410966,0.532395670247078,0.00040645470247550273,3.4403248350162866e-05,-1.0073135323524476,0.40870154840350154,0.27865224659473725,-0.13955049059806396,0.21213204,-0.21213204,8
738,-1.0073135323524476,0.40870154840350154,0.27865224659473725,-0.13955049059806396,-0.9617120534062387,0.14113199373185636,0.0074138349355940296,-0.3105425076823094,0.0,-0.3,1
739,-0.9617120534062387,0.14113199373185636,0.0074138349355940296,-0.3105425076823094,-0.9626545016169549,-0.15480610302984715,0.007788766209162044,-0.2580888143405622,0.0,-0.3,1
740,-0.9626545016169549,-0.15480610302984715,0.007788766209162044,-0.2580888143405622,-0.7008895172595978,-0.18941704016029837,0.28112334617380297,0.0037722040875145853,0.3,0.0,3
741,-0.7008895172595978,-0.18941704016029837,0.28112334617380297,0.0037722040875145853,-0.429358522605896,-0.03774959392771125,0.2808750500987459,0.16625513293275013,0.21213204,0.21213204,6
742,-0.429358522605896,-0.03774959392771125,0.2808750500987459,0.16625513293275013,-0.3671073372960091,-0.2741262332379818,0.02213728682814894,-0.29418800575587584,0.0,-0.3,1
743,-0.3671073372960091,-0.2741262332379818,0.02213728682814894,-0.29418800575587584,-0.3620611673057079,-0.31102643313407896,0.0019557339271305506,0.0012818467072051836,0.0,0.0,0
744,-0.3620611673057079,-0.31102643313407896,0.0019557339271305506,0.0012818467072051836,-0.632883123779297,-0.3116959971129894,-0.2661573665368857,0.0026971180792891214,-0.3,0.0,7
745,-0.632883123779297,-0.3116959971129894,-0.2661573665368857,0.0026971180792891214,-0.4091656173110008,-0.3125725928366184,0.2398529750173897,0.0009758413135094151,0.3,0.0,3
746,-0.4091656173110008,-0.3125725928366184,0.2398529750173897,0.0009758413135094151,-0.3535943660378456,-0.5594770024299622,-0.004931105352918127,-0.2948348692782372,0.0,-0.3,1
747,-0.3535943660378456,-0.5594770024299622,-0.004931105352918127,-0.2948348692782372,-0.3467915783882141,-0.8575242910504342,0.007180388144136571,-0.30374462217950027,0.0,-0.3,1
748,-0.3467915783882141,-0.8575242910504342,0.007180388144136571,-0.30374462217950027,-0.563428270471096,-1.0445890405654907,-0.27623254435781563,-0.16920247566427715,-0.21213204,-0.21213204,2
749,-0.563428270471096,-1.0445890405654907,-0.27623254435781563,-0.16920247566427715,-0.32589083603620533,-1.066937568950653,0.23438013623402099,-0.009374936704147654,0.3,0.0,3
750,-0.32589083603620533,-1.066937568950653,0.23438013623402099,-0.009374936704147654,-0.27486959092617036,-0.8293791568517687,0.014706119709639,0.288825537298665,0.0,0.3,5
751,-0.27486959092617036,-0.8293791568517687,0.014706119709639,0.288825537298665,-0.2787961800456047,-1.0403485733509064,0.014757519018495797,-0.2975915252111603,0.0,-0.3,1
752,-0.2787961800456047,-1.0403485733509064,0.014757519018495797,-0.2975915252111603,-0.2779489605009556,-1.0759024502515795,0.0003834911571329874,0.00034625640287534645,0.0,0.0,0
753,-0.2779489605009556,-1.0759024502515795,0.0003834911571329874,0.00034625640287534645,-0.2738981904804707,-1.3291583091259003,0.013731541678091406,-0.29297098356110646,0.0,-0.3,1
754,-0.2738981904804707,-1.3291583091259003,0.013731541678091406,-0.29297098356110646,-0.044737029078602795,-1.237646944022179,0.2723241281932789,0.1458280997249124,0.21213204,0.21213204,6
755,-0.044737029078602795,-1.237646944022179,0.2723241281932789,0.1458280997249124,-0.24130583795905114,-1.0940776032209396,-0.28972183329025947,0.13760608617823064,-0.21213204,0.21213204,4
756,-0.24130583795905114,-1.0940776032209396,-0.28972183329025947,0.13760608617823064,-0.5289518701195717,-1.0835323173999787,-0.2825118777853308,-0.002220578962386672,-0.3,0.0,7
757,-0.5289518701195717,-1.0835323173999787,-0.2825118777853308,-0.002220578962386672,-0.34072490324378013,-0.9657526569962501,0.27974045316586926,0.12208849016286746,0.21213204,0.21213204,6
758,-0.34072490324378013,-0.9657526569962501,0.27974045316586926,0.12208849016286746,-0.05828863120153547,-0.8166241294145584,0.27101481915902725,0.15639560020094692,0.21213204,0.21213204,6
759,-0.05828863120153547,-0.8166241294145584,0.27101481915902725,0.15639560020094692,-0.0035759143617004156,-1.0347277367591858,-0.020023977210024847,-0.3052513318275993,0.0,-0.3,1
760,-0.0035759143617004156,-1.0347277367591858,-0.020023977210024847,-0.3052513318275993,-0.26678003803491596,-1.069437541437149,-0.26782358725250904,-0.008025450819280786,-0.3,0.0,7
761,-0.26678003803491596,-1.069437541437149,-0.26782358725250904,-0.008025450819280786,-0.31120460475087164,-1.3123833894491195,0.01824146731984146,-0.3026688933557577,0.0,-0.3,1
762,-0.31120460475087164,-1.3123833894491195,0.01824146731984146,-0.3026688933557577,-0.30833832302689557,-1.1020062331914902,0.016613976538101646,0.29526156908858614,0.0,0.3,5
763,-0.30833832302689557,-1.1020062331914902,0.016613976538101646,0.29526156908858614,-0.30812480838894846,-1.3128908771038055,0.012011757538747515,-0.29484860983815786,0.0,-0.3,1
764,-0.30812480838894846,-1.3128908771038055,0.012011757538747515,-0.29484860983815786,-0.3047125763356686,-1.104400240969658,0.013410266468556168,0.2915757938641878,0.0,0.3,5
765,-0.3047125763356686,-1.104400240969658,0.013410266468556168,0.2915757938641878,-0.5322767611145973,-0.9392400752663612,-0.28054063985059247,0.13210807870243108,-0.21213204,0.21213204,4
766,-0.5322767611145973,-0.9392400752663612,-0.28054063985059247,0.13210807870243108,-0.562664838206768,-1.1677553181648255,0.024038970981427564,-0.3034066962956421,0.0,-0.3,1
767,-0.562664838206768,-1.1677553181648255,0.024038970981427564,-0.3034066962956421,-0.7773274422168732,-1.34567307472229,-0.2624137020016901,-0.14019495234863594,-0.21213204,-0.21213204,2
768,-0.7773274422168732,-1.34567307472229,-0.2624137020016901,-0.14019495234863594,-0.5817086921930313,-1.2400564787387849,0.28977371849221273,0.13324408669016463,0.21213204,0.21213204,6
769,-0.5817086921930313,-1.2400564787387849,0.28977371849221273,0.13324408669016463,-0.8052553655982018,-1.2210833768606186,-0.23006886193561232,-0.0001510355162291105,-0.3,0.0,7
770,-0.8052553655982018,-1.2210833768606186,-0.23006886193561232,-0.0001510355162291105,-0.6167494513988495,-1.3473195610523225,0.28488172757438435,-0.11311203083017306,0.21213204,-0.21213204,8
771,-0.6167494513988495,-1.3473195610523225,0.28488172757438435,-0.11311203083017306,-0.7994735347509384,-1.248946727705002,-0.27001535211922684,0.13074187632081516,-0.21213204,0.21213204,4
772,-0.7994735347509384,-1.248946727705002,-0.27001535211922684,0.13074187632081516,-1.0745072474241257,-1.1072897738218308,-0.2934810144642024,0.1424346547664332,-0.21213204,0.21213204,4
773,-1.0745072474241257,-1.1072897738218308,-0.2934810144642024,0.1424346547664332,-0.8807197525024415,-1.2090743990421295,0.29952890383305364,-0.1417242894618503,0.21213204,-0.21213204,8
774,-0.8807197525024415,-1.2090743990421295,0.29952890383305364,-0.1417242894618503,-0.8308751805901528,-0.9854546794295312,0.007285982948908257,0.2744568104450581,0.0,0.3,5
775,-0.8308751805901528,-0.9854546794295312,0.007285982948908257,0.2744568104450581,-0.5911899152517319,-0.8186077220678329,0.28071496672421464,0.14818048097606346,0.21213204,0.21213204,6
776,-0.5911899152517319,-0.8186077220678329,0.28071496672421464,0.14818048097606346,-0.8175051014184952,-0.7983467242836952,-0.227726962833692,0.003787953876479739,-0.3,0.0,7
777,-0.8175051014184952,-0.7983467242836952,-0.227726962833692,0.003787953876479739,-0.6383799856901169,-0.9239070935487748,0.2595251347996924,-0.18853605131797463,0.21213204,-0.21213204,8
778,-0.6383799856901169,-0.9239070935487748,0.2595251347996924,-0.18853605131797463,-0.34492620678544045,-1.0688550175189973,0.2792463177720988,-0.15010194784116432,0.21213204,-0.21213204,8
779,-0.34492620678544045,-1.0688550175189973,0.2792463177720988,-0.15010194784116432,-0.5672469911575317,-1.096775540137291,-0.24896450732227532,-0.007210219925649356,-0.3,0.0,7
780,-0.5672469911575317,-1.096775540137291,-0.24896450732227532,-0.007210219925649356,-0.6093579435229302,-1.0970956696510317,0.001162518267941593,-0.000495493872488726,0.0,0.0,0
781,-0.6093579435229302,-1.0970956696510317,0.001162518267941593,-0.000495493872488726,-0.8760266525864603,-1.0998207898378374,-0.2741534152076041,0.00857267975698027,-0.3,0.0,7
782,-0.8760266525864603,-1.0998207898378374,-0.2741534152076041,0.00857267975698027,-0.9217071856021882,-1.0987357549905779,-0.0007202700155675364,-1.6532939144235283e-05,0.0,0.0,0
783,-0.9217071856021882,-1.0987357549905779,-0.0007202700155675364,-1.6532939144235283e-05,-1.1568532164812089,-1.221075222992897,-0.27120698138194366,-0.13121742831037855,-0.21213204,-0.21213204,2
784,-1.1568532164812089,-1.221075222992897,-0.27120698138194366,-0.13121742831037855,-1.4316884206771852,-1.3591199156045914,-0.2771882816583623,-0.1372498087707743,-0.21213204,-0.21213204,2
785,-1.4316884206771852,-1.3591199156045914,-0.2771882816583623,-0.1372498087707743,-1.1976142297506334,-1.3761283324003222,0.24731797677093162,-0.007077475129521083,0.3,0.0,3
786,-1.1976142297506334,-1.3761283324003222,0.24731797677093162,-0.007077475129521083,-1.1494392148971557,-1.1242650881052016,0.0003937841248894896,0.30951073443409366,0.0,0.3,5
787,-1.1494392148971557,-1.1242650881052016,0.0003937841248894896,0.30951073443409366,-1.4150822882175447,-1.0888468945741654,-0.26022402001538864,-0.017937002357084935,-0.3,0.0,7
788,-1.4150822882175447,-1.0888468945741654,-0.26022402001538864,-0.017937002357084935,-1.4611257638216018,-1.0894580566167833,0.00038162455038138175,-0.0006915779558953725,0.0,0.0,0
789,-1.4611257638216018,-1.0894580566167833,0.00038162455038138175,-0.0006915779558953725,-1.2188993784666062,-1.2097486673355105,0.2903190732281209,-0.12577830537105295,0.21213204,-0.21213204,8
790,-1.2188993784666062,-1.2097486673355105,0.2903190732281209,-0.12577830537105295,-1.179206874847412,-1.2228480755090716,-0.00044012630273237036,0.0004147403750051085,0.0,0.0,0
791,-1.179206874847412,-1.2228480755090716,-0.00044012630273237036,0.0004147403750051085,-1.4182605223655702,-1.3434088033676148,-0.26621480955109483,-0.14920757337083326,-0.21213204,-0.21213204,2
792,-1.4182605223655702,-1.3434088033676148,-0.26621480955109483,-0.14920757337083326,-1.6778168093919754,-1.2186770431995393,-0.27213419903167513,0.1320014649915244,-0.21213204,0.21213204,4
793,-1.6778168093919754,-1.2186770431995393,-0.27213419903167513,0.1320014649915244,-1.487986538696289,-1.0653488102674484,0.282738611691415,0.1436180000663334,0.21213204,0.21213204,6
794,-1.487986538696289,-1.0653488102674484,0.282738611691415,0.1436180000663334,-1.6647759824275972,-1.1695639288187027,-0.26568389493155,-0.1519138896529925,-0.21213204,-0.21213204,2
795,-1.6647759824275972,-1.1695639288187027,-0.26568389493155,-0.1519138896529925,-1.474110102009773,-1.0608031493902208,0.2764220266916308,0.15348589023671133,0.21213204,0.21213204,6
796,-1.474110102009773,-1.0608031493902208,0.2764220266916308,0.15348589023671133,-1.1776877180814744,-1.038906729030609,0.3019086061321299,0.005782470013343038,0.3,0.0,3
797,-1.1776877180814744,-1.038906729030609,0.3019086061321299,0.005782470013343038,-0.8782008034586907,-1.035213771057129,0.29813752302300733,-0.00940522739434015,0.3,0.0,3
798,-0.8782008034586907,-1.035213771057129,0.29813752302300733,-0.00940522739434015,-0.6124872716665268,-0.8951382574558258,0.2781369468200063,0.14538200766252302,0.21213204,0.21213204,6
799,-0.6124872716665268,-0.8951382574558258,0.2781369468200063,0.14538200766252302,-0.31331655021309857,-0.8807183025479318,0.2932893927398387,-0.0004521856265469866,0.3,0.0,3
800,-0.31331655021309857,-0.8807183025479318,0.2932893927398387,-0.0004521856265469866,-0.26104061622023583,-1.127671077132225,-0.0022178461906236873,-0.2986020510170607,0.0,-0.3,1
801,-0.26104061622023583,-1.127671077132225,-0.0022178461906236873,-0.2986020510170607,0.0002972201529890298,-1.1623899278640748,0.26931010584400883,0.00911325356023839,0.3,0.0,3
802,0.0002972201529890298,-1.1623899278640748,0.26931010584400883,0.00911325356023839,-0.1841633220165968,-1.28588693959713,-0.2867734210296627,-0.14419496455060873,-0.21213204,-0.21213204,2
803,-0.1841633220165968,-1.28588693959713,-0.2867734210296627,-0.14419496455060873,-0.22489297909438613,-1.3018795328855515,0.0004865769919798189,0.0005035601308792485,0.0,0.0,0
804,-0.22489297909438613,-1.3018795328855515,0.0004865769919798189,0.0005035601308792485,0.015273262344673275,-1.1747832013368606,0.28254481938923237,0.15209097863731272,0.21213204,0.21213204,6
805,0.015273262344673275,-1.1747832013368606,0.28254481938923237,0.15209097863731272,0.05139974285587669,-0.9053490809679031,-0.0016733675870394828,0.3021608558113281,0.0,0.3,5
806,0.05139974285587669,-0.9053490809679031,-0.0016733675870394828,0.3021608558113281,-0.18517442576587204,-0.7302939928412437,-0.28543582673358503,0.14312257195086156,-0.21213204,0.21213204,4
807,-0.18517442576587204,-0.7302939928412437,-0.28543582673358503,0.14312257195086156,-0.4642625714242459,-0.5858249896764756,-0.308494443190592,0.13581331901534746,-0.21213204,0.21213204,4
808,-0.4642625714242459,-0.5858249896764756,-0.308494443190592,0.13581331901534746,-0.5039072367668153,-0.5714525064826013,0.0015832913196211806,-0.0014536719766509911,0.0,0.0,0
809,-0.5039072367668153,-0.5714525064826013,0.0015832913196211806,-0.0014536719766509911,-0.7445221289992333,-0.6964931350588798,-0.27301465067662795,-0.1443043776923102,-0.21213204,-0.21213204,2
810,-0.7445221289992333,-0.6964931350588798,-0.27301465067662795,-0.1443043776923102,-1.0184788430452347,-0.8434009887576104,-0.28867888051222745,-0.1401821978982232,-0.21213204,-0.21213204,2
811,-1.0184788430452347,-0.8434009887576104,-0.28867888051222745,-0.1401821978982232,-0.844469174194336,-0.7323069094419481,0.2864797950973019,0.15500791701107086,0.21213204,0.21213204,6
812,-0.844469174194336,-0.7323069094419481,0.2864797950973019,0.15500791701107086,-0.7825174071907998,-0.9582042880654336,0.0007290356413550613,-0.30965294688315653,0.0,-0.3,1
813,-0.7825174071907998,-0.9582042880654336,0.0007290356413550613,-0.30965294688315653,-1.0392275315761565,-0.9975961290121078,-0.27255206323443015,2.7950974446702828e-05,-0.3,0.0,7
814,-1.0392275315761565,-0.9975961290121078,-0.27255206323443015,2.7950974446702828e-05,-0.860731218612194,-1.1171945895433428,0.2981484124648627,-0.14837370823909338,0.21213204,-0.21213204,8
815,-0.860731218612194,-1.1171945895433428,0.2981484124648627,-0.14837370823909338,-0.8142828060030938,-1.3765461909532548,0.008953847663031624,-0.2772693733739786,0.0,-0.3,1
816,-0.8142828060030938,-1.3765461909532548,0.008953847663031624,-0.2772693733739786,-1.0132773664951324,-1.3158991423368456,-0.26701005006462386,0.14902645879997187,-0.21213204,0.21213204,4
817,-1.0132773664951324,-1.3158991423368456,-0.26701005006462386,0.14902645879997187,-1.04840185983181,-1.3005206785678864,-0.00026125526907664503,0.004122808143600502,0.0,0.0,0
818,-1.04840185983181,-1.3005206785678864,-0.00026125526907664503,0.004122808143600502,-1.2823161653518678,-1.4188096610069276,-0.2602697791979425,-0.14863737905713725,-0.21213204,-0.21213204,2
819,-1.2823161653518678,-1.4188096610069276,-0.2602697791979425,-0.14863737905713725,-1.5749001546859742,-1.4372572558164596,-0.29812500478014164,-0.004924075866978181,-0.3,0.0,7
820,-1.5749001546859742,-1.4372572558164596,-0.29812500478014164,-0.004924075866978181,-1.8311651183843611,-1.5972478664398193,-0.27801209415898487,-0.16630021061326555,-0.21213204,-0.21213204,2
821,-1.8311651183843611,-1.5972478664398193,-0.27801209415898487,-0.16630021061326555,-2.1015646919727327,-1.7646427654504777,-0.28387436017522694,-0.14444035781726072,-0.21213204,-0.21213204,2
822,-2.1015646919727327,-1.7646427654504777,-0.28387436017522694,-0.14444035781726072,-1.867899504208565,-1.7921078828096388,0.2551782001221312,-0.0016752984131140436,0.3,0.0,3
823,-1.867899504208565,-1.7921078828096388,0.2551782001221312,-0.0016752984131140436,-1.8379753149509432,-1.5669100816726687,0.001188362472712691,0.2577951390023262,0.0,0.3,5
824,-1.8379753149509432,-1.5669100816726687,0.001188362472712691,0.2577951390023262,-1.8361949528217318,-1.5328712507009505,-0.002104024675422894,0.00403659653883703,0.0,0.0,0
825,-1.8361949528217318,-1.5328712507009505,-0.002104024675422894,0.00403659653883703,-1.5984717257499694,-1.4051642397642137,0.24761918493958518,0.16287373257219903,0.21213204,0.21213204,6
826,-1.5984717257499694,-1.4051642397642137,0.24761918493958518,0.16287373257219903,-1.313323763012886,-1.2528725878477098,0.27327071001527864,0.1555646248306504,0.21213204,0.21213204,6
827,-1.313323763012886,-1.2528725878477098,0.27327071001527864,0.1555646248306504,-1.2750826908111574,-1.2359825556993487,0.00098075092105496,-0.0007552361144416574,0.0,0.0,0
828,-1.2750826908111574,-1.2359825556993487,0.00098075092105496,-0.0007552361144416574,-1.2751380642175676,-1.2359269648075104,7.464415470115072e-05,0.0004327216717024703,0.0,0.0,0
829,-1.2751380642175676,-1.2359269648075104,7.464415470115072e-05,0.0004327216717024703,-1.5464757400512696,-1.240497081398964,-0.2728756700314312,-0.0158276763380331,-0.3,0.0,7
830,-1.5464757400512696,-1.240497081398964,-0.2728756700314312,-0.0158276763380331,-1.8130081775426867,-1.1059175287246705,-0.2790347732514734,0.13557907027887386,-0.21213204,0.21213204,4
831,-1.8130081775426867,-1.1059175287246705,-0.2790347732514734,0.13557907027887386,-2.1076586980819703,-1.095626626467705,-0.2942931789584145,0.019778798529484026,-0.3,0.0,7
832,-2.1076586980819703,-1.095626626467705,-0.2942931789584145,0.019778798529484026,-1.8778266969919204,-1.0939547130584717,0.25009745461935845,-0.004301439130653896,0.3,0.0,3
833,-1.8778266969919204,-1.0939547130584717,0.25009745461935845,-0.004301439130653896,-1.5741058391332627,-1.0904486155986786,0.321428205702976,0.007478397458476569,0.3,0.0,3
834,-1.5741058391332627,-1.0904486155986786,0.321428205702976,0.007478397458476569,-1.3096486305952073,-0.9428555742383005,0.28242718279327506,0.15538021216473777,0.21213204,0.21213204,6
835,-1.3096486305952073,-0.9428555742383005,0.28242718279327506,0.15538021216473777,-1.2646088980674743,-1.1496050654888155,-0.007923397990145294,-0.26484043667868523,0.0,-0.3,1
836,-1.2646088980674743,-1.1496050654888155,-0.007923397990145294,-0.26484043667868523,-1.0348733171224596,-1.0497942711114885,0.2810793118237109,0.17153907102302793,0.21213204,0.21213204,6
837,-1.0348733171224596,-1.0497942711114885,0.2810793118237109,0.17153907102302793,-0.976639779663086,-1.2678630312204362,0.017938181516087098,-0.28148657873784944,0.0,-0.3,1
838,-0.976639779663086,-1.2678630312204362,0.017938181516087098,-0.28148657873784944,-0.7326445913195611,-1.4406735084056854,0.29415421985562284,-0.1486669026794987,0.21213204,-0.21213204,8
839,-0.7326445913195611,-1.4406735084056854,0.29415421985562284,-0.1486669026794987,-0.6950744965791703,-1.4549147045373918,-0.0016959642057870468,0.0015587683384449239,0.0,0.0,0
840,-0.6950744965791703,-1.4549147045373918,-0.0016959642057870468,0.0015587683384449239,-0.9331674402952194,-1.583807785344124,-0.28126979072833835,-0.15517816755853395,-0.21213204,-0.21213204,2
841,-0.9331674402952194,-1.583807785344124,-0.28126979072833835,-0.15517816755853395,-1.22379591486454,-1.5998089962720872,-0.2875697675422341,-0.005234790457783753,-0.3,0.0,7
842,-1.22379591486454,-1.5998089962720872,-0.2875697675422341,-0.005234790457783753,-1.0306433386564253,-1.4760589823246004,0.27934929166368644,0.15694287110843447,0.21213204,0.21213204,6
843,-1.0306433386564253,-1.4760589823246004,0.27934929166368644,0.15694287110843447,-1.259641459465027,-1.4539832231521608,-0.24734490542341325,0.0014006869998908125,-0.3,0.0,7
844,-1.259641459465027,-1.4539832231521608,-0.24734490542341325,0.0014006869998908125,-1.0695447946786882,-1.3290621706962586,0.2964687869520333,0.14108933804385804,0.21213204,0.21213204,6
845,-1.0695447946786882,-1.3290621706962586,0.2964687869520333,0.14108933804385804,-0.7663744212508202,-1.31343368036747,0.30950136097052905,0.0010962599077143128,0.3,0.0,3
846,-0.7663744212508202,-1.31343368036747,0.30950136097052905,0.0010962599077143128,-0.7237538462281227,-1.313138540029526,-0.0003811927715078304,-0.00015162230888532774,0.0,0.0,0
847,-0.7237538462281227,-1.313138540029526,-0.0003811927715078304,-0.00015162230888532774,-0.723691528224945,-1.3131427893638612,0.00032773195308812274,1.9157356404285858e-05,0.0,0.0,0
848,-0.723691528224945,-1.3131427893638612,0.00032773195308812274,1.9157356404285858e-05,-0.4454644633293152,-1.3137263026714328,0.2766427350728061,-0.002201760560031991,0.3,0.0,3
849,-0.4454644633293152,-1.3137263026714328,0.2766427350728061,-0.002201760560031991,-0.16813912370800974,-1.4483882486343385,0.282122453858874,-0.14621502176153137,0.21213204,-0.21213204,8
850,-0.16813912370800974,-1.4483882486343385,0.282122453858874,-0.14621502176153137,0.10025801003724337,-1.3244457052707674,0.2797898983150725,0.1325442549941679,0.21213204,0.21213204,6
851,0.10025801003724337,-1.3244457052707674,0.2797898983150725,0.1325442549941679,-0.08889908741414547,-1.1804854657411576,-0.31609807149258384,0.13862144975459065,-0.21213204,0.21213204,4
852,-0.08889908741414547,-1.1804854657411576,-0.31609807149258384,0.13862144975459065,0.09357057935446501,-1.0271616230249405,0.2936767066508134,0.15491667424099978,0.21213204,0.21213204,6
853,0.09357057935446501,-1.0271616230249405,0.2936767066508134,0.15491667424099978,-0.09554344029873611,-0.8824608844280243,-0.2755165904763922,0.13980114772056243,-0.21213204,0.21213204,4
854,-0.09554344029873611,-0.8824608844280243,-0.2755165904763922,0.13980114772056243,-0.35854237507581715,-1.0082740265607835,-0.2799399796487654,-0.15217053654302998,-0.21213204,-0.21213204,2
855,-0.35854237507581715,-1.0082740265607835,-0.2799399796487654,-0.15217053654302998,-0.12310483124554157,-1.0261870912313462,0.25526946436543085,0.005746389560239541,0.3,0.0,3
856,-0.12310483124554157,-1.0261870912313462,0.25526946436543085,0.005746389560239541,-0.34749614626169206,-1.0294405478477477,-0.23741893744758366,-0.0025398190766803574,-0.3,0.0,7
857,-0.34749614626169206,-1.0294405478477477,-0.23741893744758366,-0.0025398190766803574,-0.6084966171503068,-1.1703653434515,-0.2612741565520683,-0.15861576874155148,-0.21213204,-0.21213204,2
858,-0.6084966171503068,-1.1703653434515,-0.2612741565520683,-0.15861576874155148,-0.3701748351812363,-1.1908439169883729,0.25790727604438596,-0.011565136720169726,0.3,0.0,3
859,-0.3701748351812363,-1.1908439169883729,0.25790727604438596,-0.011565136720169726,-0.09131944677084686,-1.3267546182632448,0.2818610698348205,-0.14197887619928173,0.21213204,-0.21213204,8
860,-0.09131944677084686,-1.3267546182632448,0.2818610698348205,-0.14197887619928173,-0.0609716400153935,-1.5779125497341155,-0.005638234901092491,-0.2644432273341606,0.0,-0.3,1
861,-0.0609716400153935,-1.5779125497341155,-0.005638234901092491,-0.2644432273341606,-0.28768248690366743,-1.471471393156052,-0.2753475774194248,0.14387997572536124,-0.21213204,0.21213204,4
862,-0.28768248690366743,-1.471471393156052,-0.2753475774194248,0.14387997572536124,-0.10556228016167879,-1.5681784189224244,0.28307317990709724,-0.12381949218561895,0.21213204,-0.21213204,8
863,-0.10556228016167879,-1.5681784189224244,0.28307317990709724,-0.12381949218561895,-0.33316639754772187,-1.586912228178978,-0.24163166577979794,-0.0021863871890522844,-0.3,0.0,7
864,-0.33316639754772187,-1.586912228178978,-0.24163166577979794,-0.0021863871890522844,-0.3789624485969544,-1.5883296934843065,0.00025749429324375506,0.0005493284920244266,0.0,0.0,0
865,-0.3789624485969544,-1.5883296934843065,0.00025749429324375506,0.0005493284920244266,-0.6126006932139396,-1.4616678733825685,-0.27961796868276234,0.14302266777246142,-0.21213204,0.21213204,4
866,-0.6126006932139396,-1.4616678733825685,-0.27961796868276234,0.14302266777246142,-0.6415549253106118,-1.2036680180311201,0.007593612581873744,0.277076305482871,0.0,0.3,5
867,-0.6415549253106118,-1.2036680180311201,0.007593612581873744,0.277076305482871,-0.639598275089264,-1.1687232333898545,0.0015247440944305439,-0.00012639529192797836,0.0,0.0,0
868,-0.639598275089264,-1.1687232333898545,0.0015247440944305439,-0.00012639529192797836,-0.6301288182973863,-1.4256992105722428,-0.0016881066241004683,-0.30623585469573333,0.0,-0.3,1
869,-0.6301288182973863,-1.4256992105722428,-0.0016881066241004683,-0.30623585469573333,-0.6193717206716538,-1.2287266918659212,0.01804943170046711,0.2772764321625441,0.0,0.3,5
870,-0.6193717206716538,-1.2287266918659212,0.01804943170046711,0.2772764321625441,-0.3832330927312374,-1.3267940070390702,0.2919045703618638,-0.1518952962398927,0.21213204,-0.21213204,8
871,-0.3832330927312374,-1.3267940070390702,0.2919045703618638,-0.1518952962398927,-0.3485238932669163,-1.3388509030342104,-0.0003832992882886134,0.00013769380472149266,0.0,0.0,0
872,-0.3485238932669163,-1.3388509030342104,-0.0003832992882886134,0.00013769380472149266,-0.5863775747179986,-1.2192625549793246,-0.2598989206070501,0.1308304080232798,-0.21213204,0.21213204,4
873,-0.5863775747179986,-1.2192625549793246,-0.2598989206070501,0.1308304080232798,-0.872806352388859,-1.207821766805649,-0.29863194260058173,-0.0007194501107627183,-0.3,0.0,7
874,-0.872806352388859,-1.207821766805649,-0.29863194260058173,-0.0007194501107627183,-0.6775078091263771,-1.331796171092987,0.29850726039900033,-0.14274443857801808,0.21213204,-0.21213204,8
875,-0.6775078091263771,-1.331796171092987,0.29850726039900033,-0.14274443857801808,-0.8547704391598703,-1.4740693370103837,-0.27858983518793,-0.14667007313222408,-0.21213204,-0.21213204,2
876,-0.8547704391598703,-1.4740693370103837,-0.27858983518793,-0.14667007313222408,-1.109329649424553,-1.352266226196289,-0.2685996000146528,0.1456292961325614,-0.21213204,0.21213204,4
877,-1.109329649424553,-1.352266226196289,-0.2685996000146528,0.1456292961325614,-0.9191601739287376,-1.4547316089391709,0.29326165230843987,-0.15350785063641606,0.21213204,-0.21213204,8
878,-0.9191601739287376,-1.4547316089391709,0.29326165230843987,-0.15350785063641606,-0.6212796232819557,-1.4714704859971999,0.30403306058701857,-0.005453629043413823,0.3,0.0,3
879,-0.6212796232819557,-1.4714704859971999,0.30403306058701857,-0.005453629043413823,-0.3463084647536278,-1.606808275461197,0.28953177494445975,-0.13653163497986037,0.21213204,-0.21213204,8
880,-0.3463084647536278,-1.606808275461197,0.28953177494445975,-0.13653163497986037,-0.08549440040290356,-1.469390558719635,0.2776410017816645,0.16539847657266274,0.21213204,0.21213204,6
881,-0.08549440040290356,-1.469390558719635,0.2776410017816645,0.16539847657266274,-0.31355523042678834,-1.4440350321769717,-0.24773917441347207,0.00190416744755346,-0.3,0.0,7
882,-0.31355523042678834,-1.4440350321769717,-0.24773917441347207,0.00190416744755346,-0.5779999326825143,-1.5868088279008867,-0.27844456517583405,-0.18130322265636126,-0.21213204,-0.21213204,2
883,-0.5779999326825143,-1.5868088279008867,-0.27844456517583405,-0.18130322265636126,-0.6315432188153268,-1.8624739746570589,-0.012288672175307026,-0.31241625830709663,0.0,-0.3,1
884,-0.6315432188153268,-1.8624739746570589,-0.012288672175307026,-0.31241625830709663,-0.37111005666852,-1.9037399116277696,0.28004018336817355,0.006795423694423345,0.3,0.0,3
885,-0.37111005666852,-1.9037399116277696,0.28004018336817355,0.006795423694423345,-0.07262487851232291,-1.8955915438175204,0.30894926244928844,0.008421950059868904,0.3,0.0,3
886,-0.07262487851232291,-1.8955915438175204,0.30894926244928844,0.008421950059868904,-0.2675284132301808,-1.763410178780556,-0.2866480068035838,0.14467825021929132,-0.21213204,0.21213204,4
887,-0.2675284132301808,-1.763410178780556,-0.2866480068035838,0.14467825021929132,-0.08034851511716842,-1.603024361729622,0.2755908658989464,0.1575212151512251,0.21213204,0.21213204,6
888,-0.08034851511716842,-1.603024361729622,0.2755908658989464,0.1575212151512251,0.19924843380451202,-1.4480019100189208,0.2824205100270448,0.14824130547573205,0.21213204,0.21213204,6
889,0.19924843380451202,-1.4480019100189208,0.2824205100270448,0.14824130547573205,0.005022864438500255,-1.2992161711931232,-0.2843607737252022,0.1445502042840893,-0.21213204,0.21213204,4
890,0.005022864438500255,-1.2992161711931232,-0.2843607737252022,0.1445502042840893,-0.2911049082159996,-1.2878910676479338,-0.3018640558815153,-0.007104910893590748,-0.3,0.0,7
891,-0.2911049082159996,-1.2878910676479338,-0.3018640558815153,-0.007104910893590748,-0.3265733707249165,-1.04846694085598,0.023414955205779256,0.30033161619594334,0.0,0.3,5
892,-0.3265733707249165,-1.04846694085598,0.023414955205779256,0.30033161619594334,-0.09986172889620067,-1.1399481865406036,0.2773957029178901,-0.13543816006465903,0.21213204,-0.21213204,8
893,-0.09986172889620067,-1.1399481865406036,0.2773957029178901,-0.13543816006465903,-0.05729749067276717,-0.9068088046908379,-0.009304312705470635,0.29586091302732226,0.0,0.3,5
894,-0.05729749067276717,-0.9068088046908379,-0.009304312705470635,0.29586091302732226,0.17452889497280122,-0.9908782067537308,0.28590884456361587,-0.1464721435174282,0.21213204,-0.21213204,8
895,0.17452889497280122,-0.9908782067537308,0.28590884456361587,-0.1464721435174282,0.2143145821899176,-1.243875644350052,0.00022869588802744499,-0.2784467240947008,0.0,-0.3,1
896,0.2143145821899176,-1.243875644350052,0.00022869588802744499,-0.2784467240947008,0.21402943188846113,-1.2786794361114504,-0.00021809073989796857,0.00014218307810590837,0.0,0.0,0
897,0.21402943188846113,-1.2786794361114504,-0.00021809073989796857,0.00014218307810590837,-0.0324557200435549,-1.1556686180591584,-0.2854198592365567,0.144759185593988,-0.21213204,0.21213204,4
898,-0.0324557200435549,-1.1556686180591584,-0.2854198592365567,0.144759185593988,-0.31738419845700266,-1.0154705000638962,-0.2763098765070013,0.13913855417091386,-0.21213204,0.21213204,4
899,-0.31738419845700266,-1.0154705000638962,-0.2763098765070013,0.13913855417091386,-0.08522059238106011,-0.9876471756458283,0.27060172223653584,0.005009403267605858,0.3,0.0,3
