,state.pn,state.pe,state.vn,state.ve,next_state.pn,next_state.pe,next_state.vn,next_state.ve,action_vel.vn,action_vel.ve,action
0,-1.1060574854850769,-0.5642054325580598,-3.285234600840248e-05,-0.00011977086212976828,-1.1060459642410279,-0.5641931033849716,0.00017765803948802746,0.0002703560624698568,-0.3,0.0,7
1,-1.1060459642410279,-0.5641931033849716,0.00017765803948802746,0.0002703560624698568,-1.2577541009902955,-0.4773986285686493,-0.28607933550136866,0.1583269958569305,-0.21213204,0.21213204,4
2,-1.2577541009902955,-0.4773986285686493,-0.28607933550136866,0.1583269958569305,-1.2986676586866381,-0.45898818266987806,-0.0005094394735453188,3.451250957118657e-06,0.0,0.0,0
3,-1.2986676586866381,-0.45898818266987806,-0.0005094394735453188,3.451250957118657e-06,-1.2922216626882552,-0.6899239501833916,0.002621656223017208,-0.2665035907522445,0.0,-0.3,1
4,-1.2922216626882552,-0.6899239501833916,0.002621656223017208,-0.2665035907522445,-1.2925024697065353,-0.7219726916074753,1.6933563647623918e-05,7.70613653119187e-05,0.0,0.0,0
5,-1.2925024697065353,-0.7219726916074753,1.6933563647623918e-05,7.70613653119187e-05,-1.0185078999042512,-0.7163122210502625,0.28968551470158377,0.004728691167940236,0.3,0.0,3
6,-1.0185078999042512,-0.7163122210502625,0.28968551470158377,0.004728691167940236,-0.9658520693540574,-0.71579226872921,0.0006414129114802958,0.0003263013748197206,0.0,0.0,0
7,-0.9658520693540574,-0.71579226872921,0.0006414129114802958,0.0003263013748197206,-1.2190144369602203,-0.5761991088867188,-0.28855661349579115,0.1603932139405767,-0.21213204,0.21213204,4
8,-1.2190144369602203,-0.5761991088867188,-0.28855661349579115,0.1603932139405767,-1.0468750858068465,-0.4144475569665432,0.2772462215687381,0.16428896829882608,0.21213204,0.21213204,6
9,-1.0468750858068465,-0.4144475569665432,0.2772462215687381,0.16428896829882608,-0.7671470403432847,-0.5283155213594437,0.2771726109972771,-0.1421511877550497,0.21213204,-0.21213204,8
10,-0.7671470403432847,-0.5283155213594437,0.2771726109972771,-0.1421511877550497,-1.000558058190346,-0.5424788073658944,-0.26706759140018177,0.004107853555455136,-0.3,0.0,7
11,-1.000558058190346,-0.5424788073658944,-0.26706759140018177,0.004107853555455136,-1.301287080931664,-0.5349409145832061,-0.3096011970146028,0.005719992807031119,-0.3,0.0,7
12,-1.301287080931664,-0.5349409145832061,-0.3096011970146028,0.005719992807031119,-1.3396740442991257,-0.5335836282968521,-0.0006173599679860729,-8.016837076848062e-06,0.0,0.0,0
13,-1.3396740442991257,-0.5335836282968521,-0.0006173599679860729,-8.016837076848062e-06,-1.6154293186664583,-0.5343476333737374,-0.26317330392911964,-0.023274086258934894,-0.3,0.0,7
14,-1.6154293186664583,-0.5343476333737374,-0.26317330392911964,-0.023274086258934894,-1.8951499540805816,-0.40010563544631006,-0.26350878380197246,0.13969866076019286,-0.21213204,0.21213204,4
15,-1.8951499540805816,-0.40010563544631006,-0.26350878380197246,0.13969866076019286,-1.7193717730998996,-0.24836835548281672,0.2660699202506987,0.15794942461806982,0.21213204,0.21213204,6
16,-1.7193717730998996,-0.24836835548281672,0.2660699202506987,0.15794942461806982,-1.6780567363739014,0.030981992492079738,-0.007296429013570093,0.29775779088811666,0.0,0.3,5
17,-1.6780567363739014,0.030981992492079738,-0.007296429013570093,0.29775779088811666,-1.900270640039444,0.22637478820085524,-0.2790828610603362,0.14610122039244228,-0.21213204,0.21213204,4
18,-1.900270640039444,0.22637478820085524,-0.2790828610603362,0.14610122039244228,-1.938925916671753,0.48629082685709,-0.010313618433158318,0.25980752992090284,0.0,0.3,5
19,-1.938925916671753,0.48629082685709,-0.010313618433158318,0.25980752992090284,-2.1784412924766543,0.6499619510412217,-0.2849098108998786,0.12950607536784214,-0.21213204,0.21213204,4
20,-2.1784412924766543,0.6499619510412217,-0.2849098108998786,0.12950607536784214,-2.2341884827613834,0.9114416361093522,-0.0013678912823377263,0.28118249466204814,0.0,0.3,5
21,-2.2341884827613834,0.9114416361093522,-0.0013678912823377263,0.28118249466204814,-1.9679812530755998,0.9439029645681382,0.28337931795703075,-0.01621357670606983,0.3,0.0,3
22,-1.9679812530755998,0.9439029645681382,0.28337931795703075,-0.01621357670606983,-1.7043445447444916,1.0991612299442293,0.2913642064455308,0.15062290334423223,0.21213204,0.21213204,6
23,-1.7043445447444916,1.0991612299442293,0.2913642064455308,0.15062290334423223,-1.8942159328937531,1.253521353030205,-0.27637230969383314,0.14220305373359762,-0.21213204,0.21213204,4
24,-1.8942159328937531,1.253521353030205,-0.27637230969383314,0.14220305373359762,-1.704006880235672,1.4116614268541336,0.2598991678820575,0.16380487625757117,0.21213204,0.21213204,6
25,-1.704006880235672,1.4116614268541336,0.2598991678820575,0.16380487625757117,-1.9001106353282928,1.5609510952472687,-0.288047133912118,0.16992971498930654,-0.21213204,0.21213204,4
26,-1.9001106353282928,1.5609510952472687,-0.288047133912118,0.16992971498930654,-2.1545328662872314,1.4098687992334367,-0.2721279717218542,-0.1482582721364168,-0.21213204,-0.21213204,2
27,-2.1545328662872314,1.4098687992334367,-0.2721279717218542,-0.1482582721364168,-1.9195319073677064,1.3841277611017229,0.2525335702225472,-0.017560366337256897,0.3,0.0,3
28,-1.9195319073677064,1.3841277611017229,0.2525335702225472,-0.017560366337256897,-1.8506127791404725,1.1313080020904542,0.018987949523420963,-0.2903446992205029,0.0,-0.3,1
29,-1.8506127791404725,1.1313080020904542,0.018987949523420963,-0.2903446992205029,-2.107542985868454,1.0936118968963624,-0.2294861277181267,-0.007648518318786036,-0.3,0.0,7
30,-2.107542985868454,1.0936118968963624,-0.2294861277181267,-0.007648518318786036,-1.9323554640293121,1.2238487897396089,0.2829331016606004,0.16376970719863915,0.21213204,0.21213204,6
31,-1.9323554640293121,1.2238487897396089,0.2829331016606004,0.16376970719863915,-1.891166012644768,1.5026255447626116,0.01539205223345505,0.29831997637786956,0.0,0.3,5
32,-1.891166012644768,1.5026255447626116,0.01539205223345505,0.29831997637786956,-2.1299902350425723,1.6686084746360779,-0.2861890417225345,0.13360596831335056,-0.21213204,0.21213204,4
33,-2.1299902350425723,1.6686084746360779,-0.2861890417225345,0.13360596831335056,-2.172431415128708,1.683167749762535,-0.0017205398853597218,0.0027652986891248065,0.0,0.0,0
34,-2.172431415128708,1.683167749762535,-0.0017205398853597218,0.0027652986891248065,-2.172375779485703,1.6831654000282288,0.0006101614348207831,-0.0017965836148115632,0.0,0.0,0
35,-2.172375779485703,1.6831654000282288,0.0006101614348207831,-0.0017965836148115632,-1.9550017977237704,1.8116165884017947,0.2676395793236677,0.12165018799793972,0.21213204,0.21213204,6
36,-1.9550017977237704,1.8116165884017947,0.2676395793236677,0.12165018799793972,-1.6834423542976382,1.9574552455902101,0.27551880257859523,0.1458881408621469,0.21213204,0.21213204,6
37,-1.6834423542976382,1.9574552455902101,0.27551880257859523,0.1458881408621469,-1.4082089928150174,2.1041396009922027,0.28785897127144666,0.13553261670749012,0.21213204,0.21213204,6
38,-1.4082089928150174,2.1041396009922027,0.28785897127144666,0.13553261670749012,-1.3389817025423052,1.8581125257253648,0.015617757162838192,-0.3128747046749532,0.0,-0.3,1
39,-1.3389817025423052,1.8581125257253648,0.015617757162838192,-0.3128747046749532,-1.5973167099237444,1.8080518352746966,-0.24487093989823655,-0.01601199747951425,-0.3,0.0,7
40,-1.5973167099237444,1.8080518352746966,-0.24487093989823655,-0.01601199747951425,-1.6613700204133988,2.0437420773506165,-0.016438386154629094,0.27464304726882327,0.0,0.3,5
41,-1.6613700204133988,2.0437420773506165,-0.016438386154629094,0.27464304726882327,-1.6668614959478378,1.8068849081754685,-0.012588702582840519,-0.31530911609744655,0.0,-0.3,1
42,-1.6668614959478378,1.8068849081754685,-0.012588702582840519,-0.31530911609744655,-1.40826853992939,1.7548523855924607,0.26700777737260545,-0.016732000510410586,0.3,0.0,3
43,-1.40826853992939,1.7548523855924607,0.26700777737260545,-0.016732000510410586,-1.3657468485355377,1.7538274200439457,0.0013269892520145169,0.003886171663926861,0.0,0.0,0
44,-1.3657468485355377,1.7538274200439457,0.0013269892520145169,0.003886171663926861,-1.6369357137918472,1.7426184165239336,-0.2499832504011793,-0.016790415515057847,-0.3,0.0,7
45,-1.6369357137918472,1.7426184165239336,-0.2499832504011793,-0.016790415515057847,-1.9153822635173798,1.8666588927984238,-0.2870052975346564,0.13966413272659317,-0.21213204,0.21213204,4
46,-1.9153822635173798,1.8666588927984238,-0.2870052975346564,0.13966413272659317,-2.205347998905182,2.010402808427811,-0.3090776932172168,0.1832961067116997,-0.21213204,0.21213204,4
47,-2.205347998905182,2.010402808427811,-0.3090776932172168,0.1832961067116997,-2.248283729696274,2.025814515924454,-0.006382680559205172,0.0014152322497255794,0.0,0.0,0
48,-2.248283729696274,2.025814515924454,-0.006382680559205172,0.0014152322497255794,-2.0110373305797578,1.8909378036022189,0.2635276103590681,-0.20390257760691818,0.21213204,-0.21213204,8
49,-2.0110373305797578,1.8909378036022189,0.2635276103590681,-0.20390257760691818,-1.7588002381324768,2.028944484758377,0.27790135562654084,0.1645922182369703,0.21213204,0.21213204,6
50,-1.7588002381324768,2.028944484758377,0.27790135562654084,0.1645922182369703,-1.46379104180336,2.0433952813625336,0.29801757367825804,0.000698345464656993,0.3,0.0,3
51,-1.46379104180336,2.0433952813625336,0.29801757367825804,0.000698345464656993,-1.3962076932191851,1.7766258398771289,0.026675205670733285,-0.3070761052706477,0.0,-0.3,1
52,-1.3962076932191851,1.7766258398771289,0.026675205670733285,-0.3070761052706477,-1.1461539820194244,1.5892746274232863,0.2830035601995889,-0.15742809956540318,0.21213204,-0.21213204,8
53,-1.1461539820194244,1.5892746274232863,0.2830035601995889,-0.15742809956540318,-0.862968557751179,1.444983930683136,0.273011280927255,-0.1256894128650867,0.21213204,-0.21213204,8
54,-0.862968557751179,1.444983930683136,0.273011280927255,-0.1256894128650867,-0.563107099890709,1.4378612037897112,0.30455796817365277,0.0017410975486016368,0.3,0.0,3
55,-0.563107099890709,1.4378612037897112,0.30455796817365277,0.0017410975486016368,-0.26097602456212043,1.4411736522197722,0.29927669792828315,-0.0022426829937216577,0.3,0.0,3
56,-0.26097602456212043,1.4411736522197722,0.29927669792828315,-0.0022426829937216577,-0.4836991079151631,1.44514131526947,-0.24044345425478256,0.0038170898635973972,-0.3,0.0,7
57,-0.4836991079151631,1.44514131526947,-0.24044345425478256,0.0038170898635973972,-0.5200320513606072,1.2139247169017793,0.021652783421119252,-0.2807817696378158,0.0,-0.3,1
58,-0.5200320513606072,1.2139247169017793,0.021652783421119252,-0.2807817696378158,-0.7426369069814682,1.3056775504350662,-0.270602800765026,0.14203629096578146,-0.21213204,0.21213204,4
59,-0.7426369069814682,1.3056775504350662,-0.270602800765026,0.14203629096578146,-0.7814741481423378,1.3222441219091416,-0.00043972051282387137,0.0001565768748155469,0.0,0.0,0
60,-0.7814741481423378,1.3222441219091416,-0.00043972051282387137,0.0001565768748155469,-0.7816673701047898,1.5836118492603304,0.009224047539407134,0.29651475088985485,0.0,0.3,5
61,-0.7816673701047898,1.5836118492603304,0.009224047539407134,0.29651475088985485,-0.552355606353283,1.5018283239364625,0.29360399893622924,-0.12794922197733394,0.21213204,-0.21213204,8
62,-0.552355606353283,1.5018283239364625,0.29360399893622924,-0.12794922197733394,-0.7340778100371361,1.6132591989278795,-0.28493077621302243,0.1522627031691687,-0.21213204,0.21213204,4
63,-0.7340778100371361,1.6132591989278795,-0.28493077621302243,0.1522627031691687,-0.7739407102108001,1.6292736914396286,-0.0004990797023058239,-0.00017124677966658922,0.0,0.0,0
64,-0.7739407102108001,1.6292736914396286,-0.0004990797023058239,-0.00017124677966658922,-0.7739288466691971,1.6292733327865603,3.444190686210225e-05,-2.7753295880378307e-05,0.0,0.0,0
65,-0.7739288466691971,1.6292733327865603,3.444190686210225e-05,-2.7753295880378307e-05,-1.0156997033119204,1.5041386935234071,-0.272194497791421,-0.1457816673206732,-0.21213204,-0.21213204,2
66,-1.0156997033119204,1.5041386935234071,-0.272194497791421,-0.1457816673206732,-1.2910610384702683,1.3415971996068956,-0.27448799814582325,-0.16309618941459383,-0.21213204,-0.21213204,2
67,-1.2910610384702683,1.3415971996068956,-0.27448799814582325,-0.16309618941459383,-1.563252500844002,1.4516446741104125,-0.28148113281997267,0.1201948453742138,-0.21213204,0.21213204,4
68,-1.563252500844002,1.4516446741104125,-0.28148113281997267,0.1201948453742138,-1.6043860575675966,1.4635722482681275,-0.00018992535013987957,0.006191921023008388,0.0,0.0,0
69,-1.6043860575675966,1.4635722482681275,-0.00018992535013987957,0.006191921023008388,-1.5893557146787642,1.1928714433193206,0.022915618207542364,-0.31531034904651656,0.0,-0.3,1
70,-1.5893557146787642,1.1928714433193206,0.022915618207542364,-0.31531034904651656,-1.8475808290958406,1.1542698116779326,-0.2559496831181589,0.0026912972459535753,-0.3,0.0,7
71,-1.8475808290958406,1.1542698116779326,-0.2559496831181589,0.0026912972459535753,-1.6615172889709475,1.0218193458080291,0.30344506120485426,-0.15811216068959283,0.21213204,-0.21213204,8
72,-1.6615172889709475,1.0218193458080291,0.30344506120485426,-0.15811216068959283,-1.8420292348146439,0.8651455383896828,-0.26489397049612945,-0.14438354150278299,-0.21213204,-0.21213204,2
73,-1.8420292348146439,0.8651455383896828,-0.26489397049612945,-0.14438354150278299,-1.6495200565338135,0.698552941942215,0.2625076794891205,-0.15836579263409056,0.21213204,-0.21213204,8
74,-1.6495200565338135,0.698552941942215,0.2625076794891205,-0.15836579263409056,-1.5939971057653426,0.9216301654934884,0.02278180690303033,0.30564986860344845,0.0,0.3,5
75,-1.5939971057653426,0.9216301654934884,0.02278180690303033,0.30564986860344845,-1.580939002084732,0.7025256968021394,0.013535656713442033,-0.30297753580816333,0.0,-0.3,1
76,-1.580939002084732,0.7025256968021394,0.013535656713442033,-0.30297753580816333,-1.357412416744232,0.7958515798807145,0.2662263513501815,0.15025604021160097,0.21213204,0.21213204,6
77,-1.357412416744232,0.7958515798807145,0.2662263513501815,0.15025604021160097,-1.5407791921377183,0.9362538176298143,-0.26377138585880366,0.15961347661823444,-0.21213204,0.21213204,4
78,-1.5407791921377183,0.9362538176298143,-0.26377138585880366,0.15961347661823444,-1.7891155442476274,0.7930377682447434,-0.2751122983311295,-0.16394815792123876,-0.21213204,-0.21213204,2
79,-1.7891155442476274,0.7930377682447434,-0.2751122983311295,-0.16394815792123876,-2.0681341513156895,0.6262733305335045,-0.2746696857321956,-0.16819777699326816,-0.21213204,-0.21213204,2
80,-2.0681341513156895,0.6262733305335045,-0.2746696857321956,-0.16819777699326816,-1.8709655509948733,0.46456768656373026,0.26943616782126006,-0.15207652247213624,0.21213204,-0.21213204,8
81,-1.8709655509948733,0.46456768656373026,0.26943616782126006,-0.15207652247213624,-1.5736569941282272,0.4478968367338181,0.32998856074078026,0.017236806046420493,0.3,0.0,3
82,-1.5736569941282272,0.4478968367338181,0.32998856074078026,0.017236806046420493,-1.3049532355546951,0.5900430546760559,0.2869332754443353,0.14945453503668205,0.21213204,0.21213204,6
83,-1.3049532355546951,0.5900430546760559,0.2869332754443353,0.14945453503668205,-1.4879696587085722,0.7377759778618813,-0.28474266115771557,0.1468611439410628,-0.21213204,0.21213204,4
84,-1.4879696587085722,0.7377759778618813,-0.28474266115771557,0.1468611439410628,-1.7674185972452163,0.8752794003844261,-0.2659100977011937,0.12480949143351411,-0.21213204,0.21213204,4
85,-1.7674185972452163,0.8752794003844261,-0.2659100977011937,0.12480949143351411,-1.7977422872304918,1.1415836019277572,0.016585003569017563,0.29102963225102885,0.0,0.3,5
86,-1.7977422872304918,1.1415836019277572,0.016585003569017563,0.29102963225102885,-1.795543829727173,1.1776285934209825,-0.003131083879781907,0.008886802933512052,0.0,0.0,0
87,-1.795543829727173,1.1776285934209825,-0.003131083879781907,0.008886802933512052,-2.0360284317970274,1.3093827333688737,-0.288557880626339,0.14229638532213315,-0.21213204,0.21213204,4
88,-2.0360284317970274,1.3093827333688737,-0.288557880626339,0.14229638532213315,-2.0701015455245972,1.574751585030556,0.007459915900757497,0.28544374212758217,0.0,0.3,5
89,-2.0701015455245972,1.574751585030556,0.007459915900757497,0.28544374212758217,-1.841681236243248,1.7422122048616409,0.2443808418099482,0.13916264835545875,0.21213204,0.21213204,6
90,-1.841681236243248,1.7422122048616409,0.2443808418099482,0.13916264835545875,-2.025624531030655,1.6271320837259293,-0.2954549008661773,-0.15581636864519366,-0.21213204,-0.21213204,2
91,-2.025624531030655,1.6271320837259293,-0.2954549008661773,-0.15581636864519366,-2.093231603240967,1.842844981455803,-0.025860411762216012,0.3011604322827725,0.0,0.3,5
92,-2.093231603240967,1.842844981455803,-0.025860411762216012,0.3011604322827725,-1.8703360454320908,2.0205437086582183,0.27011470072936367,0.15550151933409262,0.21213204,0.21213204,6
93,-1.8703360454320908,2.0205437086582183,0.27011470072936367,0.15550151933409262,-1.609751988244057,1.8786987800598145,0.25016220341122364,-0.14310795898650566,0.21213204,-0.21213204,8
94,-1.609751988244057,1.8786987800598145,0.25016220341122364,-0.14310795898650566,-1.7966153888940812,1.9752236464977266,-0.2831559214314951,0.13876703996311188,-0.21213204,0.21213204,4
95,-1.7966153888940812,1.9752236464977266,-0.2831559214314951,0.13876703996311188,-1.8474731933355333,1.7219803728103638,-0.030825572036445207,-0.3090851345188698,0.0,-0.3,1
96,-1.8474731933355333,1.7219803728103638,-0.030825572036445207,-0.3090851345188698,-2.08829379196167,1.526958055138588,-0.25475041598640363,-0.15158583758827665,-0.21213204,-0.21213204,2
97,-2.08829379196167,1.526958055138588,-0.25475041598640363,-0.15158583758827665,-2.1255263088226317,1.5088915044069293,-0.003524078010692726,-5.45695641723743e-05,0.0,0.0,0
98,-2.1255263088226317,1.5088915044069293,-0.003524078010692726,-5.45695641723743e-05,-2.1255916968345643,1.5088657666444778,0.0021993748298900647,-0.0004827689478595768,0.0,0.0,0
99,-2.1255916968345643,1.5088657666444778,0.0021993748298900647,-0.0004827689478595768,-1.875635061955452,1.3759715290546417,0.28770853387162715,-0.13605505448170122,0.21213204,-0.21213204,8
100,-1.875635061955452,1.3759715290546417,0.28770853387162715,-0.13605505448170122,-1.5749733100414276,1.3642884431123732,0.29978142565362553,0.003121986380552352,0.3,0.0,3
101,-1.5749733100414276,1.3642884431123732,0.29978142565362553,0.003121986380552352,-1.30318073990345,1.2119129536390303,0.2832403709295525,-0.17155791259554337,0.21213204,-0.21213204,8
102,-1.30318073990345,1.2119129536390303,0.2832403709295525,-0.17155791259554337,-1.0223334177017214,1.0488689019441606,0.27862853546863414,-0.15911854148621601,0.21213204,-0.21213204,8
103,-1.0223334177017214,1.0488689019441606,0.27862853546863414,-0.15911854148621601,-0.9850510082006454,1.0297661368131639,-0.002693976274216421,0.0034380409906974436,0.0,0.0,0
104,-0.9850510082006454,1.0297661368131639,-0.002693976274216421,0.0034380409906974436,-0.7145066604137421,1.0245810431480409,0.27298905614455926,-0.0021398434378644762,0.3,0.0,3
105,-0.7145066604137421,1.0245810431480409,0.27298905614455926,-0.0021398434378644762,-0.8883735991239549,1.142594863152504,-0.2684713286295311,0.14445521864207853,-0.21213204,0.21213204,4
106,-0.8883735991239549,1.142594863152504,-0.2684713286295311,0.14445521864207853,-1.1716325908899308,1.2760580959796906,-0.2818268973730158,0.13553653559337334,-0.21213204,0.21213204,4
107,-1.1716325908899308,1.2760580959796906,-0.2818268973730158,0.13553653559337334,-1.226745782637596,1.0261824231386185,0.0025520490998826055,-0.32411645060550315,0.0,-0.3,1
108,-1.226745782637596,1.0261824231386185,0.0025520490998826055,-0.32411645060550315,-1.4507756776571277,0.8318434625506402,-0.2709202119384332,-0.15211754619146764,-0.21213204,-0.21213204,2
109,-1.4507756776571277,0.8318434625506402,-0.2709202119384332,-0.15211754619146764,-1.2572485112905505,0.6750086277842523,0.30214420106173895,-0.13971829468745106,0.21213204,-0.21213204,8
110,-1.2572485112905505,0.6750086277842523,0.30214420106173895,-0.13971829468745106,-1.4314510870456696,0.5287577645659447,-0.26949074597572975,-0.15693870478858743,-0.21213204,-0.21213204,2
111,-1.4314510870456696,0.5287577645659447,-0.26949074597572975,-0.15693870478858743,-1.4675357886552813,0.511288460958004,-0.0008807484686118904,-0.0011712868003120303,0.0,0.0,0
112,-1.4675357886552813,0.511288460958004,-0.0008807484686118904,-0.0011712868003120303,-1.2175623628616334,0.38640945857763287,0.28432390329605717,-0.13615100243860756,0.21213204,-0.21213204,8
113,-1.2175623628616334,0.38640945857763287,0.28432390329605717,-0.13615100243860756,-1.1781865911483764,0.1102395152553916,-0.0017570090915942534,-0.3146714009070467,0.0,-0.3,1
114,-1.1781865911483764,0.1102395152553916,-0.0017570090915942534,-0.3146714009070467,-0.9672887357234956,0.19661640956401827,0.2892879767639813,0.1535862074051112,0.21213204,0.21213204,6
115,-0.9672887357234956,0.19661640956401827,0.2892879767639813,0.1535862074051112,-1.1529814234495164,0.08908961013257505,-0.27445838665991723,-0.15467299580596172,-0.21213204,-0.21213204,2
116,-1.1529814234495164,0.08908961013257505,-0.27445838665991723,-0.15467299580596172,-1.4465527329206467,0.06442506134212017,-0.29864183741037,-0.009086380648449244,-0.3,0.0,7
117,-1.4465527329206467,0.06442506134212017,-0.29864183741037,-0.009086380648449244,-1.4925646175622942,0.2961284739017487,-0.0027794692521865617,0.26985226739365187,0.0,0.3,5
118,-1.4925646175622942,0.2961284739017487,-0.0027794692521865617,0.26985226739365187,-1.4893339351415635,0.06925214519500732,0.019493272755111847,-0.3063019857979403,0.0,-0.3,1
119,-1.4893339351415635,0.06925214519500732,0.019493272755111847,-0.3063019857979403,-1.4895208685398102,0.2641433453142643,-0.0020848817540117005,0.28083206526986504,0.0,0.3,5
120,-1.4895208685398102,0.2641433453142643,-0.0020848817540117005,0.28083206526986504,-1.4890784422636032,0.29852065759897234,-0.00047887256451730885,-0.00018195235789723798,0.0,0.0,0
121,-1.4890784422636032,0.29852065759897234,-0.00047887256451730885,-0.00018195235789723798,-1.4820367414712905,0.028423986179381612,0.02105687117100832,-0.3100068867498728,0.0,-0.3,1
122,-1.4820367414712905,0.028423986179381612,0.02105687117100832,-0.3100068867498728,-1.701088089632988,0.12117455453723669,-0.2407180801700115,0.17193080258650045,-0.21213204,0.21213204,4
123,-1.701088089632988,0.12117455453723669,-0.2407180801700115,0.17193080258650045,-1.7346123845815657,-0.1265917879804969,0.027451877922881993,-0.31144135619271396,0.0,-0.3,1
124,-1.7346123845815657,-0.1265917879804969,0.027451877922881993,-0.31144135619271396,-1.5220150302410127,-0.020235420249775052,0.2625068695145652,0.14223400092238836,0.21213204,0.21213204,6
125,-1.5220150302410127,-0.020235420249775052,0.2625068695145652,0.14223400092238836,-1.247149182868004,0.11661867217719556,0.2846431074695586,0.13473769015313047,0.21213204,0.21213204,6
126,-1.247149182868004,0.11661867217719556,0.2846431074695586,0.13473769015313047,-0.9521112373232843,0.12608381938636304,0.3070620955677699,0.0014239680544013416,0.3,0.0,3
127,-0.9521112373232843,0.12608381938636304,0.3070620955677699,0.0014239680544013416,-0.6858769625663758,-0.02204297360368073,0.28633639514615894,-0.14619646489476065,0.21213204,-0.21213204,8
128,-0.6858769625663758,-0.02204297360368073,0.28633639514615894,-0.14619646489476065,-0.39853375888466835,-0.1706144283860922,0.2952555721419952,-0.14068703720197528,0.21213204,-0.21213204,8
129,-0.39853375888466835,-0.1706144283860922,0.2952555721419952,-0.14068703720197528,-0.14483881847560406,-0.02951034280695021,0.2761623874099472,0.17515977425303755,0.21213204,0.21213204,6
130,-0.14483881847560406,-0.02951034280695021,0.2761623874099472,0.17515977425303755,0.15144470726251602,-0.01591396211013198,0.3018608205934284,-1.740945704166696e-05,0.3,0.0,3
131,0.15144470726251602,-0.01591396211013198,0.3018608205934284,-1.740945704166696e-05,-0.026487514600530268,-0.13947616946697233,-0.2684990867399979,-0.14672947269998796,-0.21213204,-0.21213204,2
132,-0.026487514600530268,-0.13947616946697233,-0.2684990867399979,-0.14672947269998796,-0.06788800524622202,-0.1558619077265263,0.00254649502201709,0.0028106250553279945,0.0,0.0,0
133,-0.06788800524622202,-0.1558619077265263,0.00254649502201709,0.0028106250553279945,0.17478549760580064,-0.025323556901142005,0.2767776432062573,0.14952266934982164,0.21213204,0.21213204,6
134,0.17478549760580064,-0.025323556901142005,0.2767776432062573,0.14952266934982164,0.23226219997107986,-0.2687044386982918,0.007495726980731033,-0.3091152163116189,0.0,-0.3,1
135,0.23226219997107986,-0.2687044386982918,0.007495726980731033,-0.3091152163116189,0.23212131080329423,-0.06950374715328217,0.0007309837732416727,0.30369043728494804,0.0,0.3,5
136,0.23212131080329423,-0.06950374715328217,0.0007309837732416727,0.30369043728494804,-0.028461866044998167,-0.03288020006120205,-0.2612482673234566,-0.002469147708486304,-0.3,0.0,7
137,-0.028461866044998167,-0.03288020006120205,-0.2612482673234566,-0.002469147708486304,-0.07472447725683451,-0.2909002162754536,-0.006358728796936445,-0.28725191423658203,0.0,-0.3,1
138,-0.07472447725683451,-0.2909002162754536,-0.006358728796936445,-0.28725191423658203,-0.3024255201280117,-0.468639835369587,-0.2804845436585967,-0.1486747279374143,-0.21213204,-0.21213204,2
139,-0.3024255201280117,-0.468639835369587,-0.2804845436585967,-0.1486747279374143,-0.1314210423320532,-0.36652760151028635,0.2869112263289792,0.15271198980816236,0.21213204,0.21213204,6
140,-0.1314210423320532,-0.36652760151028635,0.2869112263289792,0.15271198980816236,-0.35644519374370576,-0.3421450516879559,-0.24266506001554464,0.002261315599289211,-0.3,0.0,7
141,-0.35644519374370576,-0.3421450516879559,-0.24266506001554464,0.002261315599289211,-0.6307394741654396,-0.20648855330646038,-0.29058458365973194,0.14936955329481272,-0.21213204,0.21213204,4
142,-0.6307394741654396,-0.20648855330646038,-0.29058458365973194,0.14936955329481272,-0.6831165343403816,-0.42453529195189477,-0.005854380096937315,-0.29846467588568015,0.0,-0.3,1
143,-0.6831165343403816,-0.42453529195189477,-0.005854380096937315,-0.29846467588568015,-0.9503140219926836,-0.45698794785737995,-0.2601122498856283,0.0011160293246672602,-0.3,0.0,7
144,-0.9503140219926836,-0.45698794785737995,-0.2601122498856283,0.0011160293246672602,-0.7881501087427141,-0.3221626656830311,0.2712193913308008,0.1422456887775207,0.21213204,0.21213204,6
145,-0.7881501087427141,-0.3221626656830311,0.2712193913308008,0.1422456887775207,-0.7402647796988487,-0.5513055330872536,-0.0051649621078497555,-0.31246674436613414,0.0,-0.3,1
146,-0.7402647796988487,-0.5513055330872536,-0.0051649621078497555,-0.31246674436613414,-0.5217070739030838,-0.4627001093745232,0.2774933100667212,0.1434158953238527,0.21213204,0.21213204,6
147,-0.5217070739030838,-0.4627001093745232,0.2774933100667212,0.1434158953238527,-0.7515661127209663,-0.43910392780900004,-0.24930529078173014,-0.0002746924789175945,-0.3,0.0,7
148,-0.7515661127209663,-0.43910392780900004,-0.24930529078173014,-0.0002746924789175945,-1.0301285294294358,-0.2923088149428368,-0.2939183508444981,0.15019585889809867,-0.21213204,0.21213204,4
149,-1.0301285294294358,-0.2923088149428368,-0.2939183508444981,0.15019585889809867,-1.3285704642772673,-0.2794454400599003,-0.2994458918305859,-0.000466286594075283,-0.3,0.0,7
150,-1.3285704642772673,-0.2794454400599003,-0.2994458918305859,-0.000466286594075283,-1.5932951253652574,-0.13977466613054276,-0.26275373483770537,0.14963534344575316,-0.21213204,0.21213204,4
151,-1.5932951253652574,-0.13977466613054276,-0.26275373483770537,0.14963534344575316,-1.847891813492775,-0.27806562150716785,-0.2623722811569186,-0.15693180060862766,-0.21213204,-0.21213204,2
152,-1.847891813492775,-0.27806562150716785,-0.2623722811569186,-0.15693180060862766,-1.6145312437772752,-0.3032022692978382,0.22169451374108054,0.01162890250944011,0.3,0.0,3
153,-1.6145312437772752,-0.3032022692978382,0.22169451374108054,0.01162890250944011,-1.838314188361168,-0.3073896100878716,-0.24188052362721124,0.0009470870756834965,-0.3,0.0,7
154,-1.838314188361168,-0.3073896100878716,-0.24188052362721124,0.0009470870756834965,-2.1017532372474674,-0.4557119675993919,-0.24878707705608255,-0.14255380228424586,-0.21213204,-0.21213204,2
155,-2.1017532372474674,-0.4557119675993919,-0.24878707705608255,-0.14255380228424586,-1.9129401168346405,-0.6124859037756921,0.2627967130175295,-0.1624494897518387,0.21213204,-0.21213204,8
156,-1.9129401168346405,-0.6124859037756921,0.2627967130175295,-0.1624494897518387,-2.1400038320064545,-0.6448218384981157,-0.20615516628989583,0.012310035691535607,-0.3,0.0,7
157,-2.1400038320064545,-0.6448218384981157,-0.20615516628989583,0.012310035691535607,-2.19220398683548,-0.4173636035740377,0.048767652702460314,0.340947889452491,0.0,0.3,5
158,-2.19220398683548,-0.4173636035740377,0.048767652702460314,0.340947889452491,-1.9672057046175004,-0.2373435837805271,0.19975606992557549,0.16138216951118814,0.21213204,0.21213204,6
159,-1.9672057046175004,-0.2373435837805271,0.19975606992557549,0.16138216951118814,-2.144004910421372,-0.35510050117969516,-0.26670275641172153,-0.16002352688289628,-0.21213204,-0.21213204,2
160,-2.144004910421372,-0.35510050117969516,-0.26670275641172153,-0.16002352688289628,-1.9161691672801973,-0.3778989881873131,0.25135135528732916,0.006990296675568572,0.3,0.0,3
161,-1.9161691672801973,-0.3778989881873131,0.25135135528732916,0.006990296675568572,-2.095792982196808,-0.2576126507997513,-0.19695934078906097,0.1499848067552219,-0.21213204,0.21213204,4
162,-2.095792982196808,-0.2576126507997513,-0.19695934078906097,0.1499848067552219,-1.858759876608849,-0.22960164040625097,0.23396362182687003,0.005303293678237036,0.3,0.0,3
163,-1.858759876608849,-0.22960164040625097,0.23396362182687003,0.005303293678237036,-1.7991148442983629,0.028472184299677614,0.02861949730681823,0.2975666248900842,0.0,0.3,5
164,-1.7991148442983629,0.028472184299677614,0.02861949730681823,0.2975666248900842,-2.016645649576187,0.21398691588342192,-0.2944691726895749,0.13594441605857757,-0.21213204,0.21213204,4
165,-2.016645649576187,0.21398691588342192,-0.2944691726895749,0.13594441605857757,-1.836501701927185,0.3603523916482925,0.27740724264394584,0.1360490420200403,0.21213204,0.21213204,6
166,-1.836501701927185,0.3603523916482925,0.27740724264394584,0.1360490420200403,-1.7737345575332641,0.11725660520493984,-0.02576424721521687,-0.3163725521836521,0.0,-0.3,1
167,-1.7737345575332641,0.11725660520493984,-0.02576424721521687,-0.3163725521836521,-1.9862197839736941,0.21908960127532484,-0.28695473827262563,0.14891642529586935,-0.21213204,0.21213204,4
168,-1.9862197839736941,0.21908960127532484,-0.28695473827262563,0.14891642529586935,-1.793482730793953,0.36730977920889857,0.285063462823199,0.16770640280982496,0.21213204,0.21213204,6
169,-1.793482730793953,0.36730977920889857,0.285063462823199,0.16770640280982496,-1.7314956007719042,0.1251602169021964,0.022667907788374905,-0.2834275342533152,0.0,-0.3,1
170,-1.7314956007719042,0.1251602169021964,0.022667907788374905,-0.2834275342533152,-1.98580110244751,0.0867178456068039,-0.3195956560663336,-0.0038197596721511818,-0.3,0.0,7
171,-1.98580110244751,0.0867178456068039,-0.3195956560663336,-0.0038197596721511818,-1.7944969567298892,0.2196596684575081,0.2298025024959257,0.1496022858699478,0.21213204,0.21213204,6
172,-1.7944969567298892,0.2196596684575081,0.2298025024959257,0.1496022858699478,-1.7553989078283312,0.2326813460767269,0.0070099966880883,-0.0037509780767127875,0.0,0.0,0
173,-1.7553989078283312,0.2326813460767269,0.0070099966880883,-0.0037509780767127875,-1.5128947776317596,0.35472748377323154,0.27955388604560505,0.14829989742386088,0.21213204,0.21213204,6
174,-1.5128947776317596,0.35472748377323154,0.27955388604560505,0.14829989742386088,-1.7381388349056244,0.3729279758274555,-0.2366200843551388,0.009471681910199233,-0.3,0.0,7
175,-1.7381388349056244,0.3729279758274555,-0.2366200843551388,0.009471681910199233,-2.034537019586563,0.36902488818168644,-0.3111567721003828,-0.005997273615714933,-0.3,0.0,7
176,-2.034537019586563,0.36902488818168644,-0.3111567721003828,-0.005997273615714933,-1.806776065039635,0.3660041460990906,0.22527135154340303,0.016053940336412775,0.3,0.0,3
177,-1.806776065039635,0.3660041460990906,0.22527135154340303,0.016053940336412775,-1.5044382159471512,0.36388436185121537,0.3264263080168408,0.006865866556975596,0.3,0.0,3
178,-1.5044382159471512,0.36388436185121537,0.3264263080168408,0.006865866556975596,-1.204624935722351,0.3662285533666611,0.30285794296482177,0.0038643897320428,0.3,0.0,3
179,-1.204624935722351,0.3662285533666611,0.30285794296482177,0.0038643897320428,-0.942167918586731,0.5223527492642404,0.28382071531741415,0.1513936936282691,0.21213204,0.21213204,6
180,-0.942167918586731,0.5223527492642404,0.28382071531741415,0.1513936936282691,-0.9027046891093256,0.5385287930727005,-9.507476196902326e-05,9.040146916890022e-06,0.0,0.0,0
181,-0.9027046891093256,0.5385287930727005,-9.507476196902326e-05,9.040146916890022e-06,-1.139876234650612,0.41434695283174516,-0.2754516404199189,-0.14127394702107846,-0.21213204,-0.21213204,2
182,-1.139876234650612,0.41434695283174516,-0.2754516404199189,-0.14127394702107846,-1.1811651592016221,0.39967308852076533,0.00010398412642497987,1.967811562904736e-05,0.0,0.0,0
183,-1.1811651592016221,0.39967308852076533,0.00010398412642497987,1.967811562904736e-05,-1.4152403832435607,0.26962247430682185,-0.26453183002178493,-0.15067177234593016,-0.21213204,-0.21213204,2
184,-1.4152403832435607,0.26962247430682185,-0.26453183002178493,-0.15067177234593016,-1.680659214258194,0.38933230834007265,-0.2766569831675299,0.14474126442352744,-0.21213204,0.21213204,4
185,-1.680659214258194,0.38933230834007265,-0.2766569831675299,0.14474126442352744,-1.449011063504219,0.4118886248230934,0.23882622327385009,-0.0002746320368822699,0.3,0.0,3
186,-1.449011063504219,0.4118886248230934,0.23882622327385009,-0.0002746320368822699,-1.3884031564712527,0.6648389427423477,0.019038723937810153,0.2989091629124602,0.0,0.3,5
187,-1.3884031564712527,0.6648389427423477,0.019038723937810153,0.2989091629124602,-1.3784019060134889,0.9538665181517602,-0.0026787454404088268,0.2820963479456873,0.0,0.3,5
188,-1.3784019060134889,0.9538665181517602,-0.0026787454404088268,0.2820963479456873,-1.14664082634449,1.1139879850387573,0.2866786400608185,0.12381351711475883,0.21213204,0.21213204,6
189,-1.14664082634449,1.1139879850387573,0.2866786400608185,0.12381351711475883,-0.8648268020868302,1.2551834992647173,0.26724687824299787,0.14885416772124174,0.21213204,0.21213204,6
190,-0.8648268020868302,1.2551834992647173,0.26724687824299787,0.14885416772124174,-0.5967869601964951,1.1273703866720202,0.2951169721671441,-0.1341318908575246,0.21213204,-0.21213204,8
191,-0.5967869601964951,1.1273703866720202,0.2951169721671441,-0.1341318908575246,-0.294957226318121,1.1110725721359254,0.29348539795363393,-0.0023898475678358778,0.3,0.0,3
192,-0.294957226318121,1.1110725721359254,0.29348539795363393,-0.0023898475678358778,-0.47398080124259,1.2327298772573472,-0.26820630414113383,0.16171448493640034,-0.21213204,0.21213204,4
193,-0.47398080124259,1.2327298772573472,-0.26820630414113383,0.16171448493640034,-0.24053600410223008,1.2560691082954407,0.2452844053593899,0.0007298181726545128,0.3,0.0,3
194,-0.24053600410223008,1.2560691082954407,0.2452844053593899,0.0007298181726545128,-0.18938650622069836,1.4887340029001237,0.016967195058216568,0.31479727956504083,0.0,0.3,5
195,-0.18938650622069836,1.4887340029001237,0.016967195058216568,0.31479727956504083,-0.1814452632457018,1.2785066890716554,-0.00175421902051491,-0.29957406592031544,0.0,-0.3,1
196,-0.1814452632457018,1.2785066890716554,-0.00175421902051491,-0.29957406592031544,-0.1825742349624634,1.2408595877170563,5.44898173161881e-05,3.231993409932282e-05,0.0,0.0,0
197,-0.1825742349624634,1.2408595877170563,5.44898173161881e-05,3.231993409932282e-05,0.057364827358722684,1.3636248749971391,0.27573876005736064,0.12752471516354974,0.21213204,0.21213204,6
198,0.057364827358722684,1.3636248749971391,0.27573876005736064,0.12752471516354974,0.11250827248096468,1.1281499083518982,-0.0017373781247945017,-0.3028681278028672,0.0,-0.3,1
199,0.11250827248096468,1.1281499083518982,-0.0017373781247945017,-0.3028681278028672,0.11195583294779063,1.0942610226392746,9.031499188703955e-05,0.0001289215671208435,0.0,0.0,0
200,0.11195583294779063,1.0942610226392746,9.031499188703955e-05,0.0001289215671208435,-0.12752690376043319,0.9678359012484551,-0.2737702990644913,-0.15130976725565554,-0.21213204,-0.21213204,2
201,-0.12752690376043319,0.9678359012484551,-0.2737702990644913,-0.15130976725565554,0.05987479924485088,1.0768532473802568,0.2810651643095812,0.15501573989298595,0.21213204,0.21213204,6
202,0.05987479924485088,1.0768532473802568,0.2810651643095812,0.15501573989298595,-0.17267318106889726,1.0996454759836198,-0.2733490452236795,-1.9155827991797062e-05,-0.3,0.0,7
203,-0.17267318106889726,1.0996454759836198,-0.2733490452236795,-1.9155827991797062e-05,0.005800663602934219,1.219498596763611,0.2727372614597356,0.14161558271428631,0.21213204,0.21213204,6
204,0.005800663602934219,1.219498596763611,0.2727372614597356,0.14161558271428631,-0.22550272915363312,1.2425445333957672,-0.26972778275106596,-0.0035670543472836385,-0.3,0.0,7
205,-0.22550272915363312,1.2425445333957672,-0.26972778275106596,-0.0035670543472836385,-0.03542023113779724,1.1184567568302155,0.28495598870839256,-0.14588078254753362,0.21213204,-0.21213204,8
206,-0.03542023113779724,1.1184567568302155,0.28495598870839256,-0.14588078254753362,0.24852480184435846,0.9783485518217088,0.2736889591763979,-0.14312437178363374,0.21213204,-0.21213204,8
207,0.24852480184435846,0.9783485518217088,0.2736889591763979,-0.14312437178363374,0.2713388325929642,1.214056053853035,-0.022468108854694076,0.29505763594043616,0.0,0.3,5
208,0.2713388325929642,1.214056053853035,-0.022468108854694076,0.29505763594043616,0.03262643190324307,1.1200864103078843,-0.28388178300424594,-0.1583172017614109,-0.21213204,-0.21213204,2
209,0.03262643190324307,1.1200864103078843,-0.28388178300424594,-0.1583172017614109,-0.020714295805990695,1.3447754482984544,0.0004634775311370202,0.2786865086115221,0.0,0.3,5
210,-0.020714295805990695,1.3447754482984544,0.0004634775311370202,0.2786865086115221,-0.24430901539027694,1.240348636651039,-0.2606542878090422,-0.14783110764747584,-0.21213204,-0.21213204,2
211,-0.24430901539027694,1.240348636651039,-0.2606542878090422,-0.14783110764747584,-0.055609115273505455,1.342022752428055,0.2768794880674579,0.12948507294543146,0.21213204,0.21213204,6
212,-0.055609115273505455,1.342022752428055,0.2768794880674579,0.12948507294543146,-0.014915135728754103,1.6117710930109026,0.007116873369802334,0.30430914276317544,0.0,0.3,5
213,-0.014915135728754103,1.6117710930109026,0.007116873369802334,0.30430914276317544,0.0005642189784790389,1.9236267929553987,0.017266016347013313,0.332361645206445,0.0,0.3,5
214,0.0005642189784790389,1.9236267929553987,0.017266016347013313,0.332361645206445,-0.25477065747082234,1.9616888551950458,-0.2793749793861003,0.004719042557556986,-0.3,0.0,7
215,-0.25477065747082234,1.9616888551950458,-0.2793749793861003,0.004719042557556986,-0.5257240866422652,2.102177582359314,-0.2883407284723039,0.15829539783042096,-0.21213204,0.21213204,4
216,-0.5257240866422652,2.102177582359314,-0.2883407284723039,0.15829539783042096,-0.5650023168087006,2.117325648069382,-0.00048421443744221034,-0.00037152983959893985,0.0,0.0,0
217,-0.5650023168087006,2.117325648069382,-0.00048421443744221034,-0.00037152983959893985,-0.28508794013261796,2.1201336175441745,0.2885245123380724,0.00037856422262090285,0.3,0.0,3
218,-0.28508794013261796,2.1201336175441745,0.2885245123380724,0.00037856422262090285,0.0022939222844317554,1.9789405442953112,0.2824758672786896,-0.12494622172312748,0.21213204,-0.21213204,8
219,0.0022939222844317554,1.9789405442953112,0.2824758672786896,-0.12494622172312748,0.3060230226933957,1.9706110279798508,0.31021397218145297,0.008782400591946288,0.3,0.0,3
220,0.3060230226933957,1.9706110279798508,0.31021397218145297,0.008782400591946288,0.1171438592851162,2.092589976167679,-0.2761098963346662,0.13131339196119052,-0.21213204,0.21213204,4
221,0.1171438592851162,2.092589976167679,-0.2761098963346662,0.13131339196119052,0.31728848713040353,1.9816907301664353,0.2903426775590427,-0.13631591284296957,0.21213204,-0.21213204,8
222,0.31728848713040353,1.9816907301664353,0.2903426775590427,-0.13631591284296957,0.6207375464200974,1.9728354642629624,0.30487734557634666,0.001524839368297975,0.3,0.0,3
223,0.6207375464200974,1.9728354642629624,0.30487734557634666,0.001524839368297975,0.9236324221372605,1.979580874633789,0.29741518745898493,0.010685621013416387,0.3,0.0,3
224,0.9236324221372605,1.979580874633789,0.29741518745898493,0.010685621013416387,0.6955189625382424,1.9812504441976548,-0.25711205864704034,0.0006573135183690303,-0.3,0.0,7
225,0.6955189625382424,1.9812504441976548,-0.25711205864704034,0.0006573135183690303,0.8822575929284096,2.122320988082886,0.30595916348459623,0.16060430225033565,0.21213204,0.21213204,6
226,0.8822575929284096,2.122320988082886,0.30595916348459623,0.16060430225033565,0.7026065890192985,2.022729097223282,-0.2716731156627097,-0.16923170213486305,-0.21213204,-0.21213204,2
227,0.7026065890192985,2.022729097223282,-0.2716731156627097,-0.16923170213486305,0.6894497680306435,1.7469067583560944,0.003587709839826475,-0.2990377061677826,0.0,-0.3,1
228,0.6894497680306435,1.7469067583560944,0.003587709839826475,-0.2990377061677826,0.9282179380774499,1.5813788715362551,0.2915774278319326,-0.1253935548300336,0.21213204,-0.21213204,8
229,0.9282179380774499,1.5813788715362551,0.2915774278319326,-0.1253935548300336,1.219341552233696,1.4485009983301165,0.3033233280608297,-0.1404528299682699,0.21213204,-0.21213204,8
230,1.219341552233696,1.4485009983301165,0.3033233280608297,-0.1404528299682699,1.2655892234802246,1.6947886390924456,0.009539278956642618,0.3279911586536109,0.0,0.3,5
231,1.2655892234802246,1.6947886390924456,0.009539278956642618,0.3279911586536109,1.2681757130146027,1.7303636293411258,-0.0003184075617360309,0.001942342860005454,0.0,0.0,0
232,1.2681757130146027,1.7303636293411258,-0.0003184075617360309,0.001942342860005454,1.2713275540828706,1.490765963459015,0.004013025411872727,-0.2857071608358286,0.0,-0.3,1
233,1.2713275540828706,1.490765963459015,0.004013025411872727,-0.2857071608358286,1.0372735767602923,1.5906843598604203,-0.2784012446374554,0.15325386496732368,-0.21213204,0.21213204,4
234,1.0372735767602923,1.5906843598604203,-0.2784012446374554,0.15325386496732368,1.2717172904014589,1.619714655017853,0.24290558296549813,0.00909661229152144,0.3,0.0,3
235,1.2717172904014589,1.619714655017853,0.24290558296549813,0.00909661229152144,1.3229261425495147,1.3827523028612139,-0.0009412983017812847,-0.30535566487316534,0.0,-0.3,1
236,1.3229261425495147,1.3827523028612139,-0.0009412983017812847,-0.30535566487316534,1.320176629281044,1.6021208683013917,0.00938060615036146,0.3054520132706977,0.0,0.3,5
237,1.320176629281044,1.6021208683013917,0.00938060615036146,0.3054520132706977,1.3303388368844986,1.9125111810445787,0.013114562239913117,0.29149805800662576,0.0,0.3,5
238,1.3303388368844986,1.9125111810445787,0.013114562239913117,0.29149805800662576,1.5651884997606278,2.099172808504105,0.2828729507945544,0.15545227284247468,0.21213204,0.21213204,6
239,1.5651884997606278,2.099172808504105,0.2828729507945544,0.15545227284247468,1.333685643386841,2.1233592699527737,-0.2570488785620736,0.0008177714363262262,-0.3,0.0,7
240,1.333685643386841,2.1233592699527737,-0.2570488785620736,0.0008177714363262262,1.5688596810102464,2.1266052222251894,0.2615836201818282,0.00910242181285561,0.3,0.0,3
241,1.5688596810102464,2.1266052222251894,0.2615836201818282,0.00910242181285561,1.3389944592714311,2.1272525766849517,-0.2676756659289101,-0.0005805688418907837,-0.3,0.0,7
242,1.3389944592714311,2.1272525766849517,-0.2676756659289101,-0.0005805688418907837,1.5285224121809007,2.004583283996582,0.3110001545659511,-0.15129810252579803,0.21213204,-0.21213204,8
243,1.5285224121809007,2.004583283996582,0.3110001545659511,-0.15129810252579803,1.5577067663669588,1.9909259927272798,-0.0006842665767845142,0.0006297609733566256,0.0,0.0,0
244,1.5577067663669588,1.9909259927272798,-0.0006842665767845142,0.0006297609733566256,1.320294725036621,1.8644026974201204,-0.2757444465056066,-0.14155926925862763,-0.21213204,-0.21213204,2
245,1.320294725036621,1.8644026974201204,-0.2757444465056066,-0.14155926925862763,1.5187744420289995,1.7216785131454468,0.2936773696142774,-0.14375036962941856,0.21213204,-0.21213204,8
246,1.5187744420289995,1.7216785131454468,0.2936773696142774,-0.14375036962941856,1.2908640111923217,1.700416333556175,-0.26900387024743516,-0.0010317741693138356,-0.3,0.0,7
247,1.2908640111923217,1.700416333556175,-0.26900387024743516,-0.0010317741693138356,1.2474909502744675,1.701389712238312,-0.000437166035853813,-0.0001796671944048781,0.0,0.0,0
248,1.2474909502744675,1.701389712238312,-0.000437166035853813,-0.0001796671944048781,1.2475401694774628,1.7013608233213429,0.000995418605744145,-0.0014595901704774735,0.0,0.0,0
249,1.2475401694774628,1.7013608233213429,0.000995418605744145,-0.0014595901704774735,1.5255416651487352,1.703912922477722,0.3000205759101563,-0.0040147305824506626,0.3,0.0,3
250,1.5255416651487352,1.703912922477722,0.3000205759101563,-0.0040147305824506626,1.3386296746969222,1.8277776562929156,-0.2758905972517004,0.1462717813830845,-0.21213204,0.21213204,4
251,1.3386296746969222,1.8277776562929156,-0.2758905972517004,0.1462717813830845,1.050095695567131,1.8441167980909348,-0.2837438483474469,0.0004846789576572979,-0.3,0.0,7
252,1.050095695567131,1.8441167980909348,-0.2837438483474469,0.0004846789576572979,1.0072888284206392,2.0970639902591706,0.004395443703575316,0.31168981439772697,0.0,0.3,5
253,1.0072888284206392,2.0970639902591706,0.004395443703575316,0.31168981439772697,1.272669703960419,2.14295676112175,0.269664545692807,0.0016229948040947875,0.3,0.0,3
254,1.272669703960419,2.14295676112175,0.269664545692807,0.0016229948040947875,1.3333324481725695,1.9049621229171751,0.016633997731908094,-0.27918210182051717,0.0,-0.3,1
255,1.3333324481725695,1.9049621229171751,0.016633997731908094,-0.27918210182051717,1.0763125098466875,1.8744493515729905,-0.25950283376011735,0.004307163727109437,-0.3,0.0,7
256,1.0763125098466875,1.8744493515729905,-0.25950283376011735,0.004307163727109437,1.2649604453086853,1.7606818536281588,0.2925062939856032,-0.12450956394285866,0.21213204,-0.21213204,8
257,1.2649604453086853,1.7606818536281588,0.2925062939856032,-0.12450956394285866,1.3064111767768862,1.7476435618638995,-0.0003240914309973215,0.00013474897642397533,0.0,0.0,0
258,1.3064111767768862,1.7476435618638995,-0.0003240914309973215,0.00013474897642397533,1.5426172115802765,1.8815522461891174,0.28599875155389476,0.151287183068493,0.21213204,0.21213204,6
259,1.5426172115802765,1.8815522461891174,0.28599875155389476,0.151287183068493,1.578609018754959,1.897687088108063,-0.0007480566438533442,1.7303071880918044e-05,0.0,0.0,0
260,1.578609018754959,1.897687088108063,-0.0007480566438533442,1.7303071880918044e-05,1.3094080881118775,1.898985905623436,-0.2572096733708354,0.006749878592309625,-0.3,0.0,7
261,1.3094080881118775,1.898985905623436,-0.2572096733708354,0.006749878592309625,1.4912029074430466,1.7810534502267839,0.27666852578323287,-0.13558435175843073,0.21213204,-0.21213204,8
262,1.4912029074430466,1.7810534502267839,0.27666852578323287,-0.13558435175843073,1.3035741660118105,1.8841569474697113,-0.2733429869627508,0.14163364853162216,-0.21213204,0.21213204,4
263,1.3035741660118105,1.8841569474697113,-0.2733429869627508,0.14163364853162216,1.0137142527341843,1.9016580880880358,-0.292450689364608,0.000809129800001336,-0.3,0.0,7
264,1.0137142527341843,1.9016580880880358,-0.292450689364608,0.000809129800001336,0.7578603292226792,1.7678621760845186,-0.2729347016229758,-0.157206976404562,-0.21213204,-0.21213204,2
265,0.7578603292226792,1.7678621760845186,-0.2729347016229758,-0.157206976404562,0.492252051872015,1.6165648633718492,-0.2823940928992049,-0.14689764883023063,-0.21213204,-0.21213204,2
266,0.492252051872015,1.6165648633718492,-0.2823940928992049,-0.14689764883023063,0.4455799403667451,1.8584309513092043,0.018922041463321618,0.3068060073933526,0.0,0.3,5
267,0.4455799403667451,1.8584309513092043,0.018922041463321618,0.3068060073933526,0.6783643317818642,1.763856893706322,0.2895465674698839,-0.15193086839379255,0.21213204,-0.21213204,8
268,0.6783643317818642,1.763856893706322,0.2895465674698839,-0.15193086839379255,0.7131014421463013,1.493172160744667,0.012850404272366164,-0.29407206212497167,0.0,-0.3,1
269,0.7131014421463013,1.493172160744667,0.012850404272366164,-0.29407206212497167,0.4743059540390968,1.3164533448696136,-0.30243644482431464,-0.14844842074294473,-0.21213204,-0.21213204,2
270,0.4743059540390968,1.3164533448696136,-0.30243644482431464,-0.14844842074294473,0.409416665494442,1.555077936601639,0.006167587488238101,0.3253526831972369,0.0,0.3,5
271,0.409416665494442,1.555077936601639,0.006167587488238101,0.3253526831972369,0.6370969689249992,1.75644912211895,0.30826410279556216,0.1696374157580805,0.21213204,0.21213204,6
272,0.6370969689249992,1.75644912211895,0.30826410279556216,0.1696374157580805,0.46556148910522466,1.650463439369202,-0.2650453634805338,-0.13705357829692888,-0.21213204,-0.21213204,2
273,0.46556148910522466,1.650463439369202,-0.2650453634805338,-0.13705357829692888,0.6635802399516106,1.7747051234245304,0.300862488165503,0.16840935936927895,0.21213204,0.21213204,6
274,0.6635802399516106,1.7747051234245304,0.300862488165503,0.16840935936927895,0.48360329684019093,1.9336056644678117,-0.26605412004281964,0.14908082686214125,-0.21213204,0.21213204,4
275,0.48360329684019093,1.9336056644678117,-0.26605412004281964,0.14908082686214125,0.19706551790833474,1.948351911640167,-0.2801226591082598,0.0005899493825741833,-0.3,0.0,7
276,0.19706551790833474,1.948351911640167,-0.2801226591082598,0.0005899493825741833,0.3818570592820644,2.076568660211563,0.2721929685961176,0.15198595766364248,0.21213204,0.21213204,6
277,0.3818570592820644,2.076568660211563,0.2721929685961176,0.15198595766364248,0.4450313677072525,1.8411545967817307,0.003967626378661165,-0.28998900539204003,0.0,-0.3,1
278,0.4450313677072525,1.8411545967817307,0.003967626378661165,-0.28998900539204003,0.23233358274996282,1.667839796733856,-0.2532680586125302,-0.13524335340457774,-0.21213204,-0.21213204,2
279,0.23233358274996282,1.667839796733856,-0.2532680586125302,-0.13524335340457774,0.19758504458963871,1.9048201966762541,0.02249406654661839,0.3096730904282611,0.0,0.3,5
280,0.19758504458963871,1.9048201966762541,0.02249406654661839,0.3096730904282611,0.2091265242159367,2.202842597913742,0.009833456756996003,0.29402862955740927,0.0,0.3,5
281,0.2091265242159367,2.202842597913742,0.009833456756996003,0.29402862955740927,0.4791670493960381,2.245570352125168,0.280171336302922,0.0026485802297913975,0.3,0.0,3
282,0.4791670493960381,2.245570352125168,0.280171336302922,0.0026485802297913975,0.7852072592020035,2.2515387314319613,0.31711111287143745,0.010407005014761472,0.3,0.0,3
283,0.7852072592020035,2.2515387314319613,0.31711111287143745,0.010407005014761472,0.843999342083931,2.0185511472702027,0.01305237036040105,-0.281987258271252,0.0,-0.3,1
284,0.843999342083931,2.0185511472702027,0.01305237036040105,-0.281987258271252,0.6284661195755005,1.8465338651180268,-0.24109108657611342,-0.12273654782790569,-0.21213204,-0.21213204,2
285,0.6284661195755005,1.8465338651180268,-0.24109108657611342,-0.12273654782790569,0.5865025690317154,1.8320044551610946,-6.7575976216304e-05,2.0725211977397904e-05,0.0,0.0,0
286,0.5865025690317154,1.8320044551610946,-6.7575976216304e-05,2.0725211977397904e-05,0.36054658446311955,1.7027729346752167,-0.25180467247640753,-0.14057137087909138,-0.21213204,-0.21213204,2
287,0.36054658446311955,1.7027729346752167,-0.25180467247640753,-0.14057137087909138,0.5578432323694229,1.5622423920154573,0.29362840526704703,-0.1357730088824562,0.21213204,-0.21213204,8
288,0.5578432323694229,1.5622423920154573,0.29362840526704703,-0.1357730088824562,0.5968942999243737,1.547242042517662,0.0005051669409107042,-0.00023528001840455691,0.0,0.0,0
289,0.5968942999243737,1.547242042517662,0.0005051669409107042,-0.00023528001840455691,0.5868381289958954,1.2950669905900956,-0.019481518639634564,-0.2888081742945891,0.0,-0.3,1
290,0.5868381289958954,1.2950669905900956,-0.019481518639634564,-0.2888081742945891,0.8412740162968635,1.2605780214309692,0.24668319276330972,0.0028568631213316442,0.3,0.0,3
291,0.8412740162968635,1.2605780214309692,0.24668319276330972,0.0028568631213316442,0.6555317883729935,1.1353076863765716,-0.30287289014386204,-0.14583630359984912,-0.21213204,-0.21213204,2
292,0.6555317883729935,1.1353076863765716,-0.30287289014386204,-0.14583630359984912,0.8386344243168832,0.9885472169399262,0.2777862250381941,-0.14693252210223517,0.21213204,-0.21213204,8
293,0.8386344243168832,0.9885472169399262,0.2777862250381941,-0.14693252210223517,0.6099299450039865,0.9565720627188683,-0.24993793666189662,-0.0017598355255320436,-0.3,0.0,7
294,0.6099299450039865,0.9565720627188683,-0.24993793666189662,-0.0017598355255320436,0.7838332718968393,1.0778076905727387,0.28152394939661285,0.16357666448784866,0.21213204,0.21213204,6
295,0.7838332718968393,1.0778076905727387,0.28152394939661285,0.16357666448784866,0.800174074137211,1.3408524367570878,-0.028610761467623584,0.30496278999300663,0.0,0.3,5
296,0.800174074137211,1.3408524367570878,-0.028610761467623584,0.30496278999300663,1.0165152631998065,1.2445169152498246,0.291060456796313,-0.16256050673042077,0.21213204,-0.21213204,8
297,1.0165152631998065,1.2445169152498246,0.291060456796313,-0.16256050673042077,0.819183542907238,1.339626246881485,-0.29208607176750917,0.14802343652625885,-0.21213204,0.21213204,4
298,0.819183542907238,1.339626246881485,-0.29208607176750917,0.14802343652625885,1.0444586637735367,1.3622388402462007,0.24468247040933788,0.0033730220037837344,0.3,0.0,3
299,1.0444586637735367,1.3622388402462007,0.24468247040933788,0.0033730220037837344,0.8640631728529931,1.238531043958664,-0.2901721080322177,-0.15683377945674382,-0.21213204,-0.21213204,2
300,0.8640631728529931,1.238531043958664,-0.2901721080322177,-0.15683377945674382,0.791206262087822,1.464676756668091,-0.021749958309223983,0.3136653468305734,0.0,0.3,5
301,0.791206262087822,1.464676756668091,-0.021749958309223983,0.3136653468305734,1.0543529047727584,1.508353579378128,0.2674707595737859,0.01137413744884744,0.3,0.0,3
302,1.0543529047727584,1.508353579378128,0.2674707595737859,0.01137413744884744,0.8701940345048904,1.3904450708627702,-0.3055339000921339,-0.15253686622863882,-0.21213204,-0.21213204,2
303,0.8701940345048904,1.3904450708627702,-0.3055339000921339,-0.15253686622863882,1.0959021116018295,1.3671767889499664,0.2471352328902995,0.0036790547652113623,0.3,0.0,3
304,1.0959021116018295,1.3671767889499664,0.2471352328902995,0.0036790547652113623,1.3656278967380526,1.2177666459560395,0.28506267132350893,-0.1485627286188007,0.21213204,-0.21213204,8
305,1.3656278967380526,1.2177666459560395,0.28506267132350893,-0.1485627286188007,1.667481121659279,1.204401262497902,0.30678464926748544,0.004789875532648863,0.3,0.0,3
306,1.667481121659279,1.204401262497902,0.30678464926748544,0.004789875532648863,1.709308883213997,1.2050592239618303,4.44422100243188e-05,-0.0001368861608594248,0.0,0.0,0
307,1.709308883213997,1.2050592239618303,4.44422100243188e-05,-0.0001368861608594248,1.9580377418518067,1.0796808150529862,0.28014521950455823,-0.15124530040584075,0.21213204,-0.21213204,8
308,1.9580377418518067,1.0796808150529862,0.28014521950455823,-0.15124530040584075,2.2506007792949676,0.9368553619503976,0.28145291308968295,-0.1411426617120854,0.21213204,-0.21213204,8
309,2.2506007792949676,0.9368553619503976,0.28145291308968295,-0.1411426617120854,2.0684642882823945,0.7956133486032486,-0.2748456598687156,-0.1351480631765876,-0.21213204,-0.21213204,2
310,2.0684642882823945,0.7956133486032486,-0.2748456598687156,-0.1351480631765876,1.8059402289628985,0.9226132862329484,-0.2660532005372757,0.15097843634240332,-0.21213204,0.21213204,4
311,1.8059402289628985,0.9226132862329484,-0.2660532005372757,0.15097843634240332,2.040521011352539,0.9496200544714929,0.23000758836249693,-0.0030022824889437516,0.3,0.0,3
312,2.040521011352539,0.9496200544714929,0.23000758836249693,-0.0030022824889437516,2.100883449649811,0.7102144799113275,0.006711268177038169,-0.28999661102103447,0.0,-0.3,1
313,2.100883449649811,0.7102144799113275,0.006711268177038169,-0.28999661102103447,2.106135668992996,0.9217682349205018,0.012770419801461704,0.28805021673493364,0.0,0.3,5
314,2.106135668992996,0.9217682349205018,0.012770419801461704,0.28805021673493364,1.8474932661533356,0.9545161507844926,-0.2522195426464736,-0.004054982735809743,-0.3,0.0,7
315,1.8474932661533356,0.9545161507844926,-0.2522195426464736,-0.004054982735809743,1.5843746944904329,0.8159124193668367,-0.28413163719052403,-0.14477121010730848,-0.21213204,-0.21213204,2
316,1.5843746944904329,0.8159124193668367,-0.28413163719052403,-0.14477121010730848,1.525417809057236,1.0275842643976212,-7.485146112029976e-05,0.2743935525812523,0.0,0.3,5
317,1.525417809057236,1.0275842643976212,-7.485146112029976e-05,0.2743935525812523,1.7662736904382705,1.2055897683382035,0.2971339165004474,0.15260069800578221,0.21213204,0.21213204,6
318,1.7662736904382705,1.2055897683382035,0.2971339165004474,0.15260069800578221,1.5488388610839845,1.2307240583181382,-0.24135008102075778,-0.00837763084194403,-0.3,0.0,7
319,1.5488388610839845,1.2307240583181382,-0.24135008102075778,-0.00837763084194403,1.2803512575149536,1.364797126889229,-0.2969840804621649,0.1459461917506049,-0.21213204,0.21213204,4
320,1.2803512575149536,1.364797126889229,-0.2969840804621649,0.1459461917506049,0.9998274525284767,1.5106695372581482,-0.289309280738084,0.15390990709767674,-0.21213204,0.21213204,4
321,0.9998274525284767,1.5106695372581482,-0.289309280738084,0.15390990709767674,0.7454777691483498,1.3801998873710632,-0.28893304494209715,-0.14408253180214836,-0.21213204,-0.21213204,2
322,0.7454777691483498,1.3801998873710632,-0.28893304494209715,-0.14408253180214836,0.7064978490233422,1.3649653137922286,-0.0009888583440499595,0.0006790489555800395,0.0,0.0,0
323,0.7064978490233422,1.3649653137922286,-0.0009888583440499595,0.0006790489555800395,0.43060948552489287,1.3638722603559497,-0.27629103120963816,-0.0021995908644122358,-0.3,0.0,7
324,0.43060948552489287,1.3638722603559497,-0.27629103120963816,-0.0021995908644122358,0.1536623415440321,1.503536839580536,-0.27409904684100966,0.14266362846007846,-0.21213204,0.21213204,4
325,0.1536623415440321,1.503536839580536,-0.27409904684100966,0.14266362846007846,-0.13845403153300287,1.5181939040899275,-0.301700611228271,0.0005256349001338766,-0.3,0.0,7
326,-0.13845403153300287,1.5181939040899275,-0.301700611228271,0.0005256349001338766,0.04699426929280163,1.393719620847702,0.2797360994215438,-0.1603038368297284,0.21213204,-0.21213204,8
327,0.04699426929280163,1.393719620847702,0.2797360994215438,-0.1603038368297284,0.09957060017138719,1.6225195220232012,0.0077705636381260905,0.29988211629921935,0.0,0.3,5
328,0.09957060017138719,1.6225195220232012,0.0077705636381260905,0.29988211629921935,0.37064276734590534,1.665911241054535,0.26663305807809956,0.006289650522128059,0.3,0.0,3
329,0.37064276734590534,1.665911241054535,0.26663305807809956,0.006289650522128059,0.647106704556942,1.8289314742803575,0.27806581459759355,0.1583716829147457,0.21213204,0.21213204,6
330,0.647106704556942,1.8289314742803575,0.27806581459759355,0.1583716829147457,0.9495063148021698,1.8504464267730714,0.3089963906351294,0.00907614072692318,0.3,0.0,3
331,0.9495063148021698,1.8504464267730714,0.3089963906351294,0.00907614072692318,1.2523671386957167,1.858076646065712,0.30133580369992724,0.0062148300738042676,0.3,0.0,3
332,1.2523671386957167,1.858076646065712,0.30133580369992724,0.0062148300738042676,1.2938481973171234,1.8590529568433762,0.0001119190474934063,-1.384822771029419e-05,0.0,0.0,0
333,1.2938481973171234,1.8590529568433762,0.0001119190474934063,-1.384822771029419e-05,1.0567767572402953,1.740845211315155,-0.2735627117638398,-0.12717574860744635,-0.21213204,-0.21213204,2
334,1.0567767572402953,1.740845211315155,-0.2735627117638398,-0.12717574860744635,0.7934790966153145,1.8678549507379534,-0.26934036369877784,0.15144039091439504,-0.21213204,0.21213204,4
335,0.7934790966153145,1.8678549507379534,-0.26934036369877784,0.15144039091439504,0.7541045989871025,1.884131625723839,-0.00012115404077270208,-1.785059510711346e-05,0.0,0.0,0
336,0.7541045989871025,1.884131625723839,-0.00012115404077270208,-1.785059510711346e-05,0.5218745066642761,1.7495195100545884,-0.2530361177386434,-0.14755333853042732,-0.21213204,-0.21213204,2
337,0.5218745066642761,1.7495195100545884,-0.2530361177386434,-0.14755333853042732,0.4979736859381199,1.4867105658769608,-0.009915221280965053,-0.2789359871399697,0.0,-0.3,1
338,0.4979736859381199,1.4867105658769608,-0.009915221280965053,-0.2789359871399697,0.4921616261124611,1.7136081683397295,0.015728993691947944,0.32372345206160613,0.0,0.3,5
339,0.4921616261124611,1.7136081683397295,0.015728993691947944,0.32372345206160613,0.49870389022231104,1.7550410581827165,-7.427506015115912e-06,-2.1018160074870298e-05,0.0,0.0,0
340,0.49870389022231104,1.7550410581827165,-7.427506015115912e-06,-2.1018160074870298e-05,0.49874812507629396,1.7550451708078385,0.00022331220528778843,0.00022131474452496264,0.0,0.0,0
341,0.49874812507629396,1.7550451708078385,0.00022331220528778843,0.00022131474452496264,0.23419134994149207,1.7575039779424668,-0.2674988131107968,-0.0009636395456909242,-0.3,0.0,7
342,0.23419134994149207,1.7575039779424668,-0.2674988131107968,-0.0009636395456909242,0.19704191455543044,1.522096354317665,0.012897709251856158,-0.30104139895434384,0.0,-0.3,1
343,0.19704191455543044,1.522096354317665,0.012897709251856158,-0.30104139895434384,-0.061004938753694296,1.4845698997974397,-0.26699843996511413,-0.005683046654486359,-0.3,0.0,7
344,-0.061004938753694296,1.4845698997974397,-0.26699843996511413,-0.005683046654486359,0.16739050664305688,1.4857022506952287,0.2398419646009035,0.00641235275774889,0.3,0.0,3
345,0.16739050664305688,1.4857022506952287,0.2398419646009035,0.00641235275774889,-0.014562303580529987,1.3600990771293642,-0.27748431732926887,-0.14863541304551064,-0.21213204,-0.21213204,2
346,-0.014562303580529987,1.3600990771293642,-0.27748431732926887,-0.14863541304551064,-0.3063055071473122,1.3395960217475893,-0.2940494821268039,-0.009797076746316075,-0.3,0.0,7
347,-0.3063055071473122,1.3395960217475893,-0.2940494821268039,-0.009797076746316075,-0.5965600794434549,1.3420511471986771,-0.29095855636076434,-0.002228068475502385,-0.3,0.0,7
348,-0.5965600794434549,1.3420511471986771,-0.29095855636076434,-0.002228068475502385,-0.8874460610747339,1.3448228650569916,-0.2925649822711672,0.0010323060303946406,-0.3,0.0,7
349,-0.8874460610747339,1.3448228650569916,-0.2925649822711672,0.0010323060303946406,-0.6550537410020828,1.3482835503339767,0.24015031468670192,0.005213000723262355,0.3,0.0,3
350,-0.6550537410020828,1.3482835503339767,0.24015031468670192,0.005213000723262355,-0.8272532754898072,1.2348507192850113,-0.2602285349821931,-0.14575743267530766,-0.21213204,-0.21213204,2
351,-0.8272532754898072,1.2348507192850113,-0.2602285349821931,-0.14575743267530766,-0.6377010287761687,1.3447624716997146,0.29355324487597234,0.15517430732711976,0.21213204,0.21213204,6
352,-0.6377010287761687,1.3447624716997146,0.29355324487597234,0.15517430732711976,-0.5731613067865372,1.1254655292272568,0.028380267464132518,-0.2923628221809682,0.0,-0.3,1
353,-0.5731613067865372,1.1254655292272568,0.028380267464132518,-0.2923628221809682,-0.5685820874214172,1.0882665565729142,8.064922494607393e-05,0.00016369504506288162,0.0,0.0,0
354,-0.5685820874214172,1.0882665565729142,8.064922494607393e-05,0.00016369504506288162,-0.29277284803986553,1.0873309813976288,0.2607208850702842,3.0307212326885925e-06,0.3,0.0,3
355,-0.29277284803986553,1.0873309813976288,0.2607208850702842,3.0307212326885925e-06,-0.027231627025827765,1.2299818774700164,0.27710939355395714,0.14460229091395174,0.21213204,0.21213204,6
356,-0.027231627025827765,1.2299818774700164,0.27710939355395714,0.14460229091395174,0.006361237460747361,1.2446485145568849,0.0014771109071549725,-0.004149467962946187,0.0,0.0,0
357,0.006361237460747361,1.2446485145568849,0.0014771109071549725,-0.004149467962946187,-0.2313693988889456,1.110266311454773,-0.2681725772688244,-0.16098501419902364,-0.21213204,-0.21213204,2
358,-0.2313693988889456,1.110266311454773,-0.2681725772688244,-0.16098501419902364,-0.001189657973870635,1.083942142510414,0.242175953302802,-0.0019768311807849474,0.3,0.0,3
359,-0.001189657973870635,1.083942142510414,0.242175953302802,-0.0019768311807849474,-0.1906082601130009,1.2058338172674181,-0.2934810006419226,0.13522754615986854,-0.21213204,0.21213204,4
360,-0.1906082601130009,1.2058338172674181,-0.2934810006419226,0.13522754615986854,-0.46107367216944695,1.3493406833171846,-0.2667012500901139,0.15922121417988438,-0.21213204,0.21213204,4
361,-0.46107367216944695,1.3493406833171846,-0.2667012500901139,0.15922121417988438,-0.733073421728611,1.505721692633629,-0.28444527255160607,0.15294913119083467,-0.21213204,0.21213204,4
362,-0.733073421728611,1.505721692633629,-0.28444527255160607,0.15294913119083467,-0.7721177242279053,1.2969847834587096,0.014164407332947373,-0.27274844532566317,0.0,-0.3,1
363,-0.7721177242279053,1.2969847834587096,0.014164407332947373,-0.27274844532566317,-1.0314407940387726,1.2617889453172686,-0.25689478777874764,-0.005049213926924588,-0.3,0.0,7
364,-1.0314407940387726,1.2617889453172686,-0.25689478777874764,-0.005049213926924588,-1.298629694199562,1.0970618973493576,-0.2830006099987245,-0.16532247895982338,-0.21213204,-0.21213204,2
365,-1.298629694199562,1.0970618973493576,-0.2830006099987245,-0.16532247895982338,-1.3314823718070985,0.8118035756230355,0.012089764912648947,-0.3039481845379446,0.0,-0.3,1
366,-1.3314823718070985,0.8118035756230355,0.012089764912648947,-0.3039481845379446,-1.545231465959549,0.9062112636208535,-0.266991666589463,0.11877174743026885,-0.21213204,0.21213204,4
367,-1.545231465959549,0.9062112636208535,-0.266991666589463,0.11877174743026885,-1.5788176543951036,1.1625413806915283,0.02190287096430114,0.27772338533979724,0.0,0.3,5
368,-1.5788176543951036,1.1625413806915283,0.02190287096430114,0.27772338533979724,-1.8357826591253281,1.1938425843477252,-0.2592582001429044,-0.0014937529198488528,-0.3,0.0,7
369,-1.8357826591253281,1.1938425843477252,-0.2592582001429044,-0.0014937529198488528,-1.6096560519218444,1.1954632961750031,0.21954755387284042,0.005930924367066047,0.3,0.0,3
370,-1.6096560519218444,1.1954632961750031,0.21954755387284042,0.005930924367066047,-1.832019619345665,1.1943037649869919,-0.23529382635475754,-0.020494353281921528,-0.3,0.0,7
371,-1.832019619345665,1.1943037649869919,-0.23529382635475754,-0.020494353281921528,-1.8767058658599853,1.4469552535057069,0.00873926605858038,0.3017176561319465,0.0,0.3,5
372,-1.8767058658599853,1.4469552535057069,0.00873926605858038,0.3017176561319465,-1.6117242075681688,1.4788284853219986,0.24261722161201674,-0.009121695321962586,0.3,0.0,3
373,-1.6117242075681688,1.4788284853219986,0.24261722161201674,-0.009121695321962586,-1.547464176774025,1.2229140216112138,0.00226852929636711,-0.31585250408473475,0.0,-0.3,1
374,-1.547464176774025,1.2229140216112138,0.00226852929636711,-0.31585250408473475,-1.5295996992349625,0.9157845025777818,0.0399514819477384,-0.31075070571131974,0.0,-0.3,1
375,-1.5295996992349625,0.9157845025777818,0.0399514819477384,-0.31075070571131974,-1.26009632396698,0.8795955113053322,0.2637194889619564,-0.007347383206633074,0.3,0.0,3
376,-1.26009632396698,0.8795955113053322,0.2637194889619564,-0.007347383206633074,-1.193865491485596,0.6324290316224098,0.016946641223941242,-0.2807633898290052,0.0,-0.3,1
377,-1.193865491485596,0.6324290316224098,0.016946641223941242,-0.2807633898290052,-1.4099199823856354,0.7321886957645417,-0.24950488771413526,0.1507001525370828,-0.21213204,0.21213204,4
378,-1.4099199823856354,0.7321886957645417,-0.24950488771413526,0.1507001525370828,-1.6880453997135163,0.8727146982908248,-0.2737633660018246,0.12150395071852427,-0.21213204,0.21213204,4
379,-1.6880453997135163,0.8727146982908248,-0.2737633660018246,0.12150395071852427,-1.7261865085601809,0.8869175457954408,0.00022895480574824286,-0.0003984272788575454,0.0,0.0,0
380,-1.7261865085601809,0.8869175457954408,0.00022895480574824286,-0.0003984272788575454,-1.9699771178007124,1.0126167717695236,-0.27872000826915877,0.15781027885339166,-0.21213204,0.21213204,4
381,-1.9699771178007124,1.0126167717695236,-0.27872000826915877,0.15781027885339166,-2.2650271600723264,1.0219437487125398,-0.30192610986270346,-0.02673695585040274,-0.3,0.0,7
382,-2.2650271600723264,1.0219437487125398,-0.30192610986270346,-0.02673695585040274,-2.0804480738162994,1.1521155343294143,0.2822265492404891,0.15733271514532807,0.21213204,0.21213204,6
383,-2.0804480738162994,1.1521155343294143,0.2822265492404891,0.15733271514532807,-1.7932739483594895,1.3064552988290787,0.2902002825857751,0.1455772100535943,0.21213204,0.21213204,6
384,-1.7932739483594895,1.3064552988290787,0.2902002825857751,0.1455772100535943,-1.5237608668327334,1.175317308664322,0.27857358250476594,-0.1461278184897431,0.21213204,-0.21213204,8
385,-1.5237608668327334,1.175317308664322,0.27857358250476594,-0.1461278184897431,-1.7021082926988602,1.019828362417221,-0.26278848648825104,-0.16861057544111527,-0.21213204,-0.21213204,2
386,-1.7021082926988602,1.019828362417221,-0.26278848648825104,-0.16861057544111527,-1.743610009741783,1.247550605082512,0.00630380898847083,0.2869083193639273,0.0,0.3,5
387,-1.743610009741783,1.247550605082512,0.00630380898847083,0.2869083193639273,-1.9468476551771166,1.1428195414066316,-0.26906652933041625,-0.15389842757643224,-0.21213204,-0.21213204,2
388,-1.9468476551771166,1.1428195414066316,-0.26906652933041625,-0.15389842757643224,-1.7476098895549776,0.988114267218113,0.2807764627999464,-0.14380798385524263,0.21213204,-0.21213204,8
389,-1.7476098895549776,0.988114267218113,0.2807764627999464,-0.14380798385524263,-1.9305098438024522,1.0908270129680635,-0.26164760587269886,0.14098466136579713,-0.21213204,0.21213204,4
390,-1.9305098438024522,1.0908270129680635,-0.26164760587269886,0.14098466136579713,-1.9687315997600554,1.105417528653145,0.00047186869553438645,-6.790964807610209e-05,0.0,0.0,0
391,-1.9687315997600554,1.105417528653145,0.00047186869553438645,-6.790964807610209e-05,-1.9687102270603183,1.1054246504068375,-0.0003675978054701875,-0.00029924337936401295,0.0,0.0,0
392,-1.9687102270603183,1.1054246504068375,-0.0003675978054701875,-0.00029924337936401295,-2.2075298869132998,0.9683604113221169,-0.26612539572296134,-0.1638288424124717,-0.21213204,-0.21213204,2
393,-2.2075298869132998,0.9683604113221169,-0.26612539572296134,-0.1638288424124717,-1.9813755300045013,0.9381517087221147,0.25231654363532424,-0.01711834833613821,0.3,0.0,3
394,-1.9813755300045013,0.9381517087221147,0.25231654363532424,-0.01711834833613821,-1.9274094693183899,0.6700294329881669,-0.0036833489502609883,-0.31871895814736784,0.0,-0.3,1
395,-1.9274094693183899,0.6700294329881669,-0.0036833489502609883,-0.31871895814736784,-1.9290725101947785,0.6292241591215134,0.002363919510934237,0.002679367242102438,0.0,0.0,0
396,-1.9290725101947785,0.6292241591215134,0.002363919510934237,0.002679367242102438,-1.6578529084682467,0.6237264550089836,0.27712260161732455,-0.013765607874940952,0.3,0.0,3
397,-1.6578529084682467,0.6237264550089836,0.27712260161732455,-0.013765607874940952,-1.5997983859777452,0.860698821926117,0.00848487538183904,0.2991617065342106,0.0,0.3,5
398,-1.5997983859777452,0.860698821926117,0.00848487538183904,0.2991617065342106,-1.827145793962479,1.03096553273201,-0.2735571021707127,0.11553372187211222,-0.21213204,0.21213204,4
399,-1.827145793962479,1.03096553273201,-0.2735571021707127,0.11553372187211222,-1.6358274337768557,0.9223558244228363,0.27207320638744004,-0.1505602829347665,0.21213204,-0.21213204,8
400,-1.6358274337768557,0.9223558244228363,0.27207320638744004,-0.1505602829347665,-1.8632337695837022,0.8962262334942818,-0.23687844960514867,0.002304441082266688,-0.3,0.0,7
401,-1.8632337695837022,0.8962262334942818,-0.23687844960514867,0.002304441082266688,-2.1343493649482728,1.0377615280151369,-0.2817661265021906,0.15001688430233,-0.21213204,0.21213204,4
402,-2.1343493649482728,1.0377615280151369,-0.2817661265021906,0.15001688430233,-1.9479129679203036,0.9255967069625854,0.29127379560727323,-0.161358656932225,0.21213204,-0.21213204,8
403,-1.9479129679203036,0.9255967069625854,0.29127379560727323,-0.161358656932225,-1.8898772959947587,1.1607963773488998,0.013375468222681625,0.31758900400994283,0.0,0.3,5
404,-1.8898772959947587,1.1607963773488998,0.013375468222681625,0.31758900400994283,-1.8763209119558337,1.4652938835859302,0.00850756628234976,0.2823822304625242,0.0,0.3,5
405,-1.8763209119558337,1.4652938835859302,0.00850756628234976,0.2823822304625242,-1.8816502226829532,1.746352406692505,-0.012862308940225123,0.2911512643061777,0.0,0.3,5
406,-1.8816502226829532,1.746352406692505,-0.012862308940225123,0.2911512643061777,-1.6206474869012832,1.7745066089868546,0.2288718322379682,0.0051863289450441285,0.3,0.0,3
407,-1.6206474869012832,1.7745066089868546,0.2288718322379682,0.0051863289450441285,-1.5680114233255387,1.4983241106748582,-0.005611234935329953,-0.3272288409136238,0.0,-0.3,1
408,-1.5680114233255387,1.4983241106748582,-0.005611234935329953,-0.3272288409136238,-1.5585638862609863,1.1837782335042955,0.008105353464750829,-0.28943993162376025,0.0,-0.3,1
409,-1.5585638862609863,1.1837782335042955,0.008105353464750829,-0.28943993162376025,-1.776269064640999,1.2751479812383653,-0.277314888425629,0.13964098714810036,-0.21213204,0.21213204,4
410,-1.776269064640999,1.2751479812383653,-0.277314888425629,0.13964098714810036,-1.8111703028202057,1.0428843413829805,0.023235143371298655,-0.3143847351506954,0.0,-0.3,1
411,-1.8111703028202057,1.0428843413829805,0.023235143371298655,-0.3143847351506954,-1.8021776935815812,0.7271260465264321,-0.0005507716705660671,-0.32559309044790524,0.0,-0.3,1
412,-1.8021776935815812,0.7271260465264321,-0.0005507716705660671,-0.32559309044790524,-2.031612563848496,0.8134379867672921,-0.30100586898661486,0.13880147717691055,-0.21213204,0.21213204,4
413,-2.031612563848496,0.8134379867672921,-0.30100586898661486,0.13880147717691055,-2.071976060819626,1.076960967731476,-0.0011580150063298946,0.31020504556937606,0.0,0.3,5
414,-2.071976060819626,1.076960967731476,-0.0011580150063298946,0.31020504556937606,-2.0703436206340786,1.1162698657512666,0.0009100557170225907,0.002753575309282884,0.0,0.0,0
415,-2.0703436206340786,1.1162698657512666,0.0009100557170225907,0.002753575309282884,-1.8221331335306168,1.2507673783540727,0.286816626684991,0.1506627156976003,0.21213204,0.21213204,6
416,-1.8221331335306168,1.2507673783540727,0.286816626684991,0.1506627156976003,-1.780533396601677,1.5250059507131577,0.010668265286989406,0.27230470965675485,0.0,0.3,5
417,-1.780533396601677,1.5250059507131577,0.010668265286989406,0.27230470965675485,-2.0444984519958496,1.5545412704467774,-0.2803249888769759,-0.007072147797439593,-0.3,0.0,7
418,-2.0444984519958496,1.5545412704467774,-0.2803249888769759,-0.007072147797439593,-1.8666810966014864,1.6782571213006976,0.27046951731063484,0.1410910816333183,0.21213204,0.21213204,6
419,-1.8666810966014864,1.6782571213006976,0.27046951731063484,0.1410910816333183,-1.8418679774045945,1.9260373003482822,-0.006113893701298462,0.3020526149672938,0.0,0.3,5
420,-1.8418679774045945,1.9260373003482822,-0.006113893701298462,0.3020526149672938,-1.8346764890909197,1.698242598247528,-0.013283637731709853,-0.32733250255706037,0.0,-0.3,1
421,-1.8346764890909197,1.698242598247528,-0.013283637731709853,-0.32733250255706037,-2.1092232629299166,1.6596516349315644,-0.25537233121271885,-0.0043052366284925415,-0.3,0.0,7
422,-2.1092232629299166,1.6596516349315644,-0.25537233121271885,-0.0043052366284925415,-1.9201252021551134,1.5251977751970291,0.2892367097415521,-0.13177681335133226,0.21213204,-0.21213204,8
423,-1.9201252021551134,1.5251977751970291,0.2892367097415521,-0.13177681335133226,-2.14675523314476,1.4939096432209014,-0.23213715778411256,-0.0007251269636374272,-0.3,0.0,7
424,-2.14675523314476,1.4939096432209014,-0.23213715778411256,-0.0007251269636374272,-2.1946952395439148,1.4927273087024688,0.0002589953191629069,0.0006323757128902478,0.0,0.0,0
425,-2.1946952395439148,1.4927273087024688,0.0002589953191629069,0.0006323757128902478,-2.194691235303879,1.4927089509725573,-0.0011364434432214795,-0.00012124449989499796,0.0,0.0,0
426,-2.194691235303879,1.4927089509725573,-0.0011364434432214795,-0.00012124449989499796,-2.188168828105927,1.2182103208780288,0.014202874783066106,-0.3120495530714377,0.0,-0.3,1
427,-2.188168828105927,1.2182103208780288,0.014202874783066106,-0.3120495530714377,-2.1833380976676944,0.9058063647985459,0.004120212983385807,-0.3179772518094241,0.0,-0.3,1
428,-2.1833380976676944,0.9058063647985459,0.004120212983385807,-0.3179772518094241,-2.1852554312229158,0.8654725994348526,-0.00030828199501956954,-2.0997918337887643e-05,0.0,0.0,0
429,-2.1852554312229158,0.8654725994348526,-0.00030828199501956954,-2.0997918337887643e-05,-2.1877900332927704,1.124570333838463,0.004672619408221617,0.31631822316992136,0.0,0.3,5
430,-2.1877900332927704,1.124570333838463,0.004672619408221617,0.31631822316992136,-1.9576701350927355,1.3114662321329118,0.30652706233083926,0.16197682673930436,0.21213204,0.21213204,6
431,-1.9576701350927355,1.3114662321329118,0.30652706233083926,0.16197682673930436,-2.184088539505005,1.3338234956979753,-0.24800474579305257,0.0009488853356328757,-0.3,0.0,7
432,-2.184088539505005,1.3338234956979753,-0.24800474579305257,0.0009488853356328757,-2.00602719745636,1.4632928469657898,0.28261006048061116,0.15594759652687037,0.21213204,0.21213204,6
433,-2.00602719745636,1.4632928469657898,0.28261006048061116,0.15594759652687037,-1.7090311809778211,1.4784350674152376,0.3025591752546473,0.005756851655533889,0.3,0.0,3
434,-1.7090311809778211,1.4784350674152376,0.3025591752546473,0.005756851655533889,-1.4342751458883287,1.3303988470077515,0.288949581623336,-0.1495777891610817,0.21213204,-0.21213204,8
435,-1.4342751458883287,1.3303988470077515,0.288949581623336,-0.1495777891610817,-1.3977754929304125,1.3135692054033279,-0.0005202993379717035,3.26253161488135e-05,0.0,0.0,0
436,-1.3977754929304125,1.3135692054033279,-0.0005202993379717035,3.26253161488135e-05,-1.3987125030040743,1.0340310018062593,0.009256004460561766,-0.3264248780057481,0.0,-0.3,1
437,-1.3987125030040743,1.0340310018062593,0.009256004460561766,-0.3264248780057481,-1.1895559152841568,1.1155650278806686,0.2765930057495056,0.12785978807276846,0.21213204,0.21213204,6
438,-1.1895559152841568,1.1155650278806686,0.2765930057495056,0.12785978807276846,-0.8937434960722923,1.1235750901460648,0.2973846333772243,-0.0021131843318135273,0.3,0.0,3
439,-0.8937434960722923,1.1235750901460648,0.2973846333772243,-0.0021131843318135273,-0.8442834863185882,1.3681912549972537,0.014840205455575024,0.293037537531474,0.0,0.3,5
440,-0.8442834863185882,1.3681912549972537,0.014840205455575024,0.293037537531474,-1.0640922667503359,1.2730280133962633,-0.2776385961951367,-0.1535539259419615,-0.21213204,-0.21213204,2
441,-1.0640922667503359,1.2730280133962633,-0.2776385961951367,-0.1535539259419615,-1.1000836626768111,0.9778601100802421,0.013309801175825439,-0.3117691803700163,0.0,-0.3,1
442,-1.1000836626768111,0.9778601100802421,0.013309801175825439,-0.3117691803700163,-0.8364739602565765,0.9337033900618554,0.2617577212743223,-0.007999638848982823,0.3,0.0,3
443,-0.8364739602565765,0.9337033900618554,0.2617577212743223,-0.007999638848982823,-1.0627120021343233,0.929161862719059,-0.23988894005769476,0.000382323231677035,-0.3,0.0,7
444,-1.0627120021343233,0.929161862719059,-0.23988894005769476,0.000382323231677035,-0.8755266485571862,0.7970458160042763,0.2854359133449379,-0.14780402987634217,0.21213204,-0.21213204,8
445,-0.8755266485571862,0.7970458160042763,0.2854359133449379,-0.14780402987634217,-0.8458351293325426,0.7840326618432999,-0.0006924795970587809,0.000674060022582316,0.0,0.0,0
446,-0.8458351293325426,0.7840326618432999,-0.0006924795970587809,0.000674060022582316,-0.8544526910662652,1.0266905858516693,-0.01098253143463738,0.264860477000801,0.0,0.3,5
447,-0.8544526910662652,1.0266905858516693,-0.01098253143463738,0.264860477000801,-1.0736680128097533,0.9094649704098702,-0.26757109747813645,-0.15308956606407287,-0.21213204,-0.21213204,2
448,-1.0736680128097533,0.9094649704098702,-0.26757109747813645,-0.15308956606407287,-1.3400509743452074,1.0237132885456086,-0.28314683488410447,0.11996253351180905,-0.21213204,0.21213204,4
449,-1.3400509743452074,1.0237132885456086,-0.28314683488410447,0.11996253351180905,-1.6318186495780946,1.0314684250831605,-0.2926166291928828,-0.0028760762819539333,-0.3,0.0,7
450,-1.6318186495780946,1.0314684250831605,-0.2926166291928828,-0.0028760762819539333,-1.677400567173958,1.03106961247921,0.00034443311544414567,-0.0063735331387616,0.0,0.0,0
451,-1.677400567173958,1.03106961247921,0.00034443311544414567,-0.0063735331387616,-1.6774128795385361,1.0311878316402436,0.00048513380545685215,0.0026053711266141536,0.0,0.0,0
452,-1.6774128795385361,1.0311878316402436,0.00048513380545685215,0.0026053711266141536,-1.6730530747652055,0.7628946036934853,-0.002304400773895343,-0.30229357191497064,0.0,-0.3,1
453,-1.6730530747652055,0.7628946036934853,-0.002304400773895343,-0.30229357191497064,-1.901627248811722,0.5622452519536019,-0.2547285933149063,-0.18248080976939324,-0.21213204,-0.21213204,2
454,-1.901627248811722,0.5622452519536019,-0.2547285933149063,-0.18248080976939324,-1.7222220884561539,0.6588777802705765,0.28855085040551776,0.14768594873613536,0.21213204,0.21213204,6
455,-1.7222220884561539,0.6588777802705765,0.28855085040551776,0.14768594873613536,-1.9154129135847093,0.7969321779251098,-0.2825982314018415,0.12466646213913787,-0.21213204,0.21213204,4
456,-1.9154129135847093,0.7969321779251098,-0.2825982314018415,0.12466646213913787,-2.2011583377361297,0.931954013979435,-0.29112799399194056,0.1348578778736772,-0.21213204,0.21213204,4
457,-2.2011583377361297,0.931954013979435,-0.29112799399194056,0.1348578778736772,-2.2422779725551605,0.6992039800763131,0.009634430762425848,-0.29854946751642064,0.0,-0.3,1
458,-2.2422779725551605,0.6992039800763131,0.009634430762425848,-0.29854946751642064,-2.0217994819641114,0.7914194843888284,0.269597607507344,0.1312046246602921,0.21213204,0.21213204,6
459,-2.0217994819641114,0.7914194843888284,0.269597607507344,0.1312046246602921,-1.9736610832452774,0.5340801661491394,-0.005475664307947019,-0.32299767657321266,0.0,-0.3,1
460,-1.9736610832452774,0.5340801661491394,-0.005475664307947019,-0.32299767657321266,-2.2370461124897005,0.49113839401602744,-0.2605957517702761,-0.015741992005017066,-0.3,0.0,7
461,-2.2370461124897005,0.49113839401602744,-0.2605957517702761,-0.015741992005017066,-2.275596884441376,0.7458169125318528,0.0028945299566344993,0.2958545229548179,0.0,0.3,5
462,-2.275596884441376,0.7458169125318528,0.0028945299566344993,0.2958545229548179,-2.0121924807548526,0.7826775520324707,0.25284743141017435,0.004325813254579688,0.3,0.0,3
463,-2.0121924807548526,0.7826775520324707,0.25284743141017435,0.004325813254579688,-1.9665427748441697,0.7815111125946045,0.00024128447017435738,0.001145587825562211,0.0,0.0,0
464,-1.9665427748441697,0.7815111125946045,0.00024128447017435738,0.001145587825562211,-1.7252268241882325,0.9020835173487664,0.27153914632109666,0.13536438677212903,0.21213204,0.21213204,6
465,-1.7252268241882325,0.9020835173487664,0.27153914632109666,0.13536438677212903,-1.6835088190793992,1.1815150578260423,0.01781074137329988,0.3010517051035017,0.0,0.3,5
466,-1.6835088190793992,1.1815150578260423,0.01781074137329988,0.3010517051035017,-1.672324599456787,1.4830036067247392,-0.009290871898995811,0.29058732540925875,0.0,0.3,5
467,-1.672324599456787,1.4830036067247392,-0.009290871898995811,0.29058732540925875,-1.937172450518608,1.5090635318040848,-0.2844717329426668,0.011776674472130006,-0.3,0.0,7
468,-1.937172450518608,1.5090635318040848,-0.2844717329426668,0.011776674472130006,-1.9909961345672609,1.734724693417549,-0.04035076868633846,0.282488659432227,0.0,0.3,5
469,-1.9909961345672609,1.734724693417549,-0.04035076868633846,0.282488659432227,-1.9956265300273897,1.7683516078710557,-0.0026281321998713214,0.010258942569704547,0.0,0.0,0
470,-1.9956265300273897,1.7683516078710557,-0.0026281321998713214,0.010258942569704547,-1.9954821461200716,1.7678733941078186,0.007357887681442665,-0.020629230940925152,0.0,0.0,0
471,-1.9954821461200716,1.7678733941078186,0.007357887681442665,-0.020629230940925152,-2.0052482664585116,2.026337463283539,0.007462769881006081,0.28846049896707404,0.0,0.3,5
472,-2.0052482664585116,2.026337463283539,0.007462769881006081,0.28846049896707404,-1.7735686868429186,1.9152401737451554,0.27080234620023813,-0.1703124113206287,0.21213204,-0.21213204,8
473,-1.7735686868429186,1.9152401737451554,0.27080234620023813,-0.1703124113206287,-1.7402897214412691,1.6205862849235535,0.024856126704565825,-0.2871458288709014,0.0,-0.3,1
474,-1.7402897214412691,1.6205862849235535,0.024856126704565825,-0.2871458288709014,-2.0050892904758455,1.5793416248321532,-0.2647700852559695,0.0021408970370143552,-0.3,0.0,7
475,-2.0050892904758455,1.5793416248321532,-0.2647700852559695,0.0021408970370143552,-2.0512449708461764,1.5786655022621157,0.0011613842284816922,9.221451362262265e-05,0.0,0.0,0
476,-2.0512449708461764,1.5786655022621157,0.0011613842284816922,9.221451362262265e-05,-1.8142090098857881,1.70513225710392,0.25912288447708526,0.150512345966066,0.21213204,0.21213204,6
477,-1.8142090098857881,1.70513225710392,0.25912288447708526,0.150512345966066,-2.0444917941570284,1.7239812236547472,-0.2618632721756637,0.0048569009524758785,-0.3,0.0,7
478,-2.0444917941570284,1.7239812236547472,-0.2618632721756637,0.0048569009524758785,-1.8549162677049638,1.5936144233465195,0.2943933966246628,-0.16235673462531852,0.21213204,-0.21213204,8
479,-1.8549162677049638,1.5936144233465195,0.2943933966246628,-0.16235673462531852,-1.5580352952957153,1.5782404666185381,0.3293961184705525,-0.026815792297561095,0.3,0.0,3
480,-1.5580352952957153,1.5782404666185381,0.3293961184705525,-0.026815792297561095,-1.2835260903835297,1.4218144078016282,0.2863734221333289,-0.17194577646120127,0.21213204,-0.21213204,8
481,-1.2835260903835297,1.4218144078016282,0.2863734221333289,-0.17194577646120127,-1.47864943253994,1.2593369123458862,-0.2663873980452932,-0.14974802556940717,-0.21213204,-0.21213204,2
482,-1.47864943253994,1.2593369123458862,-0.2663873980452932,-0.14974802556940717,-1.5002247915506364,0.980337096130848,0.03953064482550775,-0.31076730357330745,0.0,-0.3,1
483,-1.5002247915506364,0.980337096130848,0.03953064482550775,-0.31076730357330745,-1.2538716413259507,0.8010933280825615,0.30112494619320246,-0.14344268205801813,0.21213204,-0.21213204,8
484,-1.2538716413259507,0.8010933280825615,0.30112494619320246,-0.14344268205801813,-1.2173682948112488,0.7871546799898148,-0.00022660690636679712,0.0006231544855303671,0.0,0.0,0
485,-1.2173682948112488,0.7871546799898148,-0.00022660690636679712,0.0006231544855303671,-0.9612064971446992,0.6639816643834114,0.29599409031962826,-0.14368247673835916,0.21213204,-0.21213204,8
486,-0.9612064971446992,0.6639816643834114,0.29599409031962826,-0.14368247673835916,-0.9234351160645485,0.6503822406530382,0.0012059367681230796,-0.0012807818175509618,0.0,0.0,0
487,-0.9234351160645485,0.6503822406530382,0.0012059367681230796,-0.0012807818175509618,-1.166715958738327,0.7786399992227554,-0.2761925438348574,0.1417411940493708,-0.21213204,0.21213204,4
488,-1.166715958738327,0.7786399992227554,-0.2761925438348574,0.1417411940493708,-1.455215019249916,0.7900717166900635,-0.3069890033983312,-0.00659755313940444,-0.3,0.0,7
489,-1.455215019249916,0.7900717166900635,-0.3069890033983312,-0.00659755313940444,-1.2194029680490495,0.7904139227867129,0.25580378147727645,0.004605937841110683,0.3,0.0,3
490,-1.2194029680490495,0.7904139227867129,0.25580378147727645,0.004605937841110683,-0.9386609949350357,0.6479325073122979,0.29167662796429045,-0.14735349604745526,0.21213204,-0.21213204,8
491,-0.9386609949350357,0.6479325073122979,0.29167662796429045,-0.14735349604745526,-0.6551464531898499,0.5026343413829804,0.2884387974895021,-0.14297096861951974,0.21213204,-0.21213204,8
492,-0.6551464531898499,0.5026343413829804,0.2884387974895021,-0.14297096861951974,-0.6217320355296135,0.4875352759242058,-0.0010097002532511291,-0.0006387665501854175,0.0,0.0,0
493,-0.6217320355296135,0.4875352759242058,-0.0010097002532511291,-0.0006387665501854175,-0.38332863448262217,0.615129488837719,0.27328169768368343,0.15235503085014943,0.21213204,0.21213204,6
494,-0.38332863448262217,0.615129488837719,0.27328169768368343,0.15235503085014943,-0.09972107695788146,0.7683876705527306,0.28133293748544386,0.1586770560090302,0.21213204,0.21213204,6
495,-0.09972107695788146,0.7683876705527306,0.28133293748544386,0.1586770560090302,-0.0617775654271245,0.7840463943481446,0.00017343712943816968,-8.464006167011768e-05,0.0,0.0,0
496,-0.0617775654271245,0.7840463943481446,0.00017343712943816968,-8.464006167011768e-05,-0.061771668629348284,0.7840448286414147,4.904414055109351e-05,9.536845631124065e-05,0.0,0.0,0
497,-0.061771668629348284,0.7840448286414147,4.904414055109351e-05,9.536845631124065e-05,0.19660455135405064,0.665444597864151,0.3045773745415376,-0.1351288023519197,0.21213204,-0.21213204,8
498,0.19660455135405064,0.665444597864151,0.3045773745415376,-0.1351288023519197,-0.026969632258266207,0.6499573731064797,-0.2521816059092004,0.00950906688032879,-0.3,0.0,7
499,-0.026969632258266207,0.6499573731064797,-0.2521816059092004,0.00950906688032879,-0.28988878955245023,0.5162525421977043,-0.2875135936931988,-0.14365871496837856,-0.21213204,-0.21213204,2
500,-0.28988878955245023,0.5162525421977043,-0.2875135936931988,-0.14365871496837856,-0.3286117144346237,0.5016493789434433,-9.698046179432147e-05,0.0022047477516932137,0.0,0.0,0
501,-0.3286117144346237,0.5016493789434433,-9.698046179432147e-05,0.0022047477516932137,-0.08510461520850658,0.38361891989707947,0.2809161938380028,-0.14015636150932875,0.21213204,-0.21213204,8
502,-0.08510461520850658,0.38361891989707947,0.2809161938380028,-0.14015636150932875,-0.3181535283148289,0.36415173428654674,-0.2609804424738491,0.0024583374163391976,-0.3,0.0,7
503,-0.3181535283148289,0.36415173428654674,-0.2609804424738491,0.0024583374163391976,-0.35701160222887995,0.11492803739458322,0.009990519218109456,-0.31840687591635214,0.0,-0.3,1
504,-0.35701160222887995,0.11492803739458322,0.009990519218109456,-0.31840687591635214,-0.6167039743185043,0.08280642652660608,-0.2761595873304858,0.006304751759731945,-0.3,0.0,7
505,-0.6167039743185043,0.08280642652660608,-0.2761595873304858,0.006304751759731945,-0.8824506832003595,-0.06890849083811046,-0.28788155403637417,-0.15237600455192196,-0.21213204,-0.21213204,2
506,-0.8824506832003595,-0.06890849083811046,-0.28788155403637417,-0.15237600455192196,-0.9197739768505098,-0.08448109550029038,-0.00019858395144733238,5.9187580508802474e-05,0.0,0.0,0
507,-0.9197739768505098,-0.08448109550029038,-0.00019858395144733238,5.9187580508802474e-05,-1.1636013704299926,-0.21074859433770182,-0.26946039817775885,-0.14091978428441831,-0.21213204,-0.21213204,2
508,-1.1636013704299926,-0.21074859433770182,-0.26946039817775885,-0.14091978428441831,-1.4419252508163451,-0.35618101233839994,-0.2901813097427862,-0.11937429063281164,-0.21213204,-0.21213204,2
509,-1.4419252508163451,-0.35618101233839994,-0.2901813097427862,-0.11937429063281164,-1.723512931060791,-0.5107501435279846,-0.2704826761695108,-0.14009527938211008,-0.21213204,-0.21213204,2
510,-1.723512931060791,-0.5107501435279846,-0.2704826761695108,-0.14009527938211008,-1.4938229307413102,-0.5377986274719239,0.24281886160641744,0.008716869691160225,0.3,0.0,3
511,-1.4938229307413102,-0.5377986274719239,0.24281886160641744,0.008716869691160225,-1.1949138459920883,-0.5285806485176087,0.2991064476767227,0.011550224035724668,0.3,0.0,3
512,-1.1949138459920883,-0.5285806485176087,0.2991064476767227,0.011550224035724668,-0.8983500728368758,-0.5231608507037163,0.29398938642369327,0.0029576770215165304,0.3,0.0,3
513,-0.8983500728368758,-0.5231608507037163,0.29398938642369327,0.0029576770215165304,-0.8524392079353333,-0.7508726396322251,0.004408878873777895,-0.2831640233109538,0.0,-0.3,1
514,-0.8524392079353333,-0.7508726396322251,0.004408878873777895,-0.2831640233109538,-0.8538462253689766,-0.7866828201532365,-0.0004183149007957045,6.012011840446302e-05,0.0,0.0,0
515,-0.8538462253689766,-0.7866828201532365,-0.0004183149007957045,6.012011840446302e-05,-0.6123354478001595,-0.6619886016368866,0.28028488221699005,0.14794519096463699,0.21213204,0.21213204,6
516,-0.6123354478001595,-0.6619886016368866,0.28028488221699005,0.14794519096463699,-0.8440148985385896,-0.6375456844687462,-0.27351995682456626,0.00539355544617723,-0.3,0.0,7
517,-0.8440148985385896,-0.6375456844687462,-0.27351995682456626,0.00539355544617723,-0.8934249303102494,-0.8732227672219277,-0.0049303081069967955,-0.2758346396388698,0.0,-0.3,1
518,-0.8934249303102494,-0.8732227672219277,-0.0049303081069967955,-0.2758346396388698,-0.6266574784994126,-0.9043013451457024,0.27253146422484154,0.004227239420617779,0.3,0.0,3
519,-0.6266574784994126,-0.9043013451457024,0.27253146422484154,0.004227239420617779,-0.35367449304461485,-0.7658531289935111,0.2782276060345613,0.1418965292691037,0.21213204,0.21213204,6
520,-0.35367449304461485,-0.7658531289935111,0.2782276060345613,0.1418965292691037,-0.5357365508794785,-0.8774661515951157,-0.2570419436663518,-0.14805514899286287,-0.21213204,-0.21213204,2
521,-0.5357365508794785,-0.8774661515951157,-0.2570419436663518,-0.14805514899286287,-0.8268315943956376,-0.8951269819855691,-0.2864047319460094,-0.00035775128810577633,-0.3,0.0,7
522,-0.8268315943956376,-0.8951269819855691,-0.2864047319460094,-0.00035775128810577633,-1.0947494402647018,-1.0291504014492037,-0.2801346052061988,-0.1306738673219834,-0.21213204,-0.21213204,2
523,-1.0947494402647018,-1.0291504014492037,-0.2801346052061988,-0.1306738673219834,-0.8554452227830887,-1.046680490756035,0.2700581292618234,0.0005486525577910076,0.3,0.0,3
524,-0.8554452227830887,-1.046680490756035,0.2700581292618234,0.0005486525577910076,-1.0352111603260041,-1.169221089363098,-0.2696144371585383,-0.13378164371909707,-0.21213204,-0.21213204,2
525,-1.0352111603260041,-1.169221089363098,-0.2696144371585383,-0.13378164371909707,-1.3071096955776214,-1.3026331339836121,-0.28131945641590406,-0.13604312122361434,-0.21213204,-0.21213204,2
526,-1.3071096955776214,-1.3026331339836121,-0.28131945641590406,-0.13604312122361434,-1.5802411392211915,-1.4481891338109973,-0.2722341076798404,-0.14106812912772335,-0.21213204,-0.21213204,2
527,-1.5802411392211915,-1.4481891338109973,-0.2722341076798404,-0.14106812912772335,-1.614536648154259,-1.7324299960136416,0.0024227733992625775,-0.3181009894687996,0.0,-0.3,1
528,-1.614536648154259,-1.7324299960136416,0.0024227733992625775,-0.3181009894687996,-1.8804408005714417,-1.775607277584076,-0.28423742360567084,-0.010638130252725857,-0.3,0.0,7
529,-1.8804408005714417,-1.775607277584076,-0.28423742360567084,-0.010638130252725857,-1.934375854277611,-2.0436988418102264,0.02272629624804945,-0.32395886751765246,0.0,-0.3,1
530,-1.934375854277611,-2.0436988418102264,0.02272629624804945,-0.32395886751765246,-1.6647453435182573,-2.08175542845726,0.2785810465250086,-0.003416707909324887,0.3,0.0,3
531,-1.6647453435182573,-2.08175542845726,0.2785810465250086,-0.003416707909324887,-1.3950624576568604,-1.9547395089387893,0.28237437957638223,0.14790977620636964,0.21213204,0.21213204,6
532,-1.3950624576568604,-1.9547395089387893,0.28237437957638223,0.14790977620636964,-1.1045318345785142,-1.8001550721645356,0.28882197756733075,0.1477218572372131,0.21213204,0.21213204,6
533,-1.1045318345785142,-1.8001550721645356,0.28882197756733075,0.1477218572372131,-1.0660050719738008,-1.7836711906194689,4.666371201594234e-05,0.0003097014015603782,0.0,0.0,0
534,-1.0660050719738008,-1.7836711906194689,4.666371201594234e-05,0.0003097014015603782,-1.334169182085991,-1.7867755168914796,-0.2823268791085234,0.009077171607228995,-0.3,0.0,7
535,-1.334169182085991,-1.7867755168914796,-0.2823268791085234,0.009077171607228995,-1.140479173707962,-1.6572957916736604,0.2940227972054724,0.16033114750961064,0.21213204,0.21213204,6
536,-1.140479173707962,-1.6572957916736604,0.2940227972054724,0.16033114750961064,-0.8405063613414765,-1.64520415558815,0.3025512847599989,-0.004124272146783274,0.3,0.0,3
537,-0.8405063613414765,-1.64520415558815,0.3025512847599989,-0.004124272146783274,-0.5640858188629151,-1.7891371126651765,0.29576559585861345,-0.16697667455737192,0.21213204,-0.21213204,8
538,-0.5640858188629151,-1.7891371126651765,0.29576559585861345,-0.16697667455737192,-0.7594969701290131,-1.6917894617557525,-0.28404899556204716,0.1448425732659264,-0.21213204,0.21213204,4
539,-0.7594969701290131,-1.6917894617557525,-0.28404899556204716,0.1448425732659264,-0.7773944849729538,-1.425512599492073,0.007702473017328149,0.278080351640793,0.0,0.3,5
540,-0.7773944849729538,-1.425512599492073,0.007702473017328149,0.278080351640793,-0.9922920418262482,-1.531992492032051,-0.2447570259407436,-0.1766795338230886,-0.21213204,-0.21213204,2
541,-0.9922920418262482,-1.531992492032051,-0.2447570259407436,-0.1766795338230886,-0.8049645992875099,-1.4245019109487533,0.2549876320138905,0.15650626851284719,0.21213204,0.21213204,6
542,-0.8049645992875099,-1.4245019109487533,0.2549876320138905,0.15650626851284719,-0.9826384540319444,-1.5361264317035679,-0.25529360023113223,-0.17214747846779133,-0.21213204,-0.21213204,2
543,-0.9826384540319444,-1.5361264317035679,-0.25529360023113223,-0.17214747846779133,-0.7883294298171998,-1.6852713086366653,0.27537872595919793,-0.16764533628424694,0.21213204,-0.21213204,8
544,-0.7883294298171998,-1.6852713086366653,0.27537872595919793,-0.16764533628424694,-0.7521302363038064,-1.7026313383340836,0.0002803468959276352,-0.00016189657709241592,0.0,0.0,0
545,-0.7521302363038064,-1.7026313383340836,0.0002803468959276352,-0.00016189657709241592,-0.9901716492176056,-1.8355341839313506,-0.2715623533951091,-0.1472253838406512,-0.21213204,-0.21213204,2
546,-0.9901716492176056,-1.8355341839313506,-0.2715623533951091,-0.1472253838406512,-1.0247563877820969,-1.8503052447557449,0.001691306283805251,-0.00147200119616293,0.0,0.0,0
547,-1.0247563877820969,-1.8503052447557449,0.001691306283805251,-0.00147200119616293,-1.0085013840436936,-2.1045946287155153,0.026652590230658902,-0.3024945249063643,0.0,-0.3,1
548,-1.0085013840436936,-2.1045946287155153,0.026652590230658902,-0.3024945249063643,-1.2707227100610734,-2.1422305879116057,-0.28171543244037084,0.003554721620767411,-0.3,0.0,7
549,-1.2707227100610734,-2.1422305879116057,-0.28171543244037084,0.003554721620767411,-1.0851329854011535,-2.0186061699867253,0.27753185598094954,0.14835002652115456,0.21213204,0.21213204,6
550,-1.0851329854011535,-2.0186061699867253,0.27753185598094954,0.14835002652115456,-1.3202802535772324,-2.000010964846611,-0.26383860810127047,-0.0019946161851258416,-0.3,0.0,7
551,-1.3202802535772324,-2.000010964846611,-0.26383860810127047,-0.0019946161851258416,-1.595114447927475,-1.8737275541067124,-0.27164507324140336,0.1319700448059209,-0.21213204,0.21213204,4
552,-1.595114447927475,-1.8737275541067124,-0.27164507324140336,0.1319700448059209,-1.647768705224991,-1.631460914206505,-0.009736200433266161,0.2921204841082801,0.0,0.3,5
553,-1.647768705224991,-1.631460914206505,-0.009736200433266161,0.2921204841082801,-1.6546471412181856,-1.3580189664125444,0.006947389532388569,0.291072084289175,0.0,0.3,5
554,-1.6546471412181856,-1.3580189664125444,0.006947389532388569,0.291072084289175,-1.8855553876638411,-1.1868742881536485,-0.278701747578635,0.1415783740971755,-0.21213204,0.21213204,4
555,-1.8855553876638411,-1.1868742881536485,-0.278701747578635,0.1415783740971755,-2.1727665201187136,-1.0445869468212128,-0.27610225946102257,0.1677232535300916,-0.21213204,0.21213204,4
556,-2.1727665201187136,-1.0445869468212128,-0.27610225946102257,0.1677232535300916,-1.9426245080947877,-1.0159829401254654,0.2570733203821115,0.005742978180759296,0.3,0.0,3
557,-1.9426245080947877,-1.0159829401254654,0.2570733203821115,0.005742978180759296,-2.167454669189453,-1.0180518463373185,-0.2824609115455721,-0.043744785139323915,-0.3,0.0,7
558,-2.167454669189453,-1.0180518463373185,-0.2824609115455721,-0.043744785139323915,-2.2210427859306336,-1.2789152537345887,-0.004638186420125162,-0.3082603687447234,0.0,-0.3,1
559,-2.2210427859306336,-1.2789152537345887,-0.004638186420125162,-0.3082603687447234,-1.9573039309024811,-1.3190316709280014,0.27226068092723027,-0.007582338885641588,0.3,0.0,3
560,-1.9573039309024811,-1.3190316709280014,0.27226068092723027,-0.007582338885641588,-1.677623767256737,-1.4684434192419051,0.2949623622395166,-0.16479122402230356,0.21213204,-0.21213204,8
561,-1.677623767256737,-1.4684434192419051,0.2949623622395166,-0.16479122402230356,-1.3776508466005326,-1.4782493318080905,0.30863128687204305,0.004551570265586766,0.3,0.0,3
562,-1.3776508466005326,-1.4782493318080905,0.30863128687204305,0.004551570265586766,-1.3134744386434556,-1.7202771583795549,0.019591492117238256,-0.27524223358055705,0.0,-0.3,1
563,-1.3134744386434556,-1.7202771583795549,0.019591492117238256,-0.27524223358055705,-1.089100790143013,-1.6178813652992248,0.2849754497401573,0.1460695478843036,0.21213204,0.21213204,6
564,-1.089100790143013,-1.6178813652992248,0.2849754497401573,0.1460695478843036,-1.266006671357155,-1.4756160383701324,-0.28458013425116124,0.1461225698300518,-0.21213204,0.21213204,4
565,-1.266006671357155,-1.4756160383701324,-0.28458013425116124,0.1461225698300518,-1.3102986230611802,-1.2174638556718826,-0.010856187778723525,0.2933406653884752,0.0,0.3,5
566,-1.3102986230611802,-1.2174638556718826,-0.010856187778723525,0.2933406653884752,-1.0759857206583023,-1.3004747128725054,0.29017090640781223,-0.12815356060879082,0.21213204,-0.21213204,8
567,-1.0759857206583023,-1.3004747128725054,0.29017090640781223,-0.12815356060879082,-0.7828089506864548,-1.4442250351667405,0.2916197687483498,-0.15077958796654067,0.21213204,-0.21213204,8
568,-0.7828089506864548,-1.4442250351667405,0.2916197687483498,-0.15077958796654067,-0.9687159299850465,-1.3480997606992724,-0.2694596682940356,0.14570935370564517,-0.21213204,0.21213204,4
569,-0.9687159299850465,-1.3480997606992724,-0.2694596682940356,0.14570935370564517,-0.7675627089262009,-1.4556224162578582,0.29749090820293167,-0.1515206085008187,0.21213204,-0.21213204,8
570,-0.7675627089262009,-1.4556224162578582,0.29749090820293167,-0.1515206085008187,-0.731836758518219,-1.4708914025306703,-0.0017087786307343387,-0.0009555085423412377,0.0,0.0,0
571,-0.731836758518219,-1.4708914025306703,-0.0017087786307343387,-0.0009555085423412377,-0.7329502091765405,-1.2242487854480744,0.012274951672933779,0.2879238264445797,0.0,0.3,5
572,-0.7329502091765405,-1.2242487854480744,0.012274951672933779,0.2879238264445797,-0.7254045332312584,-0.9430607354640961,-0.0025061061118079103,0.2672664901675358,0.0,0.3,5
573,-0.7254045332312584,-0.9430607354640961,-0.0025061061118079103,0.2672664901675358,-0.942367636525631,-1.0382055352687836,-0.2660966273976476,-0.16044388274877208,-0.21213204,-0.21213204,2
574,-0.942367636525631,-1.0382055352687836,-0.2660966273976476,-0.16044388274877208,-1.209521620297432,-0.9137237713336945,-0.27783342923364945,0.15159358534529294,-0.21213204,0.21213204,4
575,-1.209521620297432,-0.9137237713336945,-0.27783342923364945,0.15159358534529294,-1.5062732174396516,-0.8969719882845879,-0.29204166210869387,0.02863418049886495,-0.3,0.0,7
576,-1.5062732174396516,-0.8969719882845879,-0.29204166210869387,0.02863418049886495,-1.549899853205681,-0.8994140647888184,0.0008852948964990952,-0.00019384429196315782,0.0,0.0,0
577,-1.549899853205681,-0.8994140647888184,0.0008852948964990952,-0.00019384429196315782,-1.5711328259706498,-0.6452861757159233,-0.0013513974614018968,0.31259775567520465,0.0,0.3,5
578,-1.5711328259706498,-0.6452861757159233,-0.0013513974614018968,0.31259775567520465,-1.3453142223119736,-0.4509386961102486,0.28503323062630287,0.17517880429993277,0.21213204,0.21213204,6
579,-1.3453142223119736,-0.4509386961102486,0.28503323062630287,0.17517880429993277,-1.577089418792725,-0.4212017651319504,-0.2521054489071179,0.012123546833519874,-0.3,0.0,7
580,-1.577089418792725,-0.4212017651319504,-0.2521054489071179,0.012123546833519874,-1.8747572621583941,-0.4248883747518063,-0.2984589568179893,-0.0014733407431576236,-0.3,0.0,7
581,-1.8747572621583941,-0.4248883747518063,-0.2984589568179893,-0.0014733407431576236,-1.6921804668664933,-0.30299691892862324,0.28004340465601385,0.15208673550666355,0.21213204,0.21213204,6
582,-1.6921804668664933,-0.30299691892862324,0.28004340465601385,0.15208673550666355,-1.8811338559389115,-0.4135774783790112,-0.27170299361783135,-0.15471665744449584,-0.21213204,-0.21213204,2
583,-1.8811338559389115,-0.4135774783790112,-0.27170299361783135,-0.15471665744449584,-1.6909980852365494,-0.5725758643627167,0.2681546176862276,-0.1580706916421296,0.21213204,-0.21213204,8
584,-1.6909980852365494,-0.5725758643627167,0.2681546176862276,-0.1580706916421296,-1.655627250790596,-0.5893360446929932,0.002868882799079661,-0.00047475649562301984,0.0,0.0,0
585,-1.655627250790596,-0.5893360446929932,0.002868882799079661,-0.00047475649562301984,-1.9005649448871613,-0.7280912087440491,-0.275672803222876,-0.15918859337918945,-0.21213204,-0.21213204,2
586,-1.9005649448871613,-0.7280912087440491,-0.275672803222876,-0.15918859337918945,-1.7207187002658844,-0.6254330642342568,0.2856437218997917,0.1436354344448025,0.21213204,0.21213204,6
587,-1.7207187002658844,-0.6254330642342568,0.2856437218997917,0.1436354344448025,-1.6709966209888458,-0.8702513783812523,0.005620957228134177,-0.2990287242390716,0.0,-0.3,1
588,-1.6709966209888458,-0.8702513783812523,0.005620957228134177,-0.2990287242390716,-1.408873459982872,-0.9079654863715172,0.25549327285757606,0.012217729179304849,0.3,0.0,3
589,-1.408873459982872,-0.9079654863715172,0.25549327285757606,0.012217729179304849,-1.5888082553148268,-1.0272991882801057,-0.2687060834746752,-0.1478514512125878,-0.21213204,-0.21213204,2
590,-1.5888082553148268,-1.0272991882801057,-0.2687060834746752,-0.1478514512125878,-1.402033395600319,-1.1768272068262102,0.2860828289255138,-0.16641496102472275,0.21213204,-0.21213204,8
591,-1.402033395600319,-1.1768272068262102,0.2860828289255138,-0.16641496102472275,-1.3660911977767944,-0.9506518873214722,0.0027465151301890737,0.2720024064929365,0.0,0.3,5
592,-1.3660911977767944,-0.9506518873214722,0.0027465151301890737,0.2720024064929365,-1.588343912267685,-1.0382068378925324,-0.27610432425682246,-0.13975573333705144,-0.21213204,-0.21213204,2
593,-1.588343912267685,-1.0382068378925324,-0.27610432425682246,-0.13975573333705144,-1.6379505311965943,-0.8160346318721773,-0.0035520554099391106,0.302770343529523,0.0,0.3,5
594,-1.6379505311965943,-0.8160346318721773,-0.0035520554099391106,0.302770343529523,-1.8572562712430956,-0.9210868211865426,-0.27805786144139627,-0.16244624344432992,-0.21213204,-0.21213204,2
595,-1.8572562712430956,-0.9210868211865426,-0.27805786144139627,-0.16244624344432992,-1.667285834145546,-1.0725107617616654,0.29615807787096515,-0.15060818727305733,0.21213204,-0.21213204,8
596,-1.667285834145546,-1.0725107617616654,0.29615807787096515,-0.15060818727305733,-1.4082939481019976,-0.9426861362338066,0.2593191275423274,0.12389177463301582,0.21213204,0.21213204,6
597,-1.4082939481019976,-0.9426861362338066,0.2593191275423274,0.12389177463301582,-1.369939068412781,-0.9238715218305588,0.0042858109396063555,-0.006864615868829788,0.0,0.0,0
598,-1.369939068412781,-0.9238715218305588,0.0042858109396063555,-0.006864615868829788,-1.6428282321214678,-0.9270650093078614,-0.28244904197702003,-0.0072022872468016485,-0.3,0.0,7
599,-1.6428282321214678,-0.9270650093078614,-0.28244904197702003,-0.0072022872468016485,-1.941180912947655,-0.9284457854866981,-0.31224206160959445,0.001644527525646043,-0.3,0.0,7
600,-1.941180912947655,-0.9284457854866981,-0.31224206160959445,0.001644527525646043,-1.7528040190696716,-0.803071808075905,0.28051499574721767,0.11002257574477538,0.21213204,0.21213204,6
601,-1.7528040190696716,-0.803071808075905,0.28051499574721767,0.11002257574477538,-1.9424598661899566,-0.9125140753865242,-0.2832270325268734,-0.1776142218348876,-0.21213204,-0.21213204,2
602,-1.9424598661899566,-0.9125140753865242,-0.2832270325268734,-0.1776142218348876,-1.752972665810585,-1.062101039171219,0.2874482715468412,-0.13058098859780404,0.21213204,-0.21213204,8
603,-1.752972665810585,-1.062101039171219,0.2874482715468412,-0.13058098859780404,-1.9397019783973697,-0.9625835325956345,-0.29004311741408356,0.1529471680082485,-0.21213204,0.21213204,4
604,-1.9397019783973697,-0.9625835325956345,-0.29004311741408356,0.1529471680082485,-1.9876134050130845,-1.1926111029148103,0.001530480811395221,-0.3198807556525678,0.0,-0.3,1
605,-1.9876134050130845,-1.1926111029148103,0.001530480811395221,-0.3198807556525678,-1.9893868795871736,-0.9903913671016694,-0.0030581213798690173,0.28246183458367363,0.0,0.3,5
606,-1.9893868795871736,-0.9903913671016694,-0.0030581213798690173,0.28246183458367363,-1.72503914642334,-0.950519994533062,0.27031379685357626,0.016901401284907625,0.3,0.0,3
607,-1.72503914642334,-0.950519994533062,0.27031379685357626,0.016901401284907625,-1.4244263035774232,-0.9491907417297364,0.33226800769351805,0.010034867433465745,0.3,0.0,3
608,-1.4244263035774232,-0.9491907417297364,0.33226800769351805,0.010034867433465745,-1.3817365287542345,-1.185644964838028,0.006477874047218281,-0.29692840410064436,0.0,-0.3,1
609,-1.3817365287542345,-1.185644964838028,0.006477874047218281,-0.29692840410064436,-1.1550752204418184,-1.0891695920467377,0.2815275762985179,0.1634150895356693,0.21213204,0.21213204,6
610,-1.1550752204418184,-1.0891695920467377,0.2815275762985179,0.1634150895356693,-0.8557282938003541,-1.0728467354536058,0.3101256972633197,0.007997715669222074,0.3,0.0,3
611,-0.8557282938003541,-1.0728467354536058,0.3101256972633197,0.007997715669222074,-1.078981425333023,-1.0738125090122224,-0.24530617748835526,0.011079533070759885,-0.3,0.0,7
612,-1.078981425333023,-1.0738125090122224,-0.24530617748835526,0.011079533070759885,-1.35471525285244,-0.9289562324285507,-0.29432038909742136,0.15226262590429177,-0.21213204,0.21213204,4
613,-1.35471525285244,-0.9289562324285507,-0.29432038909742136,0.15226262590429177,-1.3993093256473543,-1.139901320528984,0.00397727990851186,-0.29224612514062503,0.0,-0.3,1
614,-1.3993093256473543,-1.139901320528984,0.00397727990851186,-0.29224612514062503,-1.1641183412790301,-1.3036363574504855,0.2844972614965675,-0.13412020319175505,0.21213204,-0.21213204,8
615,-1.1641183412790301,-1.3036363574504855,0.2844972614965675,-0.13412020319175505,-1.1145013375282289,-1.5637803156137469,0.021566339529088548,-0.2808974418562396,0.0,-0.3,1
616,-1.1145013375282289,-1.5637803156137469,0.021566339529088548,-0.2808974418562396,-1.1112010064363482,-1.5999694161653522,0.00021625191569220388,0.00016039218095390917,0.0,0.0,0
617,-1.1112010064363482,-1.5999694161653522,0.00021625191569220388,0.00016039218095390917,-1.1060781895637513,-1.347353302884102,0.024435572538889432,0.2900110767570592,0.0,0.3,5
618,-1.1060781895637513,-1.347353302884102,0.024435572538889432,0.2900110767570592,-0.8696648985981942,-1.164654958486557,0.2747036261884826,0.157214509937302,0.21213204,0.21213204,6
619,-0.8696648985981942,-1.164654958486557,0.2747036261884826,0.157214509937302,-0.8255581261873246,-0.8996493427276612,0.016535127901888345,0.30374903597933334,0.0,0.3,5
620,-0.8255581261873246,-0.8996493427276612,0.016535127901888345,0.30374903597933334,-0.8253804028391838,-1.0996371433496475,0.01941309251205428,-0.294379952053621,0.0,-0.3,1
621,-0.8253804028391838,-1.0996371433496475,0.01941309251205428,-0.294379952053621,-0.8194453691482544,-0.897827019250393,0.01297663038375236,0.30741913901858636,0.0,0.3,5
622,-0.8194453691482544,-0.897827019250393,0.01297663038375236,0.30741913901858636,-0.8136107209324837,-1.0960385102510453,0.006981124854212853,-0.2945325038263123,0.0,-0.3,1
623,-0.8136107209324837,-1.0960385102510453,0.006981124854212853,-0.2945325038263123,-0.8074820399641991,-0.8956416664481163,0.011288583878968665,0.2964550533196512,0.0,0.3,5
624,-0.8074820399641991,-0.8956416664481163,0.011288583878968665,0.2964550533196512,-1.0686453978776933,-0.8585123652935029,-0.2769015907495688,0.004773821402542822,-0.3,0.0,7
625,-1.0686453978776933,-0.8585123652935029,-0.2769015907495688,0.004773821402542822,-1.1212875210046769,-0.5953826140642167,0.005905119629243981,0.32472049119817553,0.0,0.3,5
626,-1.1212875210046769,-0.5953826140642167,0.005905119629243981,0.32472049119817553,-1.3393162761926651,-0.674201554775238,-0.27587271061613544,-0.12543359975146487,-0.21213204,-0.21213204,2
627,-1.3393162761926651,-0.674201554775238,-0.27587271061613544,-0.12543359975146487,-1.391829145884514,-0.4217730985224247,-0.0006560585895223379,0.32680856585437656,0.0,0.3,5
628,-1.391829145884514,-0.4217730985224247,-0.0006560585895223379,0.32680856585437656,-1.3945216695070268,-0.11564296826124192,0.005374004466894871,0.270691674318025,0.0,0.3,5
629,-1.3945216695070268,-0.11564296826124192,0.005374004466894871,0.270691674318025,-1.1637013733386994,-0.20606955581605435,0.2743701160554197,-0.1392933004629794,0.21213204,-0.21213204,8
630,-1.1637013733386994,-0.20606955581605435,0.2743701160554197,-0.1392933004629794,-1.3563055755376818,-0.10467989221066237,-0.28971588414748056,0.13317505147313394,-0.21213204,0.21213204,4
631,-1.3563055755376818,-0.10467989221066237,-0.28971588414748056,0.13317505147313394,-1.3946005257368088,0.14108312972784043,-0.0031449919419660054,0.2739087761392207,0.0,0.3,5
632,-1.3946005257368088,0.14108312972784043,-0.0031449919419660054,0.2739087761392207,-1.6055445029973983,0.027820354619249702,-0.2665276778103692,-0.16324049029328544,-0.21213204,-0.21213204,2
633,-1.6055445029973983,0.027820354619249702,-0.2665276778103692,-0.16324049029328544,-1.4043094845056534,-0.13127922110259532,0.2778430485796649,-0.14862110876470855,0.21213204,-0.21213204,8
634,-1.4043094845056534,-0.13127922110259532,0.2778430485796649,-0.14862110876470855,-1.6297107605934145,-0.14404821490049363,-0.2503463218486852,0.015207967022267038,-0.3,0.0,7
635,-1.6297107605934145,-0.14404821490049363,-0.2503463218486852,0.015207967022267038,-1.8948413750886917,-0.29483891409635543,-0.27450275792518647,-0.11777067130251131,-0.21213204,-0.21213204,2
636,-1.8948413750886917,-0.29483891409635543,-0.27450275792518647,-0.11777067130251131,-2.156069638729096,-0.4596878514826298,-0.2538356246430269,-0.15645802864357028,-0.21213204,-0.21213204,2
637,-2.156069638729096,-0.4596878514826298,-0.2538356246430269,-0.15645802864357028,-1.973653256249428,-0.3361986809492111,0.2964612018222507,0.1541920156909563,0.21213204,0.21213204,6
638,-1.973653256249428,-0.3361986809492111,0.2964612018222507,0.1541920156909563,-2.1584055992126467,-0.1916658963531256,-0.26630517451906377,0.14061220281633033,-0.21213204,0.21213204,4
639,-2.1584055992126467,-0.1916658963531256,-0.26630517451906377,0.14061220281633033,-2.199926252126694,0.07206216315180063,0.0020904240219764758,0.2801720021014264,0.0,0.3,5
640,-2.199926252126694,0.07206216315180063,0.0020904240219764758,0.2801720021014264,-1.9348401460886004,0.11257590767145156,0.22485146733127892,0.0015942325499819928,0.3,0.0,3
641,-1.9348401460886004,0.11257590767145156,0.22485146733127892,0.0015942325499819928,-1.8669065004110337,-0.15284030385017397,0.029414573369023506,-0.32305589704537796,0.0,-0.3,1
642,-1.8669065004110337,-0.15284030385017397,0.029414573369023506,-0.32305589704537796,-2.1209266053676603,-0.1941557742029429,-0.6856797301536115,0.3527752462598874,-0.3,0.0,7
643,-2.1209266053676603,-0.1941557742029429,-0.6856797301536115,0.3527752462598874,-2.1508462013244634,-0.19815452213287357,0.0004603234346804724,-0.0003474361630840763,0.0,0.0,0
644,-2.1508462013244634,-0.19815452213287357,0.0004603234346804724,-0.0003474361630840763,-2.1398315919399264,-0.47244761385917666,-0.04486123055823437,-0.34928701754700386,0.0,-0.3,1
645,-2.1398315919399264,-0.47244761385917666,-0.04486123055823437,-0.34928701754700386,-1.9010194824695588,-0.3765028747200966,0.38853732749645553,0.045494994111523,0.21213204,0.21213204,6
646,-1.9010194824695588,-0.3765028747200966,0.38853732749645553,0.045494994111523,-1.8841693479776382,-0.3809082541048527,-0.04071341223225641,0.0037111121346068256,0.0,0.0,0
647,-1.8841693479776382,-0.3809082541048527,-0.04071341223225641,0.0037111121346068256,-1.8876865348339082,-0.12034749886244536,-0.0019320371600694756,0.32607460084162365,0.0,0.3,5
648,-1.8876865348339082,-0.12034749886244536,-0.0019320371600694756,0.32607460084162365,-1.8811691023588182,-0.3306553367614746,-0.09482005753612832,-0.32368582768410376,0.0,-0.3,1
649,-1.8811691023588182,-0.3306553367614746,-0.09482005753612832,-0.32368582768410376,-2.1365972685813905,-0.3725418728888035,-0.23820824909825158,-0.007962482785905929,-0.3,0.0,7
650,-2.1365972685813905,-0.3725418728888035,-0.23820824909825158,-0.007962482785905929,-1.9493843806266788,-0.4960559374272824,0.22718460797968162,-0.18358315613301004,0.21213204,-0.21213204,8
651,-1.9493843806266788,-0.4960559374272824,0.22718460797968162,-0.18358315613301004,-1.677770213484764,-0.6623814929485322,0.2854911928833453,-0.14095470449517258,0.21213204,-0.21213204,8
652,-1.677770213484764,-0.6623814929485322,0.2854911928833453,-0.14095470449517258,-1.6420591565132143,-0.4456260775387287,-0.006595414609927565,0.2823438103876752,0.0,0.3,5
653,-1.6420591565132143,-0.4456260775387287,-0.006595414609927565,0.2823438103876752,-1.6354011878728867,-0.154527351847291,0.015562658556978328,0.3042818771813723,0.0,0.3,5
654,-1.6354011878728867,-0.154527351847291,0.015562658556978328,0.3042818771813723,-1.844034691476822,-0.26397879663109786,-0.2788355568140219,-0.11825289200856035,-0.21213204,-0.21213204,2
655,-1.844034691476822,-0.26397879663109786,-0.2788355568140219,-0.11825289200856035,-2.1355624484062194,-0.29061114891767503,-0.8686631842038697,0.30505667295641614,-0.3,0.0,7
656,-2.1355624484062194,-0.29061114891767503,-0.8686631842038697,0.30505667295641614,-1.9560125545263292,-0.1509197510838509,0.25335021599195684,0.14453885763835658,0.21213204,0.21213204,6
657,-1.9560125545263292,-0.1509197510838509,0.25335021599195684,0.14453885763835658,-2.1350885116100313,0.010193542801961303,-0.24617032681361983,0.14898969677273274,-0.21213204,0.21213204,4
658,-2.1350885116100313,0.010193542801961303,-0.24617032681361983,0.14898969677273274,-2.1786178461074828,0.02298276449032128,-0.013305688006762507,-0.006697432391183183,0.0,0.0,0
659,-2.1786178461074828,0.02298276449032128,-0.013305688006762507,-0.006697432391183183,-2.1691081106662753,-0.24252961557507516,-0.0022320691180780974,-0.3300559346250809,0.0,-0.3,1
660,-2.1691081106662753,-0.24252961557507516,-0.0022320691180780974,-0.3300559346250809,-2.170462597131729,-0.2835457869887352,-0.061681422728977434,-0.03284718662495632,0.0,0.0,0
661,-2.170462597131729,-0.2835457869887352,-0.061681422728977434,-0.03284718662495632,-2.1782106803894044,-0.03173588157780469,0.03338705398074575,0.32182292351705,0.0,0.3,5
662,-2.1782106803894044,-0.03173588157780469,0.03338705398074575,0.32182292351705,-1.9141381394624712,0.005259202384948731,0.20482541218405345,-0.01764448900006365,0.3,0.0,3
663,-1.9141381394624712,0.005259202384948731,0.20482541218405345,-0.01764448900006365,-2.088246353960037,0.1337679806023836,-0.23381442215398052,0.13667484033870647,-0.21213204,0.21213204,4
664,-2.088246353960037,0.1337679806023836,-0.23381442215398052,0.13667484033870647,-1.8960912112474444,0.01915339622087777,0.2993651855781442,-0.14658283616010961,0.21213204,-0.21213204,8
665,-1.8960912112474444,0.01915339622087777,0.2993651855781442,-0.14658283616010961,-1.8336338670253753,0.26290573608875273,-0.04935225575299186,0.3047266623055388,0.0,0.3,5
666,-1.8336338670253753,0.26290573608875273,-0.04935225575299186,0.3047266623055388,-2.0940517092227937,0.2928068882226944,-0.24316608380969593,0.03070166774872304,-0.3,0.0,7
667,-2.0940517092227937,0.2928068882226944,-0.24316608380969593,0.03070166774872304,-1.8610637772321703,0.29123089830279353,0.2651263675818657,-0.010739696588816417,0.3,0.0,3
668,-1.8610637772321703,0.29123089830279353,0.2651263675818657,-0.010739696588816417,-1.8112157935619355,0.5333761361122131,0.003049274837970976,0.2699639093023551,0.0,0.3,5
669,-1.8112157935619355,0.5333761361122131,0.003049274837970976,0.2699639093023551,-1.547206729722023,0.5636572020888329,0.26445648311509284,-0.015020344960113199,0.3,0.0,3
670,-1.547206729722023,0.5636572020888329,0.26445648311509284,-0.015020344960113199,-1.7334947258710864,0.6789618860602379,-0.2740017005944668,0.13124246347228968,-0.21213204,0.21213204,4
671,-1.7334947258710864,0.6789618860602379,-0.2740017005944668,0.13124246347228968,-2.017011165761948,0.8115169738769531,-0.28303502175250667,0.12981490326804745,-0.21213204,0.21213204,4
672,-2.017011165761948,0.8115169738769531,-0.28303502175250667,0.12981490326804745,-2.0611128405094146,0.5706979831814766,0.023717642705251413,-0.31113644129955154,0.0,-0.3,1
673,-2.0611128405094146,0.5706979831814766,0.023717642705251413,-0.31113644129955154,-2.0430987686634063,0.2646506502211094,0.0341402431044399,-0.29642054261455747,0.0,-0.3,1
674,-2.0430987686634063,0.2646506502211094,0.0341402431044399,-0.29642054261455747,-2.042257259654999,0.226923299652338,-0.0006788642784003666,-0.00025529381501201737,0.0,0.0,0
675,-2.042257259654999,0.226923299652338,-0.0006788642784003666,-0.00025529381501201737,-2.040214142894745,0.4876954328596592,0.012158631894594058,0.2714181229428083,0.0,0.3,5
676,-2.040214142894745,0.4876954328596592,0.012158631894594058,0.2714181229428083,-2.030374610996246,0.26676328316926956,0.02278800469403774,-0.2793724207115733,0.0,-0.3,1
677,-2.030374610996246,0.26676328316926956,0.02278800469403774,-0.2793724207115733,-2.0332754325866698,0.4801392540931702,-0.007633612549491874,0.25248468299483745,0.0,0.3,5
678,-2.0332754325866698,0.4801392540931702,-0.007633612549491874,0.25248468299483745,-2.0391623342037204,0.7679017822384835,-0.001522485222664592,0.2852736176734728,0.0,0.3,5
679,-2.0391623342037204,0.7679017822384835,-0.001522485222664592,0.2852736176734728,-2.04051680393219,0.8032427838444711,-0.00815706590990142,-0.010726613489731557,0.0,0.0,0
680,-2.04051680393219,0.8032427838444711,-0.00815706590990142,-0.010726613489731557,-2.037574149274826,0.5289391478061677,0.005515631379352157,-0.30988387372485965,0.0,-0.3,1
681,-2.037574149274826,0.5289391478061677,0.005515631379352157,-0.30988387372485965,-1.8035242785930634,0.33827915018200877,0.2804769716338685,-0.14384386336379745,0.21213204,-0.21213204,8
682,-1.8035242785930634,0.33827915018200877,0.2804769716338685,-0.14384386336379745,-1.5048982433319094,0.32447513499855996,0.30809409893155626,-0.0026921942061358156,0.3,0.0,3
683,-1.5048982433319094,0.32447513499855996,0.30809409893155626,-0.0026921942061358156,-1.2368345556020737,0.4713377201735974,0.28844872515082953,0.16215951083252675,0.21213204,0.21213204,6
684,-1.2368345556020737,0.4713377201735974,0.28844872515082953,0.16215951083252675,-0.9710782705426217,0.34918200806379324,0.28786589445379046,-0.14544332717952685,0.21213204,-0.21213204,8
685,-0.9710782705426217,0.34918200806379324,0.28786589445379046,-0.14544332717952685,-0.9335288417696953,0.33364223220944406,-1.7924262482978607e-05,0.00024814391021469256,0.0,0.0,0
686,-0.9335288417696953,0.33364223220944406,-1.7924262482978607e-05,0.00024814391021469256,-0.6840829331398011,0.21398903133273126,0.28792018573203715,-0.15232027733253242,0.21213204,-0.21213204,8
687,-0.6840829331398011,0.21398903133273126,0.28792018573203715,-0.15232027733253242,-0.3854039052903652,0.2046453045785427,0.3113924679933044,0.006326501878430299,0.3,0.0,3
688,-0.3854039052903652,0.2046453045785427,0.3113924679933044,0.006326501878430299,-0.5802267642974853,0.3311595502734185,-0.2814434238421505,0.14447815972578398,-0.21213204,0.21213204,4
689,-0.5802267642974853,0.3311595502734185,-0.2814434238421505,0.14447815972578398,-0.3979893392205238,0.4796880761027336,0.27022712313092834,0.1508109019973884,0.21213204,0.21213204,6
690,-0.3979893392205238,0.4796880761027336,0.27022712313092834,0.1508109019973884,-0.09683864279985427,0.4986647024869919,0.30509112333087846,0.0059227287543472725,0.3,0.0,3
691,-0.09683864279985427,0.4986647024869919,0.30509112333087846,0.0059227287543472725,-0.04884753714799881,0.2649530909061432,-0.002737365997501656,-0.2865357776275736,0.0,-0.3,1
692,-0.04884753714799881,0.2649530909061432,-0.002737365997501656,-0.2865357776275736,0.17302665820121765,0.37286776121258736,0.2833923601396892,0.1523499626809376,0.21213204,0.21213204,6
693,0.17302665820121765,0.37286776121258736,0.2833923601396892,0.1523499626809376,0.21701883866786958,0.39027635759711266,8.529904175011187e-05,-1.6533114210074313e-05,0.0,0.0,0
694,0.21701883866786958,0.39027635759711266,8.529904175011187e-05,-1.6533114210074313e-05,-0.016543850068189203,0.2658984345495701,-0.27243175931674274,-0.15473280805236714,-0.21213204,-0.21213204,2
695,-0.016543850068189203,0.2658984345495701,-0.27243175931674274,-0.15473280805236714,-0.0555534614481032,0.25287205839157106,-9.847833044747414e-05,1.4672726737863828e-05,0.0,0.0,0
696,-0.0555534614481032,0.25287205839157106,-9.847833044747414e-05,1.4672726737863828e-05,0.22025102382898332,0.25928910151720047,0.29381611929380635,0.005843978870535992,0.3,0.0,3
697,0.22025102382898332,0.25928910151720047,0.29381611929380635,0.005843978870535992,0.5237962321162224,0.262494424533844,0.31406192325729454,0.002901306807017615,0.3,0.0,3
698,0.5237962321162224,0.262494424533844,0.31406192325729454,0.002901306807017615,0.29977647930979734,0.26372921915650366,-0.25160234310199486,0.0032451370570940534,-0.3,0.0,7
699,0.29977647930979734,0.26372921915650366,-0.25160234310199486,0.0032451370570940534,0.4881301895976067,0.39675930576324464,0.27581837529158487,0.15394705392263078,0.21213204,0.21213204,6
700,0.4881301895976067,0.39675930576324464,0.27581837529158487,0.15394705392263078,0.5425032581090927,0.17552891343533994,-0.001759946241673964,-0.31412434144920826,0.0,-0.3,1
701,0.5425032581090927,0.17552891343533994,-0.001759946241673964,-0.31412434144920826,0.2814151088833809,0.14205477617084983,-0.2580771466784834,-0.0025192180499265466,-0.3,0.0,7
702,0.2814151088833809,0.14205477617084983,-0.2580771466784834,-0.0025192180499265466,0.24216534310877325,-0.11359240952879192,-0.004545485942737138,-0.33873832854905217,0.0,-0.3,1
703,0.24216534310877325,-0.11359240952879192,-0.004545485942737138,-0.33873832854905217,0.02162905701771379,-0.008393260161112996,-0.2785549789382623,0.14073642841979864,-0.21213204,0.21213204,4
704,0.02162905701771379,-0.008393260161112996,-0.2785549789382623,0.14073642841979864,-0.018629409032687547,0.2653234716832638,-0.0038925616991058115,0.296311972899313,0.0,0.3,5
705,-0.018629409032687547,0.2653234716832638,-0.0038925616991058115,0.296311972899313,-0.2464812837392092,0.4513685366272927,-0.2815084480370329,0.15576675038151386,-0.21213204,0.21213204,4
706,-0.2464812837392092,0.4513685366272927,-0.2815084480370329,0.15576675038151386,-0.5399134175419807,0.4654636221170426,-0.2949890926837335,-0.0017277241546626578,-0.3,0.0,7
707,-0.5399134175419807,0.4654636221170426,-0.2949890926837335,-0.0017277241546626578,-0.30871297204494474,0.46576606341600424,0.24929461382119292,-0.0033578397103837714,0.3,0.0,3
708,-0.30871297204494474,0.46576606341600424,0.24929461382119292,-0.0033578397103837714,-0.4929161229431629,0.3473757392287255,-0.2735139610090381,-0.14933897547428399,-0.21213204,-0.21213204,2
709,-0.4929161229431629,0.3473757392287255,-0.2735139610090381,-0.14933897547428399,-0.7687516852736473,0.19961944953501226,-0.28383879927050537,-0.1595839353828651,-0.21213204,-0.21213204,2
710,-0.7687516852736473,0.19961944953501226,-0.28383879927050537,-0.1595839353828651,-0.5382249795794487,0.17839971370100977,0.24590008560764723,-0.0011224975141661702,0.3,0.0,3
711,-0.5382249795794487,0.17839971370100977,0.24590008560764723,-0.0011224975141661702,-0.7159646263718605,0.046964867725223305,-0.25722322629844374,-0.1613460122350548,-0.21213204,-0.21213204,2
712,-0.7159646263718605,0.046964867725223305,-0.25722322629844374,-0.1613460122350548,-0.7385186261296272,-0.22403671385347845,-0.00806110625909821,-0.2857791500676465,0.0,-0.3,1
713,-0.7385186261296272,-0.22403671385347845,-0.00806110625909821,-0.2857791500676465,-0.47562679039239886,-0.25822367548942565,0.25876028251444344,-0.0009932719072244375,0.3,0.0,3
714,-0.47562679039239886,-0.25822367548942565,0.25876028251444344,-0.0009932719072244375,-0.654641525888443,-0.3827261318862438,-0.26771129344264094,-0.16066506500138988,-0.21213204,-0.21213204,2
715,-0.654641525888443,-0.3827261318862438,-0.26771129344264094,-0.16066506500138988,-0.7148256877779962,-0.16033368386924268,-0.0012758320423461396,0.31197143759355517,0.0,0.3,5
716,-0.7148256877779962,-0.16033368386924268,-0.0012758320423461396,0.31197143759355517,-0.714202480840683,-0.11956194790750743,0.000548115273449259,-0.00010684909471220141,0.0,0.0,0
717,-0.714202480840683,-0.11956194790750743,0.000548115273449259,-0.00010684909471220141,-0.9900693909406661,-0.12043224733620883,-0.2755404490487346,-0.0043041379960733536,-0.3,0.0,7
718,-0.9900693909406661,-0.12043224733620883,-0.2755404490487346,-0.0043041379960733536,-1.2672664534807208,0.0045893141211010525,-0.28724563158781025,0.1264004929260728,-0.21213204,0.21213204,4
719,-1.2672664534807208,0.0045893141211010525,-0.28724563158781025,0.1264004929260728,-1.311914810204506,0.016675962611660364,0.0006705314646142006,7.633534263827289e-05,0.0,0.0,0
720,-1.311914810204506,0.016675962611660364,0.0006705314646142006,7.633534263827289e-05,-1.5567814507246018,0.1319899832248688,-0.27948713780631057,0.12996905309536902,-0.21213204,0.21213204,4
721,-1.5567814507246018,0.1319899832248688,-0.27948713780631057,0.12996905309536902,-1.8446691439390186,0.14278728898167609,-0.2064491150979259,-0.0030743016250680804,-0.3,0.0,7
722,-1.8446691439390186,0.14278728898167609,-0.2064491150979259,-0.0030743016250680804,-1.8899954640865326,0.1429127541869879,-0.0041308429691533505,-0.00843437753580736,0.0,0.0,0
723,-1.8899954640865326,0.1429127541869879,-0.0041308429691533505,-0.00843437753580736,-2.1585142132759096,0.1379927496999502,-0.27753065183058534,0.007395931884424668,-0.3,0.0,7
724,-2.1585142132759096,0.1379927496999502,-0.27753065183058534,0.007395931884424668,-2.2076413125991823,0.13683526698350906,-0.003759571891034137,-0.0013784745659699406,0.0,0.0,0
725,-2.2076413125991823,0.13683526698350906,-0.003759571891034137,-0.0013784745659699406,-1.962675686454773,0.2650675374507904,0.3371708825729425,0.13910089815407525,0.21213204,0.21213204,6
726,-1.962675686454773,0.2650675374507904,0.3371708825729425,0.13910089815407525,-2.1472956112384796,0.14788701746463775,-0.30421951135603376,-0.1857601453991169,-0.21213204,-0.21213204,2
727,-2.1472956112384796,0.14788701746463775,-0.30421951135603376,-0.1857601453991169,-2.1872654108047485,0.3796988466203213,0.01382109931584131,0.3156708508303444,0.0,0.3,5
728,-2.1872654108047485,0.3796988466203213,0.01382109931584131,0.3156708508303444,-1.9181368506669998,0.4149787525832653,0.27544783294595243,0.0006253583702991719,0.3,0.0,3
729,-1.9181368506669998,0.4149787525832653,0.27544783294595243,0.0006253583702991719,-2.105044245815277,0.531165042102337,-0.2674215678470386,0.13522499069570515,-0.21213204,0.21213204,4
730,-2.105044245815277,0.531165042102337,-0.2674215678470386,0.13522499069570515,-2.1366648883342743,0.7960187988162041,-0.006650369557013719,0.31834400525520445,0.0,0.3,5
731,-2.1366648883342743,0.7960187988162041,-0.006650369557013719,0.31834400525520445,-1.9067216811180117,0.9716952956199646,0.23274023299227492,0.15526067886099526,0.21213204,0.21213204,6
732,-1.9067216811180117,0.9716952956199646,0.23274023299227492,0.15526067886099526,-2.0882544907093052,0.8583882997751237,-0.26463537899829104,-0.16741515608776336,-0.21213204,-0.21213204,2
733,-2.0882544907093052,0.8583882997751237,-0.26463537899829104,-0.16741515608776336,-1.8914099668741229,0.6981136033296584,0.2856696792660169,-0.14433657089954352,0.21213204,-0.21213204,8
734,-1.8914099668741229,0.6981136033296584,0.2856696792660169,-0.14433657089954352,-1.6322956368207933,0.8206971820473671,0.2693520473446515,0.13861034220074178,0.21213204,0.21213204,6
735,-1.6322956368207933,0.8206971820473671,0.2693520473446515,0.13861034220074178,-1.821764364862442,0.9655926555395127,-0.2804325545552748,0.1358660716710888,-0.21213204,0.21213204,4
736,-1.821764364862442,0.9655926555395127,-0.2804325545552748,0.1358660716710888,-2.0755340922832493,0.8209765607357026,-0.2548187378195827,-0.1493993643765248,-0.21213204,-0.21213204,2
737,-2.0755340922832493,0.8209765607357026,-0.2548187378195827,-0.1493993643765248,-2.124619291496277,1.0429233238458635,-0.005078288217710049,0.2865584250980658,0.0,0.3,5
738,-2.124619291496277,1.0429233238458635,-0.005078288217710049,0.2865584250980658,-2.121903028535843,0.8127243097901344,0.005979656393939305,-0.31908105263160436,0.0,-0.3,1
739,-2.121903028535843,0.8127243097901344,0.005979656393939305,-0.31908105263160436,-2.125869045829773,1.0178181235074997,-0.0007915352683780853,0.2811022584208653,0.0,0.3,5
740,-2.125869045829773,1.0178181235074997,-0.0007915352683780853,0.2811022584208653,-1.8585509104490279,1.0558194045066833,0.28280307551612877,0.0024699414650716654,0.3,0.0,3
741,-1.8585509104490279,1.0558194045066833,0.28280307551612877,0.0024699414650716654,-2.0407222145080564,1.1774765703439714,-0.2876572127141853,0.14455706047988,-0.21213204,0.21213204,4
742,-2.0407222145080564,1.1774765703439714,-0.2876572127141853,0.14455706047988,-2.0818333478450777,1.1923458677768708,1.3693430032153285e-05,-0.0005767002914029993,0.0,0.0,0
743,-2.0818333478450777,1.1923458677768708,1.3693430032153285e-05,-0.0005767002914029993,-2.08178363904953,1.1923022646665573,0.0002015685143628725,-0.0016510520568943214,0.0,0.0,0
744,-2.08178363904953,1.1923022646665573,0.0002015685143628725,-0.0016510520568943214,-2.0818346708297732,1.1923512145757675,0.00019276969230269181,-0.0012621656557064828,0.0,0.0,0
745,-2.0818346708297732,1.1923512145757675,0.00019276969230269181,-0.0012621656557064828,-1.8044790568828586,1.1933904050827027,0.29079463684193824,0.02604893913606422,0.3,0.0,3
746,-1.8044790568828586,1.1933904050827027,0.29079463684193824,0.02604893913606422,-1.7461087941646576,1.4480550061941149,0.012522418503221836,0.29545349416195527,0.0,0.3,5
747,-1.7461087941646576,1.4480550061941149,0.012522418503221836,0.29545349416195527,-1.9607536515235904,1.3399577282667159,-0.2706734148066346,-0.15466659366602026,-0.21213204,-0.21213204,2
748,-1.9607536515235904,1.3399577282667159,-0.2706734148066346,-0.15466659366602026,-2.2255917470932007,1.4630267054080963,-0.2619189370058077,0.1427109925664113,-0.21213204,0.21213204,4
749,-2.2255917470932007,1.4630267054080963,-0.2619189370058077,0.1427109925664113,-1.996103061127663,1.485603786969185,0.2540696590717595,0.007143035343979753,0.3,0.0,3
750,-1.996103061127663,1.485603786969185,0.2540696590717595,0.007143035343979753,-1.9510234165906908,1.721565866947174,-0.030185618771339955,0.3182019328352114,0.0,0.3,5
751,-1.9510234165906908,1.721565866947174,-0.030185618771339955,0.3182019328352114,-1.717920421743393,1.8831494653701784,0.2788213082931183,0.1392167210200865,0.21213204,0.21213204,6
752,-1.717920421743393,1.8831494653701784,0.2788213082931183,0.1392167210200865,-1.4236116870164872,1.8907180683851241,0.31957009150904936,-0.007125569026347639,0.3,0.0,3
753,-1.4236116870164872,1.8907180683851241,0.31957009150904936,-0.007125569026347639,-1.1427681476831437,1.7338468698740008,0.28744101094607316,-0.15086704936649542,0.21213204,-0.21213204,8
754,-1.1427681476831437,1.7338468698740008,0.28744101094607316,-0.15086704936649542,-1.1026448273897171,1.7174252953529359,0.00015668177706431644,0.005685860436522177,0.0,0.0,0
755,-1.1026448273897171,1.7174252953529359,0.00015668177706431644,0.005685860436522177,-1.0947163828372957,1.953914534020424,0.020648891218721183,0.2898777516890978,0.0,0.3,5
756,-1.0947163828372957,1.953914534020424,0.020648891218721183,0.2898777516890978,-0.8577813176989556,2.1308842800617223,0.27780438402516816,0.13809712504511307,0.21213204,0.21213204,6
757,-0.8577813176989556,2.1308842800617223,0.27780438402516816,0.13809712504511307,-0.8101201547265053,1.902749900555611,-0.023564045430019668,-0.30981182726109496,0.0,-0.3,1
758,-0.8101201547265053,1.902749900555611,-0.023564045430019668,-0.30981182726109496,-1.0336872711896898,1.9948246873378754,-0.27405854088400167,0.1424265970363261,-0.21213204,0.21213204,4
759,-1.0336872711896898,1.9948246873378754,-0.27405854088400167,0.1424265970363261,-1.0735402136802674,2.0089808435440064,9.106775197811017e-05,-0.00020048960110155206,0.0,0.0,0
760,-1.0735402136802674,2.0089808435440064,9.106775197811017e-05,-0.00020048960110155206,-1.073583825492859,2.0089848513126376,-0.00019927354676808488,0.00016003526407521723,0.0,0.0,0
761,-1.073583825492859,2.0089848513126376,-0.00019927354676808488,0.00016003526407521723,-1.3074992075443268,1.8723073296308521,-0.2682152818088969,-0.1594711124710276,-0.21213204,-0.21213204,2
762,-1.3074992075443268,1.8723073296308521,-0.2682152818088969,-0.1594711124710276,-1.1105001670360566,1.9754696794748308,0.27922539964118087,0.16329535515503446,0.21213204,0.21213204,6
763,-1.1105001670360566,1.9754696794748308,0.27922539964118087,0.16329535515503446,-1.297745533823967,2.1164289402961733,-0.28154959775984706,0.11987951945853859,-0.21213204,0.21213204,4
764,-1.297745533823967,2.1164289402961733,-0.28154959775984706,0.11987951945853859,-1.0569361080169677,2.1312872797966005,0.24298836055201778,-0.008267136426215658,0.3,0.0,3
765,-1.0569361080169677,2.1312872797966005,0.24298836055201778,-0.008267136426215658,-0.7802244636535645,1.9803898772478103,0.2691507267388221,-0.14976739008774737,0.21213204,-0.21213204,8
766,-0.7802244636535645,1.9803898772478103,0.2691507267388221,-0.14976739008774737,-0.7420363339662552,1.964282115674019,2.1741987189842737e-05,0.00021667413945069728,0.0,0.0,0
767,-0.7420363339662552,1.964282115674019,2.1741987189842737e-05,0.00021667413945069728,-0.7414858330488207,2.2348033802032474,0.013255074887439561,0.32299213408173216,0.0,0.3,5
768,-0.7414858330488207,2.2348033802032474,0.013255074887439561,0.32299213408173216,-0.9673686462044717,2.138162207221985,-0.2718969256287411,-0.16130569223285485,-0.21213204,-0.21213204,2
769,-0.9673686462044717,2.138162207221985,-0.2718969256287411,-0.16130569223285485,-0.7268184769868851,2.1161731798172,0.258670408971729,0.0002698926978972078,0.3,0.0,3
770,-0.7268184769868851,2.1161731798172,0.258670408971729,0.0002698926978972078,-0.6739332179069519,1.866689535522461,-0.002788393257832908,-0.29927415117426653,0.0,-0.3,1
771,-0.6739332179069519,1.866689535522461,-0.002788393257832908,-0.29927415117426653,-0.4346757036983967,1.6910802569389345,0.2683545146030023,-0.16171917938231686,0.21213204,-0.21213204,8
772,-0.4346757036983967,1.6910802569389345,0.2683545146030023,-0.16171917938231686,-0.1310298478484154,1.686651525402069,0.3220627934232215,0.0010807053615257826,0.3,0.0,3
773,-0.1310298478484154,1.686651525402069,0.3220627934232215,0.0010807053615257826,-0.07567929749488832,1.4491462057590485,0.013012965196509345,-0.30139473456418797,0.0,-0.3,1
774,-0.07567929749488832,1.4491462057590485,0.013012965196509345,-0.30139473456418797,-0.3369362268149853,1.4105663491010667,-0.2766397042219112,0.005947145436540289,-0.3,0.0,7
775,-0.3369362268149853,1.4105663491010667,-0.2766397042219112,0.005947145436540289,-0.3776595976173878,1.1643093296289444,0.016639830276337288,-0.2941795975489339,0.0,-0.3,1
776,-0.3776595976173878,1.1643093296289444,0.016639830276337288,-0.2941795975489339,-0.36124530547857286,0.8699124695301057,0.01721932422954256,-0.2821885594150959,0.0,-0.3,1
777,-0.36124530547857286,0.8699124695301057,0.01721932422954256,-0.2821885594150959,-0.5884439705967903,0.6850949702620507,-0.2640769244259177,-0.15750431706323406,-0.21213204,-0.21213204,2
778,-0.5884439705967903,0.6850949702620507,-0.2640769244259177,-0.15750431706323406,-0.8625840836167337,0.8055708532810211,-0.26862669809405343,0.12277952737663674,-0.21213204,0.21213204,4
779,-0.8625840836167337,0.8055708532810211,-0.26862669809405343,0.12277952737663674,-1.1549563333511352,0.8146750807881357,-0.29696798725591456,-0.0029952723546156947,-0.3,0.0,7
780,-1.1549563333511352,0.8146750807881357,-0.29696798725591456,-0.0029952723546156947,-1.419800593328476,0.9463896973729135,-0.2597528867581084,0.13053385533908016,-0.21213204,0.21213204,4
781,-1.419800593328476,0.9463896973729135,-0.2597528867581084,0.13053385533908016,-1.7117460694074633,0.9571410724639893,-0.2756584188046131,0.02175806558965225,-0.3,0.0,7
782,-1.7117460694074633,0.9571410724639893,-0.2756584188046131,0.02175806558965225,-1.5192886306524276,1.0863139402627946,0.2795927880386812,0.12883442543016357,0.21213204,0.21213204,6
783,-1.5192886306524276,1.0863139402627946,0.2795927880386812,0.12883442543016357,-1.2276638221263885,1.0949866672992707,0.27157446810923114,-0.0019004086599052681,0.3,0.0,3
784,-1.2276638221263885,1.0949866672992707,0.27157446810923114,-0.0019004086599052681,-1.417314854502678,0.958350037407875,-0.2723911873551027,-0.1493614561956706,-0.21213204,-0.21213204,2
785,-1.417314854502678,0.958350037407875,-0.2723911873551027,-0.1493614561956706,-1.4499480593681338,0.9424501791119577,-0.00046024831246742006,-0.004465751994120937,0.0,0.0,0
786,-1.4499480593681338,0.9424501791119577,-0.00046024831246742006,-0.004465751994120937,-1.2036405646562578,1.0625196195602418,0.27643418409666126,0.1264558102124956,0.21213204,0.21213204,6
787,-1.2036405646562578,1.0625196195602418,0.27643418409666126,0.1264558102124956,-0.9370558375954628,0.9194125488877296,0.26978423286606995,-0.161250595864113,0.21213204,-0.21213204,8
788,-0.9370558375954628,0.9194125488877296,0.26978423286606995,-0.161250595864113,-0.6598926226973534,0.7631240926265718,0.27323706266484393,-0.15182279951820354,0.21213204,-0.21213204,8
789,-0.6598926226973534,0.7631240926265718,0.27323706266484393,-0.15182279951820354,-0.3968511933922768,0.8868229666113854,0.29295582353487065,0.14348450796343865,0.21213204,0.21213204,6
790,-0.3968511933922768,0.8868229666113854,0.29295582353487065,0.14348450796343865,-0.11028158141672613,1.0342031556129456,0.26600465989763056,0.14682196886125115,0.21213204,0.21213204,6
791,-0.11028158141672613,1.0342031556129456,0.26600465989763056,0.14682196886125115,-0.29581434369087223,0.9280202460408211,-0.2527337973476534,-0.1427496141512285,-0.21213204,-0.21213204,2
792,-0.29581434369087223,0.9280202460408211,-0.2527337973476534,-0.1427496141512285,-0.0564672373443842,0.9099118028521539,0.2618695702102851,-0.0024594503237823917,0.3,0.0,3
793,-0.0564672373443842,0.9099118028521539,0.2618695702102851,-0.0024594503237823917,0.003210921077243984,0.6740446619033813,0.016819750275303504,-0.2722213121043849,0.0,-0.3,1
794,0.003210921077243984,0.6740446619033813,0.016819750275303504,-0.2722213121043849,-0.21556002464294435,0.5087284105300903,-0.25178512365597766,-0.12794215973711937,-0.21213204,-0.21213204,2
795,-0.21556002464294435,0.5087284105300903,-0.25178512365597766,-0.12794215973711937,0.02098712808005512,0.4929586311280728,0.2593623997495938,-0.0015210909120888037,0.3,0.0,3
796,0.02098712808005512,0.4929586311280728,0.2593623997495938,-0.0015210909120888037,0.0674861121416092,0.4939743218421936,-0.0021040078898555835,0.002465510777515487,0.0,0.0,0
797,0.0674861121416092,0.4939743218421936,-0.0021040078898555835,0.002465510777515487,0.08101954528987408,0.7623368350505829,0.02312414656990194,0.32035960183644313,0.0,0.3,5
798,0.08101954528987408,0.7623368350505829,0.02312414656990194,0.32035960183644313,0.3150112357676029,0.9427783668279648,0.266842884130743,0.1448649768098324,0.21213204,0.21213204,6
799,0.3150112357676029,0.9427783668279648,0.266842884130743,0.1448649768098324,0.08496090305149555,0.9703768410921098,-0.2619542227048349,0.011889993286751119,-0.3,0.0,7
800,0.08496090305149555,0.9703768410921098,-0.2619542227048349,0.011889993286751119,0.26590567320585257,1.0989365506887436,0.26555267853362974,0.15084848055167455,0.21213204,0.21213204,6
801,0.26590567320585257,1.0989365506887436,0.26555267853362974,0.15084848055167455,0.026506213134899738,1.122084626078606,-0.2693776310626204,-1.2481355123075645e-06,-0.3,0.0,7
802,0.026506213134899738,1.122084626078606,-0.2693776310626204,-1.2481355123075645e-06,-0.27225756815075874,1.1185741555929185,-0.3054403933722209,-1.184094398236677e-05,-0.3,0.0,7
803,-0.27225756815075874,1.1185741555929185,-0.3054403933722209,-1.184094398236677e-05,-0.3043422526896,0.8726837034344674,0.007254126085720456,-0.28786639307918993,0.0,-0.3,1
804,-0.3043422526896,0.8726837034344674,0.007254126085720456,-0.28786639307918993,-0.033480399994552136,0.8420505024909974,0.28871725458433983,0.007175331432262178,0.3,0.0,3
805,-0.033480399994552136,0.8420505024909974,0.28871725458433983,0.007175331432262178,0.23411123996675018,0.9945958218216897,0.2470371915294507,0.1402252022949443,0.21213204,0.21213204,6
806,0.23411123996675018,0.9945958218216897,0.2470371915294507,0.1402252022949443,0.2716775043010712,1.0099188516616822,8.679858668272578e-05,8.294835328503524e-06,0.0,0.0,0
807,0.2716775043010712,1.0099188516616822,8.679858668272578e-05,8.294835328503524e-06,-0.0017745257906615736,1.011145317196846,-0.2796923766594784,0.007770489869018658,-0.3,0.0,7
808,-0.0017745257906615736,1.011145317196846,-0.2796923766594784,0.007770489869018658,0.17908673187792304,0.8881897623419763,0.2837204581107856,-0.14142912342038236,0.21213204,-0.21213204,8
809,0.17908673187792304,0.8881897623419763,0.2837204581107856,-0.14142912342038236,0.4743244026899338,0.8766635365843773,0.2980526346842324,0.0011250857575042634,0.3,0.0,3
810,0.4743244026899338,0.8766635365843773,0.2980526346842324,0.0011250857575042634,0.5193587054610252,0.6228418198943139,-0.003212814085922339,-0.2985681218119348,0.0,-0.3,1
811,0.5193587054610252,0.6228418198943139,-0.003212814085922339,-0.2985681218119348,0.5183651938557625,0.5898526397228241,-0.00023304666097620074,2.3929832961013756e-05,0.0,0.0,0
812,0.5183651938557625,0.5898526397228241,-0.00023304666097620074,2.3929832961013756e-05,0.7666806352496147,0.4685938061594963,0.2828659548587336,-0.13558335503011607,0.21213204,-0.21213204,8
813,0.7666806352496147,0.4685938061594963,0.2828659548587336,-0.13558335503011607,0.8004874711632729,0.45678089239001274,-0.0005673712118109366,-0.00019406570996467997,0.0,0.0,0
814,0.8004874711632729,0.45678089239001274,-0.0005673712118109366,-0.00019406570996467997,1.0195011140108108,0.5812436771631242,0.2807267113749263,0.15735884116108484,0.21213204,0.21213204,6
815,1.0195011140108108,0.5812436771631242,0.2807267113749263,0.15735884116108484,1.1020909809827804,0.4158099898934365,-0.006219989860664734,-0.26403673436074054,0.0,-0.3,1
816,1.1020909809827804,0.4158099898934365,-0.006219989860664734,-0.26403673436074054,1.3306060687541963,0.25610711145997045,0.28279738436886104,-0.11509248389176858,0.21213204,-0.21213204,8
817,1.3306060687541963,0.25610711145997045,0.28279738436886104,-0.11509248389176858,1.3723168820142746,0.02768313333243132,0.009302623407409897,-0.24220048372540365,0.0,-0.3,1
818,1.3723168820142746,0.02768313333243132,0.009302623407409897,-0.24220048372540365,1.3727218570232393,-0.0016593405686318877,0.003375934623585589,-0.0006198359321361311,0.0,0.0,0
819,1.3727218570232393,-0.0016593405686318877,0.003375934623585589,-0.0006198359321361311,1.1243558632135393,-0.10573499936461449,-0.27600835014952124,-0.11555131946788771,-0.21213204,-0.21213204,2
820,1.1243558632135393,-0.10573499936461449,-0.27600835014952124,-0.11555131946788771,1.088754554128647,-0.35633689206242564,0.002840452085235357,-0.287610000205438,0.0,-0.3,1
821,1.088754554128647,-0.35633689206242564,0.002840452085235357,-0.287610000205438,1.3539401729106904,-0.38935426720380784,0.26397397969777947,0.004623889810480492,0.3,0.0,3
822,1.3539401729106904,-0.38935426720380784,0.26397397969777947,0.004623889810480492,1.39711076567173,-0.38893080801367763,-0.00091541583144321,-0.003226586860529695,0.0,0.0,0
823,1.39711076567173,-0.38893080801367763,-0.00091541583144321,-0.003226586860529695,1.3969111215829852,-0.38909997694492343,0.0021711574264366884,0.006074621915385997,0.0,0.0,0
824,1.3969111215829852,-0.38909997694492343,0.0021711574264366884,0.006074621915385997,1.6465080491542816,-0.52218102029562,0.2764963625346184,-0.15973665368051615,0.21213204,-0.21213204,8
825,1.6465080491542816,-0.52218102029562,0.2764963625346184,-0.15973665368051615,1.6834326484918596,-0.8071080510258675,0.004282196911686614,-0.30004884628774237,0.0,-0.3,1
826,1.6834326484918596,-0.8071080510258675,0.004282196911686614,-0.30004884628774237,1.4647612676143649,-0.9913237277269364,-0.2573253710356496,-0.14957437466083595,-0.21213204,-0.21213204,2
827,1.4647612676143649,-0.9913237277269364,-0.2573253710356496,-0.14957437466083595,1.18807544066906,-1.1370375440359117,-0.28687517034435533,-0.14255416149892092,-0.21213204,-0.21213204,2
828,1.18807544066906,-1.1370375440359117,-0.28687517034435533,-0.14255416149892092,0.8931057945132256,-1.14832975564003,-0.30093749839601713,0.00527146736472346,-0.3,0.0,7
829,0.8931057945132256,-1.14832975564003,-0.30093749839601713,0.00527146736472346,0.8609962004542352,-1.3858511855363846,0.007963319628592543,-0.2879145859950061,0.0,-0.3,1
830,0.8609962004542352,-1.3858511855363846,0.007963319628592543,-0.2879145859950061,0.8610606067061425,-1.420708983039856,0.0005990966815648788,3.8191019486477184e-05,0.0,0.0,0
831,0.8610606067061425,-1.420708983039856,0.0005990966815648788,3.8191019486477184e-05,0.8629745487928392,-1.1621234912157057,-0.01589839448202943,0.3171613788287239,0.0,0.3,5
832,0.8629745487928392,-1.1621234912157057,-0.01589839448202943,0.3171613788287239,0.5994476094841956,-1.1170123428583145,-0.2724100400428763,0.003896498400777582,-0.3,0.0,7
833,0.5994476094841956,-1.1170123428583145,-0.2724100400428763,0.003896498400777582,0.5508511699676515,-1.342687835264206,0.0021056707369312214,-0.2842437745473336,0.0,-0.3,1
834,0.5508511699676515,-1.342687835264206,0.0021056707369312214,-0.2842437745473336,0.3190813334703445,-1.245375322031975,-0.29354197997595555,0.14867545200248888,-0.21213204,0.21213204,4
835,0.3190813334703445,-1.245375322031975,-0.29354197997595555,0.14867545200248888,0.2779144158899784,-1.2301877944946291,-0.0042376680138926474,-0.0015782294162596405,0.0,0.0,0
836,0.2779144158899784,-1.2301877944946291,-0.0042376680138926474,-0.0015782294162596405,0.2780701186954975,-1.2301202508211138,-0.0017858052225001712,-0.0013332422246426622,0.0,0.0,0
837,0.2780701186954975,-1.2301202508211138,-0.0017858052225001712,-0.0013332422246426622,0.4916772745192051,-1.338495111322403,0.2762346630568555,-0.13718079997364152,0.21213204,-0.21213204,8
838,0.4916772745192051,-1.338495111322403,0.2762346630568555,-0.13718079997364152,0.5277265036821366,-1.0951780143737795,-0.01721126445298472,0.32838284962198794,0.0,0.3,5
839,0.5277265036821366,-1.0951780143737795,-0.01721126445298472,0.32838284962198794,0.758844752418995,-0.9076138459444048,0.2806060128353826,0.1687838007197011,0.21213204,0.21213204,6
840,0.758844752418995,-0.9076138459444048,0.2806060128353826,0.1687838007197011,0.8062033899426461,-1.1219120866537096,0.005374577514582584,-0.26485719765446314,0.0,-0.3,1
841,0.8062033899426461,-1.1219120866537096,0.005374577514582584,-0.26485719765446314,0.572787881577015,-1.284990300822258,-0.29140710829345917,-0.14029732009285817,-0.21213204,-0.21213204,2
842,0.572787881577015,-1.284990300822258,-0.29140710829345917,-0.14029732009285817,0.2758143290221691,-1.2983382678508757,-0.28613601830035335,0.0009756597316186506,-0.3,0.0,7
843,0.2758143290221691,-1.2983382678508757,-0.28613601830035335,0.0009756597316186506,0.45869187816977497,-1.170266009068489,0.2799572620689924,0.1618396845183633,0.21213204,0.21213204,6
844,0.45869187816977497,-1.170266009068489,0.2799572620689924,0.1618396845183633,0.492414705145359,-1.1544119265556336,0.0008665990915423896,-0.0001959369922129487,0.0,0.0,0
845,0.492414705145359,-1.1544119265556336,0.0008665990915423896,-0.0001959369922129487,0.7658309664249421,-1.1462303673505785,0.2848243445271535,0.007099375371864337,0.3,0.0,3
846,0.7658309664249421,-1.1462303673505785,0.2848243445271535,0.007099375371864337,0.8110489539623261,-1.1447944194555282,-0.002095150467006171,-0.0005463295946214406,0.0,0.0,0
847,0.8110489539623261,-1.1447944194555282,-0.002095150467006171,-0.0005463295946214406,0.820773589873314,-1.3919169985532762,-0.0008941975155575968,-0.2881092529637744,0.0,-0.3,1
848,0.820773589873314,-1.3919169985532762,-0.0008941975155575968,-0.2881092529637744,0.8358009239196778,-1.6858833827733994,0.03762181483993042,-0.28584433885856997,0.0,-0.3,1
849,0.8358009239196778,-1.6858833827733994,0.03762181483993042,-0.28584433885856997,0.8550593974590301,-1.9839262196540832,-0.0071906159784916115,-0.29752860599891573,0.0,-0.3,1
850,0.8550593974590301,-1.9839262196540832,-0.0071906159784916115,-0.29752860599891573,0.5962444512844086,-2.0249006798744205,-0.26246603591079454,-0.0016313081015276523,-0.3,0.0,7
851,0.5962444512844086,-2.0249006798744205,-0.26246603591079454,-0.0016313081015276523,0.3246910782456398,-1.8908443454504014,-0.28453832518899097,0.14767668684310833,-0.21213204,0.21213204,4
852,0.3246910782456398,-1.8908443454504014,-0.28453832518899097,0.14767668684310833,0.5008377331197262,-1.7337581254959107,0.28201124921355947,0.1461108670373991,0.21213204,0.21213204,6
853,0.5008377331197262,-1.7337581254959107,0.28201124921355947,0.1461108670373991,0.5520773544192314,-1.9598552051067353,-0.01256527370387628,-0.28335414792625807,0.0,-0.3,1
854,0.5520773544192314,-1.9598552051067353,-0.01256527370387628,-0.28335414792625807,0.7640009168505669,-1.8635630415678026,0.2620748939914643,0.16921568010062207,0.21213204,0.21213204,6
855,0.7640009168505669,-1.8635630415678026,0.2620748939914643,0.16921568010062207,0.5765934481382371,-1.974231656074524,-0.2952182886507378,-0.17958571956740896,-0.21213204,-0.21213204,2
856,0.5765934481382371,-1.974231656074524,-0.2952182886507378,-0.17958571956740896,0.8130411151170731,-1.9977490111827851,0.26008602587778706,-0.0034248460042606106,0.3,0.0,3
857,0.8130411151170731,-1.9977490111827851,0.26008602587778706,-0.0034248460042606106,0.6331344055652618,-1.8794461964130404,-0.26838991794794703,0.13551527482000172,-0.21213204,0.21213204,4
858,0.6331344055652618,-1.8794461964130404,-0.26838991794794703,0.13551527482000172,0.5845273669958115,-1.8651247580289843,0.0010138082582753383,2.2905875563033654e-05,0.0,0.0,0
859,0.5845273669958115,-1.8651247580289843,0.0010138082582753383,2.2905875563033654e-05,0.8600683851242066,-1.8650160777091982,0.29697327729987416,0.0019241992214517817,0.3,0.0,3
860,0.8600683851242066,-1.8650160777091982,0.29697327729987416,0.0019241992214517817,0.6794875867009164,-1.7463490330457687,-0.2738978821943932,0.12672703515870215,-0.21213204,0.21213204,4
861,0.6794875867009164,-1.7463490330457687,-0.2738978821943932,0.12672703515870215,0.425980190807581,-1.6054526590824125,-0.2688088082818929,0.15846623721006603,-0.21213204,0.21213204,4
862,0.425980190807581,-1.6054526590824125,-0.2688088082818929,0.15846623721006603,0.14037530232965947,-1.462461038351059,-0.2866461128924162,0.15484710420947262,-0.21213204,0.21213204,4
863,0.14037530232965947,-1.462461038351059,-0.2866461128924162,0.15484710420947262,-0.14235535946190359,-1.311721113228798,-0.27315577723605006,0.1391436580550211,-0.21213204,0.21213204,4
864,-0.14235535946190359,-1.311721113228798,-0.27315577723605006,0.1391436580550211,-0.18812570158839229,-1.527568232893944,-0.003333065408884074,-0.2600700229601202,0.0,-0.3,1
865,-0.18812570158839229,-1.527568232893944,-0.003333065408884074,-0.2600700229601202,-0.19040878173708917,-1.3030935296535495,0.013186672476071306,0.2858022567285611,0.0,0.3,5
866,-0.19040878173708917,-1.3030935296535495,0.013186672476071306,0.2858022567285611,-0.4048106759011746,-1.395667894077301,-0.273106347509606,-0.15895846468764646,-0.21213204,-0.21213204,2
867,-0.4048106759011746,-1.395667894077301,-0.273106347509606,-0.15895846468764646,-0.6582710139393806,-1.2760503736019135,-0.27112349071310493,0.1419439942784061,-0.21213204,0.21213204,4
868,-0.6582710139393806,-1.2760503736019135,-0.27112349071310493,0.1419439942784061,-0.4222977024257183,-1.2526872421741486,0.2489595592995048,-0.0017057537791776221,0.3,0.0,3
869,-0.4222977024257183,-1.2526872421741486,0.2489595592995048,-0.0017057537791776221,-0.3643222852051259,-1.0130205300807953,0.011645942722782356,0.28101991559080686,0.0,0.3,5
870,-0.3643222852051259,-1.0130205300807953,0.011645942722782356,0.28101991559080686,-0.5847188703775406,-0.8426624382376671,-0.27725274560511565,0.1323486426099475,-0.21213204,0.21213204,4
871,-0.5847188703775406,-0.8426624382376671,-0.27725274560511565,0.1323486426099475,-0.6245328307032586,-0.5818498390197754,-0.012154777052703639,0.29834065448823227,0.0,0.3,5
872,-0.6245328307032586,-0.5818498390197754,-0.012154777052703639,0.29834065448823227,-0.8593906641602517,-0.4056387516975404,-0.28581682934376196,0.15957561661094058,-0.21213204,0.21213204,4
873,-0.8593906641602517,-0.4056387516975404,-0.28581682934376196,0.15957561661094058,-0.9213337441682816,-0.13725609007477763,-0.021279640011613872,0.27991381981694813,0.0,0.3,5
874,-0.9213337441682816,-0.13725609007477763,-0.021279640011613872,0.27991381981694813,-0.9356780799269677,-0.34625344120264057,-0.011286744990361865,-0.2899217667794865,0.0,-0.3,1
875,-0.9356780799269677,-0.34625344120264057,-0.011286744990361865,-0.2899217667794865,-0.9640934162974358,-0.13529545369744303,-0.023149236094037063,0.2843628450295007,0.0,0.3,5
876,-0.9640934162974358,-0.13529545369744303,-0.023149236094037063,0.2843628450295007,-1.2298440072059633,-0.1081743641704321,-0.2649231614329106,-0.008021894230350294,-0.3,0.0,7
877,-1.2298440072059633,-0.1081743641704321,-0.2649231614329106,-0.008021894230350294,-1.056701774764061,0.0052098715201485905,0.27368842411087946,0.1384501751357155,0.21213204,0.21213204,6
878,-1.056701774764061,0.0052098715201485905,0.27368842411087946,0.1384501751357155,-0.8084630064368249,-0.13077794370651247,0.2354363265765972,-0.16739396920202013,0.21213204,-0.21213204,8
879,-0.8084630064368249,-0.13077794370651247,0.2354363265765972,-0.16739396920202013,-1.0032849291205406,-0.2836842298388481,-0.28557028125208545,-0.14384352685748156,-0.21213204,-0.21213204,2
880,-1.0032849291205406,-0.2836842298388481,-0.28557028125208545,-0.14384352685748156,-1.2843993261814117,-0.4126056826233864,-0.27457638100527426,-0.120445350728309,-0.21213204,-0.21213204,2
881,-1.2843993261814117,-0.4126056826233864,-0.27457638100527426,-0.120445350728309,-1.1369121909856796,-0.5389484747767449,0.28516728182154255,-0.11988651379265658,0.21213204,-0.21213204,8
882,-1.1369121909856796,-0.5389484747767449,0.28516728182154255,-0.11988651379265658,-0.8819633174419402,-0.3937575781106949,0.26114987138904455,0.17145051600301492,0.21213204,0.21213204,6
883,-0.8819633174419402,-0.3937575781106949,0.26114987138904455,0.17145051600301492,-0.8459848820090294,-0.37607552887797363,-9.84196425501566e-06,3.34547726494195e-05,0.0,0.0,0
884,-0.8459848820090294,-0.37607552887797363,-9.84196425501566e-06,3.34547726494195e-05,-1.101536006832123,-0.24652482635676862,-0.28400129915324634,0.13503417223969985,-0.21213204,0.21213204,4
885,-1.101536006832123,-0.24652482635676862,-0.28400129915324634,0.13503417223969985,-1.1444469493150713,0.0023586726120905952,-0.0029283446658913597,0.25749186651697625,0.0,0.3,5
886,-1.1444469493150713,0.0023586726120905952,-0.0029283446658913597,0.25749186651697625,-1.380109452390671,0.15865886570811272,-0.2825179967990055,0.13343833464913207,-0.21213204,0.21213204,4
887,-1.380109452390671,0.15865886570811272,-0.2825179967990055,0.13343833464913207,-1.4282430912971498,-0.08364019886255264,0.002659563776299975,-0.31339841226264414,0.0,-0.3,1
888,-1.4282430912971498,-0.08364019886255264,0.002659563776299975,-0.31339841226264414,-1.657686866402626,-0.2619858904004097,-0.2786406066337302,-0.17010262575400026,-0.21213204,-0.21213204,2
889,-1.657686866402626,-0.2619858904004097,-0.2786406066337302,-0.17010262575400026,-1.9129684736967087,-0.13306847864687443,-0.2591430516436449,0.1430208640840035,-0.21213204,0.21213204,4
890,-1.9129684736967087,-0.13306847864687443,-0.2591430516436449,0.1430208640840035,-2.1751950661182406,-0.2733704354465008,-0.30743125234436325,-0.20233655766350833,-0.21213204,-0.21213204,2
891,-2.1751950661182406,-0.2733704354465008,-0.30743125234436325,-0.20233655766350833,-1.9450310077428818,-0.29391001906991004,0.24242550480307462,0.006759618488366205,0.3,0.0,3
892,-1.9450310077428818,-0.29391001906991004,0.24242550480307462,0.006759618488366205,-1.6423852583646776,-0.2960916524350643,0.33240459227737074,-6.595579862371656e-05,0.3,0.0,3
893,-1.6423852583646776,-0.2960916524350643,0.33240459227737074,-6.595579862371656e-05,-1.3886929600238802,-0.4338368278086186,0.2624517589936584,-0.1450860479919219,0.21213204,-0.21213204,8
894,-1.3886929600238802,-0.4338368278086186,0.2624517589936584,-0.1450860479919219,-1.581266950964928,-0.5710646179318428,-0.282197250531029,-0.1506305151499335,-0.21213204,-0.21213204,2
895,-1.581266950964928,-0.5710646179318428,-0.282197250531029,-0.1506305151499335,-1.6406961690425872,-0.3532052500665188,-0.00529379763280374,0.27805303821812527,0.0,0.3,5
896,-1.6406961690425872,-0.3532052500665188,-0.00529379763280374,0.27805303821812527,-1.6401868366718293,-0.31735237687826157,0.0005200964032262633,-0.001119969243239417,0.0,0.0,0
897,-1.6401868366718293,-0.31735237687826157,0.0005200964032262633,-0.001119969243239417,-1.6300617004156115,-0.057349948600679636,0.023173694726543525,0.2908397548198697,0.0,0.3,5
898,-1.6300617004156115,-0.057349948600679636,0.023173694726543525,0.2908397548198697,-1.6210947931289672,0.24221547520160674,-0.002542725457216897,0.25921894028763326,0.0,0.3,5
899,-1.6210947931289672,0.24221547520160674,-0.002542725457216897,0.25921894028763326,-1.6161118922233584,0.27813171358108524,-0.0019961403505530263,0.005186921483099487,0.0,0.0,0
