,state.pn,state.pe,state.vn,state.ve,next_state.pn,next_state.pe,next_state.vn,next_state.ve,action_vel.vn,action_vel.ve,action
0,-1.2894190886497496,1.8015320673942568,0.00018901529998059473,6.714271526563871e-05,-1.5260116081476212,1.9046148145675663,-0.27568176465332755,0.12414226929601994,-0.21213204,0.21213204,4
1,-1.5260116081476212,1.9046148145675663,-0.27568176465332755,0.12414226929601994,-1.3297176580429078,2.047444314670563,0.2893657211770185,0.14686618851807393,0.21213204,0.21213204,6
2,-1.3297176580429078,2.047444314670563,0.2893657211770185,0.14686618851807393,-1.263462519264221,1.7983561670064927,0.019018251815624693,-0.3197541792908114,0.0,-0.3,1
3,-1.263462519264221,1.7983561670064927,0.019018251815624693,-0.3197541792908114,-1.2557402011156082,1.9980285692214967,0.019281494310362676,0.2885983962638208,0.0,0.3,5
4,-1.2557402011156082,1.9980285692214967,0.019281494310362676,0.2885983962638208,-1.4839348766803742,2.1621355930328368,-0.27204481461107327,0.14129228413782055,-0.21213204,0.21213204,4
5,-1.4839348766803742,2.1621355930328368,-0.27204481461107327,0.14129228413782055,-1.2426266218185424,2.1814725478649137,0.25887664304333746,-0.003893812315445251,0.3,0.0,3
6,-1.2426266218185424,2.1814725478649137,0.25887664304333746,-0.003893812315445251,-1.4243226302862169,2.04710967502594,-0.2689563684946809,-0.16037637903648344,-0.21213204,-0.21213204,2
7,-1.4243226302862169,2.04710967502594,-0.2689563684946809,-0.16037637903648344,-1.716372889471054,2.025752798366547,-0.3128423701108237,0.007906427060904352,-0.3,0.0,7
8,-1.716372889471054,2.025752798366547,-0.3128423701108237,0.007906427060904352,-1.4888495034456253,2.019155510377884,0.24620988907941893,-0.0077806732207569805,0.3,0.0,3
9,-1.4888495034456253,2.019155510377884,0.24620988907941893,-0.0077806732207569805,-1.6856174523591996,1.8745238006591798,-0.3006729670535342,-0.17956482148600797,-0.21213204,-0.21213204,2
10,-1.6856174523591996,1.8745238006591798,-0.3006729670535342,-0.17956482148600797,-1.9639060049057007,1.7052853619337085,-0.2889838676679401,-0.17265160142348945,-0.21213204,-0.21213204,2
11,-1.9639060049057007,1.7052853619337085,-0.2889838676679401,-0.17265160142348945,-2.242277520132065,1.538311815738678,-0.28349605649377596,-0.17548832907953546,-0.21213204,-0.21213204,2
12,-2.242277520132065,1.538311815738678,-0.28349605649377596,-0.17548832907953546,-2.3098358318328858,1.7696492113113402,-0.037676754138829184,0.33148713414728515,0.0,0.3,5
13,-2.3098358318328858,1.7696492113113402,-0.037676754138829184,0.33148713414728515,-2.342775727415085,2.072734286594391,-0.03498130709918751,0.33386360198954823,0.0,0.3,5
14,-2.342775727415085,2.072734286594391,-0.03498130709918751,0.33386360198954823,-2.2185499195575717,2.138782099676132,0.2331798025674699,-0.011018546648254812,0.3,0.0,3
15,-2.2185499195575717,2.138782099676132,0.2331798025674699,-0.011018546648254812,-1.923215237927437,2.1359165113925935,0.29860535157445395,-0.005565714130067328,0.3,0.0,3
16,-1.923215237927437,2.1359165113925935,0.29860535157445395,-0.005565714130067328,-1.6233885205984118,2.135439182853699,0.3208154950791419,-0.0081892657948626,0.3,0.0,3
17,-1.6233885205984118,2.135439182853699,0.3208154950791419,-0.0081892657948626,-1.5786449802398683,1.8600511568784714,0.010156687731098272,-0.33214451319947846,0.0,-0.3,1
18,-1.5786449802398683,1.8600511568784714,0.010156687731098272,-0.33214451319947846,-1.8078929122686385,1.6593758271694183,-0.24824316267246585,-0.1534278586687376,-0.21213204,-0.21213204,2
19,-1.8078929122686385,1.6593758271694183,-0.24824316267246585,-0.1534278586687376,-1.6208660943746567,1.7667686577081683,0.23871337307885818,0.14366930880801498,0.21213204,0.21213204,6
20,-1.6208660943746567,1.7667686577081683,0.23871337307885818,0.14366930880801498,-1.3379768936395648,1.8966854713201524,0.29386702240128915,0.1353664332749326,0.21213204,0.21213204,6
21,-1.3379768936395648,1.8966854713201524,0.29386702240128915,0.1353664332749326,-1.034471768164635,1.9033382482767105,0.3137956646065526,-0.0016813206460834771,0.3,0.0,3
22,-1.034471768164635,1.9033382482767105,0.3137956646065526,-0.0016813206460834771,-0.9949555000305176,1.9034777929067612,-0.0007869528009761946,-0.0001138866474018568,0.0,0.0,0
23,-0.9949555000305176,1.9034777929067612,-0.0007869528009761946,-0.0001138866474018568,-0.9867788417577744,1.6407794882059095,0.008198977718432247,-0.2896394791483782,0.0,-0.3,1
24,-0.9867788417577744,1.6407794882059095,0.008198977718432247,-0.2896394791483782,-0.9903344418048858,1.8453761723518374,0.003258716609121395,0.27358728178845104,0.0,0.3,5
25,-0.9903344418048858,1.8453761723518374,0.003258716609121395,0.27358728178845104,-0.9831877029061318,1.6219057590484622,0.0020768335317418877,-0.27608900704685424,0.0,-0.3,1
26,-0.9831877029061318,1.6219057590484622,0.0020768335317418877,-0.27608900704685424,-0.9820757737398148,1.5941294973134994,0.0005294577834124279,0.00020105087562009516,0.0,0.0,0
27,-0.9820757737398148,1.5941294973134994,0.0005294577834124279,0.00020105087562009516,-1.2272073318243026,1.7037701045274736,-0.2879712450754118,0.12204649988976288,-0.21213204,0.21213204,4
28,-1.2272073318243026,1.7037701045274736,-0.2879712450754118,0.12204649988976288,-1.2638067103385926,1.7138186159849165,-0.0017426665825874138,0.0014404715464540164,0.0,0.0,0
29,-1.2638067103385926,1.7138186159849165,-0.0017426665825874138,0.0014404715464540164,-1.5125410936832429,1.8197228193759918,-0.27021752577933655,0.11083394153735772,-0.21213204,0.21213204,4
30,-1.5125410936832429,1.8197228193759918,-0.27021752577933655,0.11083394153735772,-1.8008998305559158,1.9502303082704548,-0.2922664085578055,0.1546266488379747,-0.21213204,0.21213204,4
31,-1.8008998305559158,1.9502303082704548,-0.2922664085578055,0.1546266488379747,-1.8301145992517474,2.219426650953293,0.04162514486324085,0.3009922609976698,0.0,0.3,5
32,-1.8301145992517474,2.219426650953293,0.04162514486324085,0.3009922609976698,-1.8252475733041764,1.987026748418808,0.006649371062901967,-0.3205534167804256,0.0,-0.3,1
33,-1.8252475733041764,1.987026748418808,0.006649371062901967,-0.3205534167804256,-1.8327979711294176,2.1946132298469543,0.0035449584217019303,0.28772520459358303,0.0,0.3,5
34,-1.8327979711294176,2.1946132298469543,0.0035449584217019303,0.28772520459358303,-2.0980260076522828,2.22383413438797,-0.2545019039750343,0.006544364663092805,-0.3,0.0,7
35,-2.0980260076522828,2.22383413438797,-0.2545019039750343,0.006544364663092805,-2.1523375422954563,1.952290373492241,-0.0065318975895038295,-0.3033485549851378,0.0,-0.3,1
36,-2.1523375422954563,1.952290373492241,-0.0065318975895038295,-0.3033485549851378,-2.178623959255219,2.1614261495590212,-0.039109056780677186,0.2415413639066571,0.0,0.3,5
37,-2.178623959255219,2.1614261495590212,-0.039109056780677186,0.2415413639066571,-2.194861517572403,1.9243620734453202,-0.011322195426731933,-0.3078451871514516,0.0,-0.3,1
38,-2.194861517572403,1.9243620734453202,-0.011322195426731933,-0.3078451871514516,-2.1988498320579533,1.890078522181511,0.0004543560204256759,-0.00018410652154481118,0.0,0.0,0
39,-2.1988498320579533,1.890078522181511,0.0004543560204256759,-0.00018410652154481118,-1.9595889619112015,2.018002443742752,0.2916081424673459,0.16423150869686343,0.21213204,0.21213204,6
40,-1.9595889619112015,2.018002443742752,0.2916081424673459,0.16423150869686343,-1.9260596403360368,2.0346501588821413,0.007498306997697205,-0.0063874638648615594,0.0,0.0,0
41,-1.9260596403360368,2.0346501588821413,0.007498306997697205,-0.0063874638648615594,-1.9256141472339632,1.7468265748739245,-0.0248337709613997,-0.34524471640259224,0.0,-0.3,1
42,-1.9256141472339632,1.7468265748739245,-0.0248337709613997,-0.34524471640259224,-1.7000858198165893,1.83345882871151,0.26177701980090845,0.1476235563622322,0.21213204,0.21213204,6
43,-1.7000858198165893,1.83345882871151,0.26177701980090845,0.1476235563622322,-1.4114276164054873,1.841564809203148,0.2789905345429736,0.0005139665957356043,0.3,0.0,3
44,-1.4114276164054873,1.841564809203148,0.2789905345429736,0.0005139665957356043,-1.351395439696312,1.5671120857715608,0.00600221461796099,-0.32237419667015127,0.0,-0.3,1
45,-1.351395439696312,1.5671120857715608,0.00600221461796099,-0.32237419667015127,-1.6188320923805237,1.524555411887169,-0.2692011832393484,-0.013952810413826518,-0.3,0.0,7
46,-1.6188320923805237,1.524555411887169,-0.2692011832393484,-0.013952810413826518,-1.886232276082039,1.3722952972173692,-0.2703976876980079,-0.12732693250801583,-0.21213204,-0.21213204,2
47,-1.886232276082039,1.3722952972173692,-0.2703976876980079,-0.12732693250801583,-1.6413402530670167,1.3536978307724001,0.27015706339444107,-0.0088556990983557,0.3,0.0,3
48,-1.6413402530670167,1.3536978307724001,0.27015706339444107,-0.0088556990983557,-1.5858913522005083,1.0874766433000564,0.0036787056116116376,-0.30253611393948765,0.0,-0.3,1
49,-1.5858913522005083,1.0874766433000564,0.0036787056116116376,-0.30253611393948765,-1.5644615974903107,0.7853915983080865,0.006821638240450053,-0.33203871162364673,0.0,-0.3,1
50,-1.5644615974903107,0.7853915983080865,0.006821638240450053,-0.33203871162364673,-1.3418574592590333,0.882541510295868,0.2614410822953531,0.13773201569990431,0.21213204,0.21213204,6
51,-1.3418574592590333,0.882541510295868,0.2614410822953531,0.13773201569990431,-1.5716324711084366,0.8975619039654732,-0.2605633977792531,0.006315728509330057,-0.3,0.0,7
52,-1.5716324711084366,0.8975619039654732,-0.2605633977792531,0.006315728509330057,-1.5999280738592148,0.6394512080907822,0.0075507853973773974,-0.2973415415104095,0.0,-0.3,1
53,-1.5999280738592148,0.6394512080907822,0.0075507853973773974,-0.2973415415104095,-1.8643652725696565,0.5957110617041589,-0.2907237424084998,0.0065564741153533584,-0.3,0.0,7
54,-1.8643652725696565,0.5957110617041589,-0.2907237424084998,0.0065564741153533584,-1.6782248538732532,0.7122611744523049,0.28261158800581254,0.14986931334239567,0.21213204,0.21213204,6
55,-1.6782248538732532,0.7122611744523049,0.28261158800581254,0.14986931334239567,-1.643863213634491,0.9776714651703835,0.022801611896745382,0.27827991624494347,0.0,0.3,5
56,-1.643863213634491,0.9776714651703835,0.022801611896745382,0.27827991624494347,-1.8719846839904786,1.1504006545305252,-0.27298384823067223,0.14681890847649337,-0.21213204,0.21213204,4
57,-1.8719846839904786,1.1504006545305252,-0.27298384823067223,0.14681890847649337,-2.1054789075374605,1.024016889834404,-0.2177012648459578,-0.14581349891394285,-0.21213204,-0.21213204,2
58,-2.1054789075374605,1.024016889834404,-0.2177012648459578,-0.14581349891394285,-2.124978424882889,1.0027709391832353,0.002974430228557476,0.0016071646610984326,0.0,0.0,0
59,-2.124978424882889,1.0027709391832353,0.002974430228557476,0.0016071646610984326,-1.926573897957802,1.002511843276024,0.35764997140905236,0.12011940299901405,0.3,0.0,3
60,-1.926573897957802,1.002511843276024,0.35764997140905236,0.12011940299901405,-1.6392896660089493,1.1654278054475786,0.29493113793173764,0.16596047529867067,0.21213204,0.21213204,6
61,-1.6392896660089493,1.1654278054475786,0.29493113793173764,0.16596047529867067,-1.8258582430362702,1.054700627708435,-0.29246740172027047,-0.12278818593839674,-0.21213204,-0.21213204,2
62,-1.8258582430362702,1.054700627708435,-0.29246740172027047,-0.12278818593839674,-1.8520105701684952,1.2979947559356693,0.030336667591978745,0.31359036692597553,0.0,0.3,5
63,-1.8520105701684952,1.2979947559356693,0.030336667591978745,0.31359036692597553,-1.842471252632141,1.5913889344692231,0.005603348962136787,0.27394744386053616,0.0,0.3,5
64,-1.842471252632141,1.5913889344692231,0.005603348962136787,0.27394744386053616,-2.0667646122455596,1.4711041975736618,-0.2777903319530283,-0.14881685074355244,-0.21213204,-0.21213204,2
65,-2.0667646122455596,1.4711041975736618,-0.2777903319530283,-0.14881685074355244,-1.8642316498279574,1.5748084998846055,0.3012748827792394,0.11703517742593175,0.21213204,0.21213204,6
66,-1.8642316498279574,1.5748084998846055,0.3012748827792394,0.11703517742593175,-2.0589018399238586,1.4522217900514602,-0.2606963262803161,-0.1862594578152631,-0.21213204,-0.21213204,2
67,-2.0589018399238586,1.4522217900514602,-0.2606963262803161,-0.1862594578152631,-1.863086421751976,1.5601019012689592,0.2633948728231449,0.15207587389534516,0.21213204,0.21213204,6
68,-1.863086421751976,1.5601019012689592,0.2633948728231449,0.15207587389534516,-2.10105619225502,1.572042550635338,-0.2580856115204843,-0.010415708462869556,-0.3,0.0,7
69,-2.10105619225502,1.572042550635338,-0.2580856115204843,-0.010415708462869556,-2.143411060857773,1.3016066717863084,-0.0004847870952853163,-0.31330151887172314,0.0,-0.3,1
70,-2.143411060857773,1.3016066717863084,-0.0004847870952853163,-0.31330151887172314,-2.1457567707538607,1.5164520776987074,0.017688850712155046,0.2912344638720874,0.0,0.3,5
71,-2.1457567707538607,1.5164520776987074,0.017688850712155046,0.2912344638720874,-1.9056867470979693,1.407422035241127,0.29380243860019206,-0.14298899207358332,0.21213204,-0.21213204,8
72,-1.9056867470979693,1.407422035241127,0.29380243860019206,-0.14298899207358332,-2.099349195432663,1.253078521847725,-0.27364470246453687,-0.13870304897247562,-0.21213204,-0.21213204,2
73,-2.099349195432663,1.253078521847725,-0.27364470246453687,-0.13870304897247562,-2.1266779907226563,0.9689415805935859,-0.006509992943522386,-0.3052585149458894,0.0,-0.3,1
74,-2.1266779907226563,0.9689415805935859,-0.006509992943522386,-0.3052585149458894,-1.9208293805599213,1.0768291715860367,0.28618568266997224,0.15437356549957126,0.21213204,0.21213204,6
75,-1.9208293805599213,1.0768291715860367,0.28618568266997224,0.15437356549957126,-1.648495415854454,0.9363923534154892,0.2747161927970665,-0.15586826282899632,0.21213204,-0.21213204,8
76,-1.648495415854454,0.9363923534154892,0.2747161927970665,-0.15586826282899632,-1.3791894660949708,1.0652254585266114,0.2745637809302857,0.12469797692270156,0.21213204,0.21213204,6
77,-1.3791894660949708,1.0652254585266114,0.2745637809302857,0.12469797692270156,-1.1169159885883333,0.918075981760025,0.2939053316519308,-0.15616404075893933,0.21213204,-0.21213204,8
78,-1.1169159885883333,0.918075981760025,0.2939053316519308,-0.15616404075893933,-1.306765143299103,1.0263687039852143,-0.2724596759197622,0.13288988597761583,-0.21213204,0.21213204,4
79,-1.306765143299103,1.0263687039852143,-0.2724596759197622,0.13288988597761583,-1.3424563591480256,1.2653049855232241,-0.013285825589173293,0.2587807863066083,0.0,0.3,5
80,-1.3424563591480256,1.2653049855232241,-0.013285825589173293,0.2587807863066083,-1.1078805953025819,1.1533868072509765,0.2822991434697934,-0.15960571800618423,0.21213204,-0.21213204,8
81,-1.1078805953025819,1.1533868072509765,0.2822991434697934,-0.15960571800618423,-1.0716950600624087,1.375383117222786,-0.012598205518222163,0.29140512322651885,0.0,0.3,5
82,-1.0716950600624087,1.375383117222786,-0.012598205518222163,0.29140512322651885,-1.3389559422016144,1.3993114710569383,-0.2760134447913305,-0.0004532347645161638,-0.3,0.0,7
83,-1.3389559422016144,1.3993114710569383,-0.2760134447913305,-0.0004532347645161638,-1.103752535057068,1.391329609131813,0.2567566113624311,-0.000949480376885563,0.3,0.0,3
84,-1.103752535057068,1.391329609131813,0.2567566113624311,-0.000949480376885563,-1.055472365140915,1.6263063955307007,0.008954276087842534,0.27795127771915973,0.0,0.3,5
85,-1.055472365140915,1.6263063955307007,0.008954276087842534,0.27795127771915973,-0.7845389540553094,1.6562367339611053,0.28319917210714335,0.012164849503293,0.3,0.0,3
86,-0.7845389540553094,1.6562367339611053,0.28319917210714335,0.012164849503293,-0.5010055568039418,1.5249961985111238,0.289707510045274,-0.14524480347181223,0.21213204,-0.21213204,8
87,-0.5010055568039418,1.5249961985111238,0.289707510045274,-0.14524480347181223,-0.22725417724549773,1.663295521235466,0.2925154440122951,0.14908114306282563,0.21213204,0.21213204,6
88,-0.22725417724549773,1.663295521235466,0.2925154440122951,0.14908114306282563,-0.1929570008724928,1.6779961350202561,-0.00017027099524605992,0.00012777732576751326,0.0,0.0,0
89,-0.1929570008724928,1.6779961350202561,-0.00017027099524605992,0.00012777732576751326,0.061661544401943685,1.8137841789245606,0.2888664200130262,0.16119666149964523,0.21213204,0.21213204,6
90,0.061661544401943685,1.8137841789245606,0.2888664200130262,0.16119666149964523,0.3414835635960102,1.6904260007858278,0.3026598904095674,-0.1362741033208274,0.21213204,-0.21213204,8
91,0.3414835635960102,1.6904260007858278,0.3026598904095674,-0.1362741033208274,0.6460125014066697,1.6852712718486784,0.31420880342391355,0.0014353963254527112,0.3,0.0,3
92,0.6460125014066697,1.6852712718486784,0.31420880342391355,0.0014353963254527112,0.9110452131986618,1.8500331327199937,0.29175386465215647,0.14987595701069495,0.21213204,0.21213204,6
93,0.9110452131986618,1.8500331327199937,0.29175386465215647,0.14987595701069495,1.1745514558553696,1.7281703123092653,0.29602602406733086,-0.12652966328485718,0.21213204,-0.21213204,8
94,1.1745514558553696,1.7281703123092653,0.29602602406733086,-0.12652966328485718,0.9408672460317612,1.712689720273018,-0.2690010574591599,0.004630564836362871,-0.3,0.0,7
95,0.9408672460317612,1.712689720273018,-0.2690010574591599,0.004630564836362871,1.1789682326793671,1.7224363490343095,0.26423411940717423,0.0033800855495018144,0.3,0.0,3
96,1.1789682326793671,1.7224363490343095,0.26423411940717423,0.0033800855495018144,1.4573026656150818,1.87730710709095,0.28071559067221435,0.15738875326619456,0.21213204,0.21213204,6
97,1.4573026656150818,1.87730710709095,0.28071559067221435,0.15738875326619456,1.496846395301819,2.1580779939174652,0.006138342906414679,0.29718654218580914,0.0,0.3,5
98,1.496846395301819,2.1580779939174652,0.006138342906414679,0.29718654218580914,1.7639105645656585,2.195348438024521,0.27882098919783616,-0.0015990587809625691,0.3,0.0,3
99,1.7639105645656585,2.195348438024521,0.27882098919783616,-0.0015990587809625691,2.0663606103897094,2.1962718226909637,0.2993395993564818,0.003278294745775375,0.3,0.0,3
100,2.0663606103897094,2.1962718226909637,0.2993395993564818,0.003278294745775375,2.1046338086605076,2.1964326812267307,-0.0006674035722473301,0.002205844463482301,0.0,0.0,0
101,2.1046338086605076,2.1964326812267307,-0.0006674035722473301,0.002205844463482301,1.8668459009170533,2.071260172224045,-0.27425381274815785,-0.12701194875571092,-0.21213204,-0.21213204,2
102,1.8668459009170533,2.071260172224045,-0.27425381274815785,-0.12701194875571092,1.5725043399810792,2.0653803857326505,-0.3012358878884347,0.007711336396448616,-0.3,0.0,7
103,1.5725043399810792,2.0653803857326505,-0.3012358878884347,0.007711336396448616,1.5352137484550474,1.8236762583494186,0.0014428257663022313,-0.29427916326117737,0.0,-0.3,1
104,1.5352137484550474,1.8236762583494186,0.0014428257663022313,-0.29427916326117737,1.303953814506531,1.9249335920095445,-0.2713586054424159,0.15677218279713362,-0.21213204,0.21213204,4
105,1.303953814506531,1.9249335920095445,-0.2713586054424159,0.15677218279713362,1.5459172105789185,1.9511583267450332,0.2681969034171668,-0.0015746376722568642,0.3,0.0,3
106,1.5459172105789185,1.9511583267450332,0.2681969034171668,-0.0015746376722568642,1.355341784787178,2.078548422718048,-0.26625499103237,0.1366276137863733,-0.21213204,0.21213204,4
107,1.355341784787178,2.078548422718048,-0.26625499103237,0.1366276137863733,1.3205264477729797,1.8564817252874375,0.011728057798602677,-0.2843329128656544,0.0,-0.3,1
108,1.3205264477729797,1.8564817252874375,0.011728057798602677,-0.2843329128656544,1.3204120917320252,1.8250949947834016,0.0016794481568172218,0.0008168495505016455,0.0,0.0,0
109,1.3204120917320252,1.8250949947834016,0.0016794481568172218,0.0008168495505016455,1.59866249229908,1.8278366971969606,0.29606014499934413,-0.0055674721850977466,0.3,0.0,3
110,1.59866249229908,1.8278366971969606,0.29606014499934413,-0.0055674721850977466,1.9011864587783813,1.8292185775995256,0.30126015308559745,0.0012374114755456548,0.3,0.0,3
111,1.9011864587783813,1.8292185775995256,0.30126015308559745,0.0012374114755456548,1.7043784756183624,1.9592150003910067,-0.27385386209457874,0.14687616366294853,-0.21213204,0.21213204,4
112,1.7043784756183624,1.9592150003910067,-0.27385386209457874,0.14687616366294853,1.6554302289485932,1.7060299593448636,0.006998384088729787,-0.32456601369386906,0.0,-0.3,1
113,1.6554302289485932,1.7060299593448636,0.006998384088729787,-0.32456601369386906,1.3909386964797974,1.6704904893159866,-0.2760261913081233,0.0009985134991404177,-0.3,0.0,7
114,1.3909386964797974,1.6704904893159866,-0.2760261913081233,0.0009985134991404177,1.352524950838089,1.4402581874608993,0.004408873515246759,-0.2792715077036926,0.0,-0.3,1
115,1.352524950838089,1.4402581874608993,0.004408873515246759,-0.2792715077036926,1.6248174321889879,1.4127606471300127,0.27682396100938783,0.003284926664764195,0.3,0.0,3
116,1.6248174321889879,1.4127606471300127,0.27682396100938783,0.003284926664764195,1.3952356500387193,1.4123205923318862,-0.2678881753596347,0.0012498251944142872,-0.3,0.0,7
117,1.3952356500387193,1.4123205923318862,-0.2678881753596347,0.0012498251944142872,1.3538934549331667,1.1563351576805116,0.006823922321492188,-0.31514232514764845,0.0,-0.3,1
118,1.3538934549331667,1.1563351576805116,0.006823922321492188,-0.31514232514764845,1.3538374238014221,1.120924153161049,-7.591582380324401e-06,0.00023203818955908227,0.0,0.0,0
119,1.3538374238014221,1.120924153161049,-7.591582380324401e-06,0.00023203818955908227,1.1118093450069428,0.9792214091658592,-0.271107820245055,-0.16842010909750765,-0.21213204,-0.21213204,2
120,1.1118093450069428,0.9792214091658592,-0.271107820245055,-0.16842010909750765,1.3105570484399796,0.8285207269430162,0.28074828013577285,-0.14036487774566625,0.21213204,-0.21213204,8
121,1.3105570484399796,0.8285207269430162,0.28074828013577285,-0.14036487774566625,1.3430021654844284,0.5636622595310211,-0.010672991460705727,-0.2790979309266181,0.0,-0.3,1
122,1.3430021654844284,0.5636622595310211,-0.010672991460705727,-0.2790979309266181,1.6100588636159898,0.5346940333724023,0.289226745482517,-0.005921088894103913,0.3,0.0,3
123,1.6100588636159898,0.5346940333724023,0.289226745482517,-0.005921088894103913,1.9140810662269594,0.5367374760627747,0.3164724623728964,0.004629043267494716,0.3,0.0,3
124,1.9140810662269594,0.5367374760627747,0.3164724623728964,0.004629043267494716,2.2153248663425447,0.5437211626052857,0.30347329989106014,0.007031881346016205,0.3,0.0,3
125,2.2153248663425447,0.5437211626052857,0.30347329989106014,0.007031881346016205,1.9784745471000673,0.5450128802776337,-0.25796883467284404,0.003313291239662948,-0.3,0.0,7
126,1.9784745471000673,0.5450128802776337,-0.25796883467284404,0.003313291239662948,1.710478280878067,0.40808095345497136,-0.2633481626516613,-0.15042551190008027,-0.21213204,-0.21213204,2
127,1.710478280878067,0.40808095345497136,-0.2633481626516613,-0.15042551190008027,1.6899915971517563,0.13280256308913232,0.003290282639953447,-0.3018460902574367,0.0,-0.3,1
128,1.6899915971517563,0.13280256308913232,0.003290282639953447,-0.3018460902574367,1.461071405529976,0.2301515457868576,-0.2728486171254284,0.14610321132298015,-0.21213204,0.21213204,4
129,1.461071405529976,0.2301515457868576,-0.2728486171254284,0.14610321132298015,1.6625326150894164,0.12768204287141563,0.2967965825921882,-0.17057894242962326,0.21213204,-0.21213204,8
130,1.6625326150894164,0.12768204287141563,0.2967965825921882,-0.17057894242962326,1.9455977866172791,-0.027104263424500827,0.285697944046203,-0.15568812283684094,0.21213204,-0.21213204,8
131,1.9455977866172791,-0.027104263424500827,0.285697944046203,-0.15568812283684094,2.241608780193329,-0.17011966325044633,0.27482134520146684,-0.13097951361600252,0.21213204,-0.21213204,8
132,2.241608780193329,-0.17011966325044633,0.27482134520146684,-0.13097951361600252,2.010016786956787,-0.19361111778914927,-0.2789152012438674,0.0020512909154424626,-0.3,0.0,7
133,2.010016786956787,-0.19361111778914927,-0.2789152012438674,0.0020512909154424626,1.7470238723278046,-0.04819032898843289,-0.26963611548727,0.16158710458810668,-0.21213204,0.21213204,4
134,1.7470238723278046,-0.04819032898843289,-0.26963611548727,0.16158710458810668,1.7133332978010178,-0.03300983285233379,-0.0021626367069336283,-0.00040549442337380656,0.0,0.0,0
135,1.7133332978010178,-0.03300983285233379,-0.0021626367069336283,-0.00040549442337380656,1.7269586311340335,-0.2977661064624787,0.01032342030575863,-0.29709321910624265,0.0,-0.3,1
136,1.7269586311340335,-0.2977661064624787,0.01032342030575863,-0.29709321910624265,1.7244605238199235,-0.6101214832186699,0.003725144487742487,-0.32041156965236917,0.0,-0.3,1
137,1.7244605238199235,-0.6101214832186699,0.003725144487742487,-0.32041156965236917,1.729117789721489,-0.9179071750283241,0.005569404288504707,-0.30146133984184736,0.0,-0.3,1
138,1.729117789721489,-0.9179071750283241,0.005569404288504707,-0.30146133984184736,1.9687902328252795,-1.0844142892360686,0.2967190099892142,-0.1510233254720401,0.21213204,-0.21213204,8
139,1.9687902328252795,-1.0844142892360686,0.2967190099892142,-0.1510233254720401,2.008736508369446,-0.8495580089688302,-0.018046788452177328,0.2862708701967876,0.0,0.3,5
140,2.008736508369446,-0.8495580089688302,-0.018046788452177328,0.2862708701967876,2.0066800851345064,-1.0666206640005111,0.0004661646170904376,-0.2875235798260896,0.0,-0.3,1
141,2.0066800851345064,-1.0666206640005111,0.0004661646170904376,-0.2875235798260896,1.7777447631835936,-1.2416662386178972,-0.26566928971521186,-0.14554798781580472,-0.21213204,-0.21213204,2
142,1.7777447631835936,-1.2416662386178972,-0.26566928971521186,-0.14554798781580472,1.513145217514038,-1.1148727483272554,-0.2759021725543852,0.13758341137941552,-0.21213204,0.21213204,4
143,1.513145217514038,-1.1148727483272554,-0.2759021725543852,0.13758341137941552,1.7105695233583451,-0.9610740408420564,0.27737227506926776,0.1441575388930968,0.21213204,0.21213204,6
144,1.7105695233583451,-0.9610740408420564,0.27737227506926776,0.1441575388930968,1.7455813637971878,-0.947341916692257,0.0006117921055534897,-0.004296588662957799,0.0,0.0,0
145,1.7455813637971878,-0.947341916692257,0.0006117921055534897,-0.004296588662957799,1.7454838137865067,-0.9474110492825507,-0.0004457171647434977,-0.0006803489910880028,0.0,0.0,0
146,1.7454838137865067,-0.9474110492825507,-0.0004457171647434977,-0.0006803489910880028,1.9895622432231905,-0.8192778064846993,0.28152316942548655,0.14526020400719336,0.21213204,0.21213204,6
147,1.9895622432231905,-0.8192778064846993,0.28152316942548655,0.14526020400719336,1.788611736941338,-0.6785249787807465,-0.2765729946081751,0.1293061102635958,-0.21213204,0.21213204,4
148,1.788611736941338,-0.6785249787807465,-0.2765729946081751,0.1293061102635958,1.9746028367996218,-0.5458502866983413,0.2720541113127929,0.13448274017309447,0.21213204,0.21213204,6
149,1.9746028367996218,-0.5458502866983413,0.2720541113127929,0.13448274017309447,2.2610803607463836,-0.3983961586773396,0.2982849473362432,0.1565528187558395,0.21213204,0.21213204,6
150,2.2610803607463836,-0.3983961586773396,0.2982849473362432,0.1565528187558395,2.0298494272708894,-0.3774608468830586,-0.2667649773936294,-0.0009136540164113849,-0.3,0.0,7
151,2.0298494272708894,-0.3774608468830586,-0.2667649773936294,-0.0009136540164113849,2.0008906940460207,-0.37725475060939795,0.0010905405947254844,0.0015549496783462448,0.0,0.0,0
152,2.0008906940460207,-0.37725475060939795,0.0010905405947254844,0.0015549496783462448,1.7278777027368548,-0.38256310570240026,-0.28354142486067246,0.005931096757144953,-0.3,0.0,7
153,1.7278777027368548,-0.38256310570240026,-0.28354142486067246,0.005931096757144953,1.6847929737091063,-0.14825436116755009,0.0050034620023822396,0.28785781204916744,0.0,0.3,5
154,1.6847929737091063,-0.14825436116755009,0.0050034620023822396,0.28785781204916744,1.9189363013982774,-0.24770193003714086,0.2826984284493749,-0.14310047421818634,0.21213204,-0.21213204,8
155,1.9189363013982774,-0.24770193003714086,0.2826984284493749,-0.14310047421818634,1.7233485494852065,-0.39652595342397695,-0.2842993478688789,-0.16408541533771237,-0.21213204,-0.21213204,2
156,1.7233485494852065,-0.39652595342397695,-0.2842993478688789,-0.16408541533771237,1.9541740130662917,-0.4261803385257721,0.2598906290797984,-0.01158392423059312,0.3,0.0,3
157,1.9541740130662917,-0.4261803385257721,0.2598906290797984,-0.01158392423059312,1.9986070259809496,-0.42573447560668,-0.0019614003334131372,0.0010056959135299481,0.0,0.0,0
158,1.9986070259809496,-0.42573447560668,-0.0019614003334131372,0.0010056959135299481,1.7517347736120223,-0.3063431632757187,-0.27361112745904237,0.1352672001204462,-0.21213204,0.21213204,4
159,1.7517347736120223,-0.3063431632757187,-0.27361112745904237,0.1352672001204462,1.9952053288936615,-0.28751946273446083,0.2792828702235101,-0.00294664973929676,0.3,0.0,3
160,1.9952053288936615,-0.28751946273446083,0.2792828702235101,-0.00294664973929676,1.8083946475982668,-0.4123218985438347,-0.2859269522538971,-0.15358541513421062,-0.21213204,-0.21213204,2
161,1.8083946475982668,-0.4123218985438347,-0.2859269522538971,-0.15358541513421062,1.995605906200409,-0.3111094341754913,0.30038877964643473,0.144727056641222,0.21213204,0.21213204,6
162,1.995605906200409,-0.3111094341754913,0.30038877964643473,0.144727056641222,1.8053249386787416,-0.1634835277915001,-0.2727425377581247,0.13165390339061767,-0.21213204,0.21213204,4
163,1.8053249386787416,-0.1634835277915001,-0.2727425377581247,0.13165390339061767,1.7664663826704028,-0.15177342057526114,-0.00988783510127411,0.004064688391794484,0.0,0.0,0
164,1.7664663826704028,-0.15177342057526114,-0.00988783510127411,0.004064688391794484,2.0229610995292666,-0.27867822928428654,0.30972821888846697,-0.14700246749583587,0.21213204,-0.21213204,8
165,2.0229610995292666,-0.27867822928428654,0.30972821888846697,-0.14700246749583587,2.06005282793045,-0.29102376502752303,0.0003217340265655818,0.0002119090443319199,0.0,0.0,0
166,2.06005282793045,-0.29102376502752303,0.0003217340265655818,0.0002119090443319199,1.8159470978975296,-0.16371961920559408,-0.2677872315038435,0.1321286976190559,-0.21213204,0.21213204,4
167,1.8159470978975296,-0.16371961920559408,-0.2677872315038435,0.1321286976190559,1.5570323666572572,-0.29841133903861045,-0.26388061197839807,-0.12160804577314042,-0.21213204,-0.21213204,2
168,1.5570323666572572,-0.29841133903861045,-0.26388061197839807,-0.12160804577314042,1.2637758738040923,-0.310973210644722,-0.2876860601468819,-0.012206123839641307,-0.3,0.0,7
169,1.2637758738040923,-0.310973210644722,-0.2876860601468819,-0.012206123839641307,0.9652875941753388,-0.30943342398405077,-0.29519197264022284,0.004943237617531489,-0.3,0.0,7
170,0.9652875941753388,-0.30943342398405077,-0.29519197264022284,0.004943237617531489,1.1442607471466066,-0.18306027512848377,0.27881604293763074,0.150258032817139,0.21213204,0.21213204,6
171,1.1442607471466066,-0.18306027512848377,0.27881604293763074,0.150258032817139,1.4261087115049362,-0.027527408518642188,0.277267458744549,0.15452225608527184,0.21213204,0.21213204,6
172,1.4261087115049362,-0.027527408518642188,0.277267458744549,0.15452225608527184,1.705504212975502,-0.15087642222344877,0.28106497660919066,-0.13161027179664744,0.21213204,-0.21213204,8
173,1.705504212975502,-0.15087642222344877,0.28106497660919066,-0.13161027179664744,1.7582753195047378,0.09845018599033356,0.014855767237872623,0.28326683200619096,0.0,0.3,5
174,1.7582753195047378,0.09845018599033356,0.014855767237872623,0.28326683200619096,1.5390766355752945,0.002833860131399706,-0.269359673205667,-0.13035330665004297,-0.21213204,-0.21213204,2
175,1.5390766355752945,0.002833860131399706,-0.269359673205667,-0.13035330665004297,1.2762966843843462,0.14360156510174277,-0.2822439268505471,0.14298142390114021,-0.21213204,0.21213204,4
176,1.2762966843843462,0.14360156510174277,-0.2822439268505471,0.14298142390114021,0.9957707035064698,0.2917798182666302,-0.29277470595051824,0.1395226869953107,-0.21213204,0.21213204,4
177,0.9957707035064698,0.2917798182666302,-0.29277470595051824,0.1395226869953107,1.2311415066957472,0.3163803476750851,0.25139053223708097,0.005495011679312065,0.3,0.0,3
178,1.2311415066957472,0.3163803476750851,0.25139053223708097,0.005495011679312065,1.5096487042665483,0.19245546536147592,0.285343044372528,-0.1253479971307074,0.21213204,-0.21213204,8
179,1.5096487042665483,0.19245546536147592,0.285343044372528,-0.1253479971307074,1.5497772828340532,-0.05495238441079855,0.014993531783206221,-0.26355234062555266,0.0,-0.3,1
180,1.5497772828340532,-0.05495238441079855,0.014993531783206221,-0.26355234062555266,1.3198409099817274,-0.21672942934334277,-0.2651452983327316,-0.1112039444473317,-0.21213204,-0.21213204,2
181,1.3198409099817274,-0.21672942934334277,-0.2651452983327316,-0.1112039444473317,1.2843917757749561,-0.4764178847312928,0.00398570490607565,-0.28049803080290714,0.0,-0.3,1
182,1.2843917757749561,-0.4764178847312928,0.00398570490607565,-0.28049803080290714,1.2875325094461443,-0.7794882381320001,0.010123543716796435,-0.29913102612189857,0.0,-0.3,1
183,1.2875325094461443,-0.7794882381320001,0.010123543716796435,-0.29913102612189857,1.5554976427555085,-0.8099141462564469,0.27855578304932316,-0.0044627619713987965,0.3,0.0,3
184,1.5554976427555085,-0.8099141462564469,0.27855578304932316,-0.0044627619713987965,1.3630415485620502,-0.6877625289678575,-0.2910122459469716,0.15310788982865714,-0.21213204,0.21213204,4
185,1.3630415485620502,-0.6877625289678575,-0.2910122459469716,0.15310788982865714,1.3265198246240617,-0.42305239258408545,-0.010480788460501359,0.2995453261297375,0.0,0.3,5
186,1.3265198246240617,-0.42305239258408545,-0.010480788460501359,0.2995453261297375,1.5621153431653978,-0.5219129635691644,0.2784049500421502,-0.1521178507149141,0.21213204,-0.21213204,8
187,1.5621153431653978,-0.5219129635691644,0.2784049500421502,-0.1521178507149141,1.3654009212017062,-0.6736541449904442,-0.28633961832853105,-0.1637596964978591,-0.21213204,-0.21213204,2
188,1.3654009212017062,-0.6736541449904442,-0.28633961832853105,-0.1637596964978591,1.5479210963487624,-0.5693543295025827,0.27967238382396287,0.12662367774582076,0.21213204,0.21213204,6
189,1.5479210963487624,-0.5693543295025827,0.27967238382396287,0.12662367774582076,1.8424588235855104,-0.5617985206007957,0.30699615553321824,-0.001131490132072078,0.3,0.0,3
190,1.8424588235855104,-0.5617985206007957,0.30699615553321824,-0.001131490132072078,1.609865667271614,-0.5676055935025215,-0.2651444381455936,-0.010677582073536543,-0.3,0.0,7
191,1.609865667271614,-0.5676055935025215,-0.2651444381455936,-0.010677582073536543,1.7901549279212952,-0.4534335527837277,0.2988018933501088,0.14183210549645767,0.21213204,0.21213204,6
192,1.7901549279212952,-0.4534335527837277,0.2988018933501088,0.14183210549645767,1.83108223259449,-0.6995839889883996,0.012320360048380441,-0.3168702672060745,0.0,-0.3,1
193,1.83108223259449,-0.6995839889883996,0.012320360048380441,-0.3168702672060745,1.8324199414491655,-1.0009197182297707,-0.0005747794558433363,-0.270425165544452,0.0,-0.3,1
194,1.8324199414491655,-1.0009197182297707,-0.0005747794558433363,-0.270425165544452,2.0687550727367405,-1.1683075565338135,0.2870050848863221,-0.14728408597259407,0.21213204,-0.21213204,8
195,2.0687550727367405,-1.1683075565338135,0.2870050848863221,-0.14728408597259407,1.868949882364273,-1.0606357944488527,-0.2679278849921199,0.1392870958341097,-0.21213204,0.21213204,4
196,1.868949882364273,-1.0606357944488527,-0.2679278849921199,0.1392870958341097,1.6074016497612,-1.1872832960605622,-0.25628636147554373,-0.13356023695728594,-0.21213204,-0.21213204,2
197,1.6074016497612,-1.1872832960605622,-0.25628636147554373,-0.13356023695728594,1.3341564623594284,-1.3356794797658922,-0.26987790885346963,-0.1379107726046155,-0.21213204,-0.21213204,2
198,1.3341564623594284,-1.3356794797658922,-0.26987790885346963,-0.1379107726046155,1.5331627676010133,-1.4778353095054628,0.29570460582625835,-0.1455697394696625,0.21213204,-0.21213204,8
199,1.5331627676010133,-1.4778353095054628,0.29570460582625835,-0.1455697394696625,1.5739531757354737,-1.2467410789728166,-3.8739264996831644e-05,0.3040089061854279,0.0,0.3,5
200,1.5739531757354737,-1.2467410789728166,-3.8739264996831644e-05,0.3040089061854279,1.814230036711693,-1.071708807325363,0.26082768284502034,0.14396043081939353,0.21213204,0.21213204,6
201,1.814230036711693,-1.071708807325363,0.26082768284502034,0.14396043081939353,1.6170635387420655,-0.9256687232851981,-0.28120781701627284,0.1443522855081394,-0.21213204,0.21213204,4
202,1.6170635387420655,-0.9256687232851981,-0.28120781701627284,0.1443522855081394,1.357741675066948,-1.05815330286026,-0.2841976463058194,-0.1466834773001683,-0.21213204,-0.21213204,2
203,1.357741675066948,-1.05815330286026,-0.2841976463058194,-0.1466834773001683,1.5969400671720506,-1.075293190741539,0.2599605287875068,0.008708839248387307,0.3,0.0,3
204,1.5969400671720506,-1.075293190741539,0.2599605287875068,0.008708839248387307,1.8996395828962327,-1.07032811524868,0.2998522415874083,0.0008387271198704078,0.3,0.0,3
205,1.8996395828962327,-1.07032811524868,0.2998522415874083,0.0008387271198704078,1.7048928225278854,-1.1920310866832733,-0.28109768424347287,-0.143957293381842,-0.21213204,-0.21213204,2
206,1.7048928225278854,-1.1920310866832733,-0.28109768424347287,-0.143957293381842,1.4321788964986801,-1.3394237628459933,-0.25729709960771796,-0.14780080209056606,-0.21213204,-0.21213204,2
207,1.4321788964986801,-1.3394237628459933,-0.25729709960771796,-0.14780080209056606,1.6297895315408708,-1.2292696990251542,0.27070275955729156,0.15251854039544954,0.21213204,0.21213204,6
208,1.6297895315408708,-1.2292696990251542,0.27070275955729156,0.15251854039544954,1.9147344815492633,-1.0796523674488068,0.28370838716166175,0.14982017467717812,0.21213204,0.21213204,6
209,1.9147344815492633,-1.0796523674488068,0.28370838716166175,0.14982017467717812,1.7153163553237916,-0.9338147730946542,-0.27575567152937186,0.13372763528121925,-0.21213204,0.21213204,4
210,1.7153163553237916,-0.9338147730946542,-0.27575567152937186,0.13372763528121925,1.434464774274826,-0.7948605063676835,-0.2808255187112015,0.14447026315061665,-0.21213204,0.21213204,4
211,1.434464774274826,-0.7948605063676835,-0.2808255187112015,0.14447026315061665,1.1532710156679156,-0.6560479764461518,-0.2825069951572493,0.14586467546930604,-0.21213204,0.21213204,4
212,1.1532710156679156,-0.6560479764461518,-0.2825069951572493,0.14586467546930604,1.3908286263704301,-0.6352022759318352,0.2600018645211267,0.009378761820024378,0.3,0.0,3
213,1.3908286263704301,-0.6352022759318352,0.2600018645211267,0.009378761820024378,1.6925443583726882,-0.6388974890232086,0.2811668729469819,0.002581844623664375,0.3,0.0,3
214,1.6925443583726882,-0.6388974890232086,0.2811668729469819,0.002581844623664375,1.7263113059759139,-0.63997522251606,0.001105257459908265,-0.0005827312032960278,0.0,0.0,0
215,1.7263113059759139,-0.63997522251606,0.001105257459908265,-0.0005827312032960278,1.7192921508312227,-0.39941141676306724,-0.020748078296261283,0.27357847130487417,0.0,0.3,5
216,1.7192921508312227,-0.39941141676306724,-0.020748078296261283,0.27357847130487417,1.9547476479291919,-0.22630134373903277,0.3001133157543001,0.15840677269705075,0.21213204,0.21213204,6
217,1.9547476479291919,-0.22630134373903277,0.3001133157543001,0.15840677269705075,1.7658831516981126,-0.3352318044483662,-0.2853773887647882,-0.15285532946058453,-0.21213204,-0.21213204,2
218,1.7658831516981126,-0.3352318044483662,-0.2853773887647882,-0.15285532946058453,1.958164778971672,-0.22148605466485025,0.2547406234761687,0.15205373759651988,0.21213204,0.21213204,6
219,1.958164778971672,-0.22148605466485025,0.2547406234761687,0.15205373759651988,2.0111955513954163,-0.451530673289299,0.0029880400247690522,-0.30471112310962895,0.0,-0.3,1
220,2.0111955513954163,-0.451530673289299,0.0029880400247690522,-0.30471112310962895,1.7763682727813723,-0.6373953460216524,-0.2992763865817809,-0.17041578175262548,-0.21213204,-0.21213204,2
221,1.7763682727813723,-0.6373953460216524,-0.2992763865817809,-0.17041578175262548,1.4996329575777054,-0.7937103350996971,-0.24801239485171253,-0.15138976399553294,-0.21213204,-0.21213204,2
222,1.4996329575777054,-0.7937103350996971,-0.24801239485171253,-0.15138976399553294,1.741203290438652,-0.815181885957718,0.27125013050387525,-0.003373664901791097,0.3,0.0,3
223,1.741203290438652,-0.815181885957718,0.27125013050387525,-0.003373664901791097,2.0229564643383027,-0.9563977211833,0.2925485998775332,-0.14670869179645826,0.21213204,-0.21213204,8
224,2.0229564643383027,-0.9563977211833,0.2925485998775332,-0.14670869179645826,1.787223205304146,-0.9772268534064293,-0.2668792604693073,0.0007046286814266769,-0.3,0.0,7
225,1.787223205304146,-0.9772268534064293,-0.2668792604693073,0.0007046286814266769,1.5125980406284334,-0.8432179736614227,-0.27586029565046466,0.1419563874045018,-0.21213204,0.21213204,4
226,1.5125980406284334,-0.8432179736614227,-0.27586029565046466,0.1419563874045018,1.7637443368434906,-0.8199298718333246,0.2311731395790237,-0.000986083039799142,0.3,0.0,3
227,1.7637443368434906,-0.8199298718333246,0.2311731395790237,-0.000986083039799142,2.063244155263901,-0.8195995374679566,0.32237158497269086,-0.0009628835993757121,0.3,0.0,3
228,2.063244155263901,-0.8195995374679566,0.32237158497269086,-0.0009628835993757121,2.1001024576187137,-1.0768925274610521,0.0023801170529713337,-0.30167510795945207,0.0,-0.3,1
229,2.1001024576187137,-1.0768925274610521,0.0023801170529713337,-0.30167510795945207,1.862360172533989,-0.9788610348105431,-0.26376450793677014,0.13864190411001298,-0.21213204,0.21213204,4
230,1.862360172533989,-0.9788610348105431,-0.26376450793677014,0.13864190411001298,1.6017586420059207,-1.1061257942199707,-0.26617585000181765,-0.14174192307646727,-0.21213204,-0.21213204,2
231,1.6017586420059207,-1.1061257942199707,-0.26617585000181765,-0.14174192307646727,1.5586455841541291,-0.8764861925840378,0.007207958373076208,0.2805431496380337,0.0,0.3,5
232,1.5586455841541291,-0.8764861925840378,0.007207958373076208,0.2805431496380337,1.33442235121727,-0.9828481842875482,-0.2670094974381703,-0.13136715610699332,-0.21213204,-0.21213204,2
233,1.33442235121727,-0.9828481842875482,-0.2670094974381703,-0.13136715610699332,1.0587760359048843,-1.126713064289093,-0.28151018387992155,-0.13404080719455103,-0.21213204,-0.21213204,2
234,1.0587760359048843,-1.126713064289093,-0.28151018387992155,-0.13404080719455103,1.0114027679204942,-0.8913989811301232,-0.006693301992163142,0.30111160865662,0.0,0.3,5
235,1.0114027679204942,-0.8913989811301232,-0.006693301992163142,0.30111160865662,0.7915976269960404,-0.987417428469658,-0.2735091205968041,-0.13323219308004428,-0.21213204,-0.21213204,2
236,0.7915976269960404,-0.987417428469658,-0.2735091205968041,-0.13323219308004428,0.5188783820033074,-0.8504999663472177,-0.2676371948669712,0.14621762939046626,-0.21213204,0.21213204,4
237,0.5188783820033074,-0.8504999663472177,-0.2676371948669712,0.14621762939046626,0.7010580968379975,-0.9417905414819718,0.29279948964959734,-0.12734352950929856,0.21213204,-0.21213204,8
238,0.7010580968379975,-0.9417905414819718,0.29279948964959734,-0.12734352950929856,0.7400268307209015,-0.9529771439552308,-0.0075663384687988736,0.0006389426677193861,0.0,0.0,0
239,0.7400268307209015,-0.9529771439552308,-0.0075663384687988736,0.0006389426677193861,0.7396443213701248,-1.1849078680753709,0.005132297624512273,-0.249595806880759,0.0,-0.3,1
240,0.7396443213701248,-1.1849078680753709,0.005132297624512273,-0.249595806880759,0.5028248948156835,-1.080771025466919,-0.29410804789275413,0.15099965707844307,-0.21213204,0.21213204,4
241,0.5028248948156835,-1.080771025466919,-0.29410804789275413,0.15099965707844307,0.45239955266118054,-0.797741421508789,-0.02178271575445125,0.2998429831927802,0.0,0.3,5
242,0.45239955266118054,-0.797741421508789,-0.02178271575445125,0.2998429831927802,0.21490029231905938,-0.6229244720339776,-0.2636965442498286,0.1340588097300856,-0.21213204,0.21213204,4
243,0.21490029231905938,-0.6229244720339776,-0.2636965442498286,0.1340588097300856,0.17373470452725887,-0.609445050239563,0.000856083883811397,0.0008904955008403055,0.0,0.0,0
244,0.17373470452725887,-0.609445050239563,0.000856083883811397,0.0008904955008403055,-0.06995852058827878,-0.480435771304369,-0.2666762596684401,0.13779677453598854,-0.21213204,0.21213204,4
245,-0.06995852058827878,-0.480435771304369,-0.2666762596684401,0.13779677453598854,-0.10519337972253562,-0.7019396968126297,0.01613236053882677,-0.27688232190976425,0.0,-0.3,1
246,-0.10519337972253562,-0.7019396968126297,0.01613236053882677,-0.27688232190976425,-0.37002935668230064,-0.7323781766057015,-0.294660618557152,-0.00983520461997061,-0.3,0.0,7
247,-0.37002935668230064,-0.7323781766057015,-0.294660618557152,-0.00983520461997061,-0.6427615144729614,-0.5890759630799294,-0.28830945250647205,0.15129157895979056,-0.21213204,0.21213204,4
248,-0.6427615144729614,-0.5890759630799294,-0.28830945250647205,0.15129157895979056,-0.45638369145393376,-0.4397039039552212,0.28562438843749016,0.1454791110159118,0.21213204,0.21213204,6
249,-0.45638369145393376,-0.4397039039552212,0.28562438843749016,0.1454791110159118,-0.18552359696924686,-0.5656330388903619,0.30870340001436386,-0.1344883280957856,0.21213204,-0.21213204,8
250,-0.18552359696924686,-0.5656330388903619,0.30870340001436386,-0.1344883280957856,-0.14821827065646648,-0.8211795171737671,0.015365572912778616,-0.29860525282177397,0.0,-0.3,1
251,-0.14821827065646648,-0.8211795171737671,0.015365572912778616,-0.29860525282177397,-0.15065233091115954,-0.8521904392242432,-0.036749583971465535,0.008236305815142484,0.0,0.0,0
252,-0.15065233091115954,-0.8521904392242432,-0.036749583971465535,0.008236305815142484,-0.4227752683579922,-0.8582589457392693,-0.2854102377771781,-0.005510643806843593,-0.3,0.0,7
253,-0.4227752683579922,-0.8582589457392693,-0.2854102377771781,-0.005510643806843593,-0.7195847566962243,-0.8631890022039415,-0.30670982682630027,-0.011686904110364415,-0.3,0.0,7
254,-0.7195847566962243,-0.8631890022039415,-0.30670982682630027,-0.011686904110364415,-0.5256717756271363,-0.9886421110749245,0.289372616935146,-0.15073736722939962,0.21213204,-0.21213204,8
255,-0.5256717756271363,-0.9886421110749245,0.289372616935146,-0.15073736722939962,-0.4914747033059597,-1.0016268801689148,0.00012446147843539514,4.590865769252058e-05,0.0,0.0,0
256,-0.4914747033059597,-1.0016268801689148,0.00012446147843539514,4.590865769252058e-05,-0.7272360204696655,-1.1351943212985993,-0.2627757236324244,-0.1480126102042354,-0.21213204,-0.21213204,2
257,-0.7272360204696655,-1.1351943212985993,-0.2627757236324244,-0.1480126102042354,-0.48360699359178544,-1.1544936186790467,0.25990009622567,-0.0014703934229858514,0.3,0.0,3
258,-0.48360699359178544,-1.1544936186790467,0.25990009622567,-0.0014703934229858514,-0.2034512684673071,-1.3011485849142073,0.27043690151173067,-0.12591733508379122,0.21213204,-0.21213204,8
259,-0.2034512684673071,-1.3011485849142073,0.27043690151173067,-0.12591733508379122,-0.16409413096606731,-1.0687717829465868,-0.0036956637276134344,0.27339491768597685,0.0,0.3,5
260,-0.16409413096606731,-1.0687717829465868,-0.0036956637276134344,0.27339491768597685,0.0589811279386282,-1.1563752708196642,0.28810147918011886,-0.1421618079640988,0.21213204,-0.21213204,8
261,0.0589811279386282,-1.1563752708196642,0.28810147918011886,-0.1421618079640988,-0.13825834250450134,-1.0498639974832535,-0.2949204921853896,0.13026432328006066,-0.21213204,0.21213204,4
262,-0.13825834250450134,-1.0498639974832535,-0.2949204921853896,0.13026432328006066,0.0513252006880939,-1.1494453325986862,0.27157178664823706,-0.14303934061167928,0.21213204,-0.21213204,8
263,0.0513252006880939,-1.1494453325986862,0.27157178664823706,-0.14303934061167928,-0.14096295213103294,-1.043317940425873,-0.2976428742608981,0.14961204492056634,-0.21213204,0.21213204,4
264,-0.14096295213103294,-1.043317940425873,-0.2976428742608981,0.14961204492056634,0.04069360537081957,-1.1481967244386673,0.25995114146175896,-0.12992635001433062,0.21213204,-0.21213204,8
265,0.04069360537081957,-1.1481967244386673,0.25995114146175896,-0.12992635001433062,0.08586452542543412,-0.9107766723632813,-0.0023966219506401185,0.29897479609924066,0.0,0.3,5
266,0.08586452542543412,-0.9107766723632813,-0.0023966219506401185,0.29897479609924066,0.3213983881652355,-0.9917536895871162,0.2760477099044214,-0.1379639957775906,0.21213204,-0.21213204,8
267,0.3213983881652355,-0.9917536895871162,0.2760477099044214,-0.1379639957775906,0.12214214070886376,-0.8837638127207756,-0.24154532758166714,0.13007904539273354,-0.21213204,0.21213204,4
268,0.12214214070886376,-0.8837638127207756,-0.24154532758166714,0.13007904539273354,0.3084142430245877,-0.723118097114563,0.2733670529521902,0.16180279849410775,0.21213204,0.21213204,6
269,0.3084142430245877,-0.723118097114563,0.2733670529521902,0.16180279849410775,0.6054352288722993,-0.7055181618332863,0.3016722183651297,-0.0017153419908337712,0.3,0.0,3
270,0.6054352288722993,-0.7055181618332863,0.3016722183651297,-0.0017153419908337712,0.40844809435009954,-0.5783899898886681,-0.27282330996002707,0.1441690000857665,-0.21213204,0.21213204,4
271,0.40844809435009954,-0.5783899898886681,-0.27282330996002707,0.1441690000857665,0.14739612182676792,-0.7071991701364517,-0.2600524208352697,-0.14443028449574513,-0.21213204,-0.21213204,2
272,0.14739612182676792,-0.7071991701364517,-0.2600524208352697,-0.14443028449574513,0.12479551977515221,-0.963891677749157,0.010227418282466327,-0.27764900511807766,0.0,-0.3,1
273,0.12479551977515221,-0.963891677749157,0.010227418282466327,-0.27764900511807766,0.1226013957411051,-0.9955938546895982,-0.002215698195966261,-0.005263245956791238,0.0,0.0,0
274,0.1226013957411051,-0.9955938546895982,-0.002215698195966261,-0.005263245956791238,0.364935618275404,-0.8599315047740936,0.26386973625968535,0.15121694098628694,0.21213204,0.21213204,6
275,0.364935618275404,-0.8599315047740936,0.26386973625968535,0.15121694098628694,0.6376896070957184,-0.7041777939677238,0.26753075096827134,0.13743323459901813,0.21213204,0.21213204,6
276,0.6376896070957184,-0.7041777939677238,0.26753075096827134,0.13743323459901813,0.6841071931600571,-0.9221952497839928,0.008050647388888025,-0.2679412186869324,0.0,-0.3,1
277,0.6841071931600571,-0.9221952497839928,0.008050647388888025,-0.2679412186869324,0.414446697729826,-0.9456168798804283,-0.27880929253397035,0.005392641053407469,-0.3,0.0,7
278,0.414446697729826,-0.9456168798804283,-0.27880929253397035,0.005392641053407469,0.13540201965868476,-0.8042819379925729,-0.2850181638567617,0.15048416724395802,-0.21213204,0.21213204,4
279,0.13540201965868476,-0.8042819379925729,-0.2850181638567617,0.15048416724395802,0.3746338962554932,-0.7777380510210992,0.2647349935873661,0.008070859771389636,0.3,0.0,3
280,0.3746338962554932,-0.7777380510210992,0.2647349935873661,0.008070859771389636,0.6386447682976724,-0.6314370183587075,0.2787836046350014,0.14295545983475924,0.21213204,0.21213204,6
281,0.6386447682976724,-0.6314370183587075,0.2787836046350014,0.14295545983475924,0.6752530030727386,-0.6160469004631043,0.003265268573950972,0.0005010886448472306,0.0,0.0,0
282,0.6752530030727386,-0.6160469004631043,0.003265268573950972,0.0005010886448472306,0.6687298624277115,-0.3615649548649788,-0.0038752401997333725,0.2936263606220994,0.0,0.3,5
283,0.6687298624277115,-0.3615649548649788,-0.0038752401997333725,0.2936263606220994,0.40711878060102463,-0.3310982709467411,-0.2717635375133038,0.001101066446255437,-0.3,0.0,7
284,0.40711878060102463,-0.3310982709467411,-0.2717635375133038,0.001101066446255437,0.36354178796410563,-0.0886041603654623,0.025580771188200103,0.2902706744879289,0.0,0.3,5
285,0.36354178796410563,-0.0886041603654623,0.025580771188200103,0.2902706744879289,0.36450058240890504,-0.05690444814935326,0.001231837709978119,-0.0010422862024378483,0.0,0.0,0
286,0.36450058240890504,-0.05690444814935326,0.001231837709978119,-0.0010422862024378483,0.3714986187100411,0.2154712990105152,0.008093348714297005,0.29279828101150324,0.0,0.3,5
287,0.3714986187100411,0.2154712990105152,0.008093348714297005,0.29279828101150324,0.38828692626953126,0.000982559982920066,0.030014871614518254,-0.27643240141509107,0.0,-0.3,1
288,0.38828692626953126,0.000982559982920066,0.030014871614518254,-0.27643240141509107,0.16586710434854032,-0.1833122790247202,-0.27129819688163415,-0.16621834755660697,-0.21213204,-0.21213204,2
289,0.16586710434854032,-0.1833122790247202,-0.27129819688163415,-0.16621834755660697,0.3614128814399243,-0.07307868515104056,0.2899349131234626,0.1578096551360273,0.21213204,0.21213204,6
290,0.3614128814399243,-0.07307868515104056,0.2899349131234626,0.1578096551360273,0.17459146170020104,-0.19014468038380145,-0.2755964101000571,-0.17111248014121444,-0.21213204,-0.21213204,2
291,0.17459146170020104,-0.19014468038380145,-0.2755964101000571,-0.17111248014121444,0.3719007116615773,-0.3477170271217823,0.28243165717850716,-0.14355862101136835,0.21213204,-0.21213204,8
292,0.3719007116615773,-0.3477170271217823,0.28243165717850716,-0.14355862101136835,0.141375713250041,-0.37122283073663714,-0.2570723823047946,-0.0010546157842987692,-0.3,0.0,7
293,0.141375713250041,-0.37122283073663714,-0.2570723823047946,-0.0010546157842987692,0.10312419469207525,-0.1245506589561701,0.008445951614532593,0.29732588703625856,0.0,0.3,5
294,0.10312419469207525,-0.1245506589561701,0.008445951614532593,0.29732588703625856,-0.1224113515496254,-0.23755182768702507,-0.2757036314786513,-0.156939909364895,-0.21213204,-0.21213204,2
295,-0.1224113515496254,-0.23755182768702507,-0.2757036314786513,-0.156939909364895,0.07009203419983387,-0.38651249210834504,0.2911300793860643,-0.14524822499271758,0.21213204,-0.21213204,8
296,0.07009203419983387,-0.38651249210834504,0.2911300793860643,-0.14524822499271758,0.3715214485168457,-0.39671855175495147,0.30585692537644515,0.0052595330218936425,0.3,0.0,3
297,0.3715214485168457,-0.39671855175495147,0.30585692537644515,0.0052595330218936425,0.665317103970051,-0.3981333649992943,0.29748730790340977,-0.002425407352282033,0.3,0.0,3
298,0.665317103970051,-0.3981333649992943,0.29748730790340977,-0.002425407352282033,0.47080299033522605,-0.5235271835327149,-0.26664025153012394,-0.15216649070622532,-0.21213204,-0.21213204,2
299,0.47080299033522605,-0.5235271835327149,-0.26664025153012394,-0.15216649070622532,0.4402871106386185,-0.7929262266755104,-0.0009692560761222662,-0.2895348265742678,0.0,-0.3,1
300,0.4402871106386185,-0.7929262266755104,-0.0009692560761222662,-0.2895348265742678,0.1722521202504635,-0.824078175842762,-0.27183187390202224,0.000678114518267307,-0.3,0.0,7
301,0.1722521202504635,-0.824078175842762,-0.27183187390202224,0.000678114518267307,0.13146590162217617,-0.8237631544947625,0.0006165792148618372,0.0008319664720880249,0.0,0.0,0
302,0.13146590162217617,-0.8237631544947625,0.0006165792148618372,0.0008319664720880249,0.13402520239949228,-1.0740325440168381,0.0008199155821472029,-0.283237595675634,0.0,-0.3,1
303,0.13402520239949228,-1.0740325440168381,0.0008199155821472029,-0.283237595675634,0.4017266330897808,-1.1012406837701798,0.2770690254464184,-0.00011052215408974405,0.3,0.0,3
304,0.4017266330897808,-1.1012406837701798,0.2770690254464184,-0.00011052215408974405,0.166796958437562,-1.1005060347318651,-0.2516719419123796,-0.0008180409841766795,-0.3,0.0,7
305,0.166796958437562,-1.1005060347318651,-0.2516719419123796,-0.0008180409841766795,0.3989392319560051,-1.0953576962947846,0.2477994452571107,-0.00016363414488477785,0.3,0.0,3
306,0.3989392319560051,-1.0953576962947846,0.2477994452571107,-0.00016363414488477785,0.6696168186306953,-0.9449954112410546,0.2640466123258761,0.16083158747914456,0.21213204,0.21213204,6
307,0.6696168186306953,-0.9449954112410546,0.2640466123258761,0.16083158747914456,0.4672384458184242,-0.786514532327652,-0.279098375822655,0.14636127983898095,-0.21213204,0.21213204,4
308,0.4672384458184242,-0.786514532327652,-0.279098375822655,0.14636127983898095,0.4287520381212234,-0.5170268144011497,-0.011678803754578576,0.2698556631627099,0.0,0.3,5
309,0.4287520381212234,-0.5170268144011497,-0.011678803754578576,0.2698556631627099,0.16605702944099904,-0.489039850383997,-0.2728722945565565,-0.005077968630913376,-0.3,0.0,7
310,0.16605702944099904,-0.489039850383997,-0.2728722945565565,-0.005077968630913376,-0.10253815585523844,-0.3503950660526753,-0.2786097108237977,0.13615599616372612,-0.21213204,0.21213204,4
311,-0.10253815585523844,-0.3503950660526753,-0.2786097108237977,0.13615599616372612,-0.3960541097164154,-0.3400260475158692,-0.3013060851361944,0.0020365840429939367,-0.3,0.0,7
312,-0.3960541097164154,-0.3400260475158692,-0.3013060851361944,0.0020365840429939367,-0.1575628030776978,-0.33885219240784653,0.23976815661435563,-0.0010388533925355214,0.3,0.0,3
313,-0.1575628030776978,-0.33885219240784653,0.23976815661435563,-0.0010388533925355214,-0.38841665049791335,-0.3395390599250793,-0.26203569744611166,0.0020962730866695336,-0.3,0.0,7
314,-0.38841665049791335,-0.3395390599250793,-0.26203569744611166,0.0020962730866695336,-0.190491823720932,-0.21226587461531163,0.2968275341380827,0.13694897561876054,0.21213204,0.21213204,6
315,-0.190491823720932,-0.21226587461531163,0.2968275341380827,0.13694897561876054,-0.3783868458151818,-0.32295529351234437,-0.25760757431658754,-0.145830714992497,-0.21213204,-0.21213204,2
316,-0.3783868458151818,-0.32295529351234437,-0.25760757431658754,-0.145830714992497,-0.6559759911537171,-0.4692658901274205,-0.2862521524526551,-0.1436377901526308,-0.21213204,-0.21213204,2
317,-0.6559759911537171,-0.4692658901274205,-0.2862521524526551,-0.1436377901526308,-0.46271626000404364,-0.6176857280254364,0.2662329604964291,-0.14533328074269367,0.21213204,-0.21213204,8
318,-0.46271626000404364,-0.6176857280254364,0.2662329604964291,-0.14533328074269367,-0.6618339861750603,-0.5111405100822448,-0.28724124815698365,0.1421664934535359,-0.21213204,0.21213204,4
319,-0.6618339861750603,-0.5111405100822448,-0.28724124815698365,0.1421664934535359,-0.7042063597083092,-0.24690461777150632,-0.012376865679720649,0.2833185234048637,0.0,0.3,5
320,-0.7042063597083092,-0.24690461777150632,-0.012376865679720649,0.2833185234048637,-0.46535368010997774,-0.3374788782238961,0.290748678158875,-0.14002696873632736,0.21213204,-0.21213204,8
321,-0.46535368010997774,-0.3374788782238961,0.290748678158875,-0.14002696873632736,-0.7026298376202583,-0.3597927088558674,-0.27028428570430596,-0.0022835392255404433,-0.3,0.0,7
322,-0.7026298376202583,-0.3597927088558674,-0.27028428570430596,-0.0022835392255404433,-0.4704611018955708,-0.36274533262848857,0.2507080434499747,0.004539040057386971,0.3,0.0,3
323,-0.4704611018955708,-0.36274533262848857,0.2507080434499747,0.004539040057386971,-0.16772438099682332,-0.36248494337797166,0.3055957274006755,0.0012091356289184547,0.3,0.0,3
324,-0.16772438099682332,-0.36248494337797166,0.3055957274006755,0.0012091356289184547,0.13274804123938083,-0.3598573281288147,0.2992145559874507,0.002848372926837302,0.3,0.0,3
325,0.13274804123938083,-0.3598573281288147,0.2992145559874507,0.002848372926837302,0.434063009673357,-0.35967180433869367,0.2903743627268308,-0.006080592620410804,0.3,0.0,3
326,0.434063009673357,-0.35967180433869367,0.2903743627268308,-0.006080592620410804,0.6945282900571823,-0.2045011987924576,0.2769928076894129,0.14615436154906655,0.21213204,0.21213204,6
327,0.6945282900571823,-0.2045011987924576,0.2769928076894129,0.14615436154906655,0.9730947895884514,-0.048863312622904775,0.2740113992998124,0.17332149456391366,0.21213204,0.21213204,6
328,0.9730947895884514,-0.048863312622904775,0.2740113992998124,0.17332149456391366,0.7358859379649163,-0.02461077123582363,-0.2563822407913388,0.013343074229047503,-0.3,0.0,7
329,0.7358859379649163,-0.02461077123582363,-0.2563822407913388,0.013343074229047503,0.9286694216609003,-0.15011784712076187,0.2908575916672647,-0.13223945958853908,0.21213204,-0.21213204,8
330,0.9286694216609003,-0.15011784712076187,0.2908575916672647,-0.13223945958853908,0.9650578642845155,0.09327054012715816,0.016108621641328372,0.29660634943405884,0.0,0.3,5
331,0.9650578642845155,0.09327054012715816,0.016108621641328372,0.29660634943405884,0.9681863896012307,0.3967113178670406,0.0005917448184326523,0.30645482161233595,0.0,0.3,5
332,0.9681863896012307,0.3967113178670406,0.0005917448184326523,0.30645482161233595,0.7533884229421617,0.2921555684924126,-0.28057120921573564,-0.13790659545347353,-0.21213204,-0.21213204,2
333,0.7533884229421617,0.2921555684924126,-0.28057120921573564,-0.13790659545347353,0.720536122751236,0.27975393999814985,0.0005660095829356375,0.0002490245063160069,0.0,0.0,0
334,0.720536122751236,0.27975393999814985,0.0005660095829356375,0.0002490245063160069,0.7205672434687614,0.279743752270937,0.0002495323028464656,4.142222960604048e-05,0.0,0.0,0
335,0.7205672434687614,0.279743752270937,0.0002495323028464656,4.142222960604048e-05,0.47937170822620395,0.411515239495039,-0.2682783929045587,0.14111336469996605,-0.21213204,0.21213204,4
336,0.47937170822620395,0.411515239495039,-0.2682783929045587,0.14111336469996605,0.20055390798449518,0.5620598549246788,-0.2760195584200172,0.1548364605345641,-0.21213204,0.21213204,4
337,0.20055390798449518,0.5620598549246788,-0.2760195584200172,0.1548364605345641,-0.08903644912987949,0.5771279847383499,-0.29891269352855404,-0.001828900089986648,-0.3,0.0,7
338,-0.08903644912987949,0.5771279847383499,-0.29891269352855404,-0.001828900089986648,-0.3524295875906945,0.44150229121446616,-0.2798309370868315,-0.14550497308706412,-0.21213204,-0.21213204,2
339,-0.3524295875906945,0.44150229121446616,-0.2798309370868315,-0.14550497308706412,-0.6262124693393708,0.2938614473283291,-0.27233057580245934,-0.1447660529060486,-0.21213204,-0.21213204,2
340,-0.6262124693393708,0.2938614473283291,-0.27233057580245934,-0.1447660529060486,-0.662544466137886,0.027176985897868874,-0.0077184912639706536,-0.28610133737826277,0.0,-0.3,1
341,-0.662544466137886,0.027176985897868874,-0.0077184912639706536,-0.28610133737826277,-0.6591568060398102,0.26286072661280635,0.004725936079032268,0.3174575488102793,0.0,0.3,5
342,-0.6591568060398102,0.26286072661280635,0.004725936079032268,0.3174575488102793,-0.9245401295900346,0.2993256256699562,-0.2706615600952249,-0.0029302066906380943,-0.3,0.0,7
343,-0.9245401295900346,0.2993256256699562,-0.2706615600952249,-0.0029302066906380943,-0.687291933476925,0.30179502343535425,0.24584218615492698,0.0027337006043288603,0.3,0.0,3
344,-0.687291933476925,0.30179502343535425,0.24584218615492698,0.0027337006043288603,-0.6419528025865555,0.05691560167595745,-0.0041723929941183185,-0.2852604432311866,0.0,-0.3,1
345,-0.6419528025865555,0.05691560167595745,-0.0041723929941183185,-0.2852604432311866,-0.3705294130563736,0.029642884878069164,0.2846364058025075,0.0038096416313750784,0.3,0.0,3
346,-0.3705294130563736,0.029642884878069164,0.2846364058025075,0.0038096416313750784,-0.32431280857920647,0.2908285379529,-0.0062184480808700395,0.28709937509648287,0.0,0.3,5
347,-0.32431280857920647,0.2908285379529,-0.0062184480808700395,0.28709937509648287,-0.3244272473096848,0.32240309397578243,-0.0009619376144680363,-0.00031231624541225186,0.0,0.0,0
348,-0.3244272473096848,0.32240309397578243,-0.0009619376144680363,-0.00031231624541225186,-0.5731758351922036,0.4527952877402306,-0.27644730568954345,0.13929625671047702,-0.21213204,0.21213204,4
349,-0.5731758351922036,0.4527952877402306,-0.27644730568954345,0.13929625671047702,-0.6133349078297616,0.4663309051990509,9.618955719744737e-05,-0.00019467679258124482,0.0,0.0,0
350,-0.6133349078297616,0.4663309051990509,9.618955719744737e-05,-0.00019467679258124482,-0.335482876855135,0.46581768057346346,0.29850058558853715,0.0013384249275733982,0.3,0.0,3
351,-0.335482876855135,0.46581768057346346,0.29850058558853715,0.0013384249275733982,-0.2884959077954292,0.4660828791677952,0.0002907905514651618,0.0008879097421750536,0.0,0.0,0
352,-0.2884959077954292,0.4660828791677952,0.0002907905514651618,0.0008879097421750536,-0.009322342230007052,0.4720212305009366,0.2885173962035561,0.008015691043546356,0.3,0.0,3
353,-0.009322342230007052,0.4720212305009366,0.2885173962035561,0.008015691043546356,-0.23720706193745136,0.4755053472399712,-0.2589357059142158,0.0019332936828704175,-0.3,0.0,7
354,-0.23720706193745136,0.4755053472399712,-0.2589357059142158,0.0019332936828704175,-0.508349421775341,0.613439895105362,-0.2720914472654845,0.14149388230409637,-0.21213204,0.21213204,4
355,-0.508349421775341,0.613439895105362,-0.2720914472654845,0.14149388230409637,-0.5579088067293168,0.37649037785530093,0.00992984371834799,-0.2835214837030145,0.0,-0.3,1
356,-0.5579088067293168,0.37649037785530093,0.00992984371834799,-0.2835214837030145,-0.8249732029080391,0.3474043078839779,-0.27688741743152495,-0.002683246309960118,-0.3,0.0,7
357,-0.8249732029080391,0.3474043078839779,-0.27688741743152495,-0.002683246309960118,-1.0865900033950806,0.20363292690217494,-0.2837014452420546,-0.15304087555608356,-0.21213204,-0.21213204,2
358,-1.0865900033950806,0.20363292690217494,-0.2837014452420546,-0.15304087555608356,-0.8508963147640229,0.17931271304786206,0.2655217970197444,-0.00011100058058090799,0.3,0.0,3
359,-0.8508963147640229,0.17931271304786206,0.2655217970197444,-0.00011100058058090799,-1.0837209384918214,0.17934315333366396,-0.2588771575019499,-0.002238416543654151,-0.3,0.0,7
360,-1.0837209384918214,0.17934315333366396,-0.2588771575019499,-0.002238416543654151,-0.8508210375189782,0.17815455557107926,0.2616028043754517,0.003915038615802934,0.3,0.0,3
361,-0.8508210375189782,0.17815455557107926,0.2616028043754517,0.003915038615802934,-1.0824783523082733,0.17687934850752357,-0.2628653998569154,0.0015814440867433339,-0.3,0.0,7
362,-1.0824783523082733,0.17687934850752357,-0.2628653998569154,0.0015814440867433339,-1.3840736760854722,0.17232439937889577,-0.31281836948880276,-0.008160013014888955,-0.3,0.0,7
363,-1.3840736760854722,0.17232439937889577,-0.31281836948880276,-0.008160013014888955,-1.4152218506097796,-0.09434258467406034,0.0033324217988409885,-0.3057289471100852,0.0,-0.3,1
364,-1.4152218506097796,-0.09434258467406034,0.0033324217988409885,-0.3057289471100852,-1.1465160546302795,-0.13175150508582592,0.27938197806784526,-0.0015407274799811635,0.3,0.0,3
365,-1.1465160546302795,-0.13175150508582592,0.27938197806784526,-0.0015407274799811635,-0.884141817700863,0.008036195795796812,0.27110369870315987,0.1556200236734933,0.21213204,0.21213204,6
366,-0.884141817700863,0.008036195795796812,0.27110369870315987,0.1556200236734933,-0.582953723704815,0.02326388204544783,0.3070949821851959,0.004113880509186652,0.3,0.0,3
367,-0.582953723704815,0.02326388204544783,0.3070949821851959,0.004113880509186652,-0.5329395769596099,0.2999149325609207,0.015419550716307543,0.29132083833185707,0.0,0.3,5
368,-0.5329395769596099,0.2999149325609207,0.015419550716307543,0.29132083833185707,-0.5317411365151405,0.3322326502263546,-0.0006153202110629855,0.0004715064647880901,0.0,0.0,0
369,-0.5317411365151405,0.3322326502263546,-0.0006153202110629855,0.0004715064647880901,-0.8074345146179199,0.33433231691122056,-0.2818332961347808,0.00034249216642484603,-0.3,0.0,7
370,-0.8074345146179199,0.33433231691122056,-0.2818332961347808,0.00034249216642484603,-1.1046931069135666,0.3358477029025555,-0.3013669824157218,0.0005368096524790532,-0.3,0.0,7
371,-1.1046931069135666,0.3358477029025555,-0.3013669824157218,0.0005368096524790532,-1.367831505084038,0.18896051165163516,-0.28089224690062753,-0.15480533130089696,-0.21213204,-0.21213204,2
372,-1.367831505084038,0.18896051165163516,-0.28089224690062753,-0.15480533130089696,-1.1797849455595018,0.29359244930148126,0.27688601231237026,0.14716065538057366,0.21213204,0.21213204,6
373,-1.1797849455595018,0.29359244930148126,0.27688601231237026,0.14716065538057366,-1.3748634529352188,0.4482652553498745,-0.2706200680908765,0.1393974327679845,-0.21213204,0.21213204,4
374,-1.3748634529352188,0.4482652553498745,-0.2706200680908765,0.1393974327679845,-1.1738421814203261,0.34710350293517117,0.28705264310882583,-0.1311106538176024,0.21213204,-0.21213204,8
375,-1.1738421814203261,0.34710350293517117,0.28705264310882583,-0.1311106538176024,-0.9152218660473824,0.4913877292871476,0.2628366675136504,0.1616612220995128,0.21213204,0.21213204,6
376,-0.9152218660473824,0.4913877292871476,0.2628366675136504,0.1616612220995128,-0.8693077007651331,0.2704358888745308,0.002794349034217682,-0.27987242004488777,0.0,-0.3,1
377,-0.8693077007651331,0.2704358888745308,0.002794349034217682,-0.27987242004488777,-1.1345322375297546,0.24089692494273185,-0.27624312453812755,0.0007029993704088586,-0.3,0.0,7
378,-1.1345322375297546,0.24089692494273185,-0.27624312453812755,0.0007029993704088586,-0.9512892736196518,0.10307674435973169,0.2808139248465426,-0.14799491816561453,0.21213204,-0.21213204,8
379,-0.9512892736196518,0.10307674435973169,0.2808139248465426,-0.14799491816561453,-1.1456328759908678,0.20790549709796904,-0.27068175920904114,0.14003264199995377,-0.21213204,0.21213204,4
380,-1.1456328759908678,0.20790549709796904,-0.27068175920904114,0.14003264199995377,-0.9526230316042901,0.3612997515797615,0.27394686253544454,0.16315410137871553,0.21213204,0.21213204,6
381,-0.9526230316042901,0.3612997515797615,0.27394686253544454,0.16315410137871553,-0.6708481675028801,0.512357358276844,0.2854186957965714,0.13949699989953257,0.21213204,0.21213204,6
382,-0.6708481675028801,0.512357358276844,0.2854186957965714,0.13949699989953257,-0.393721261036396,0.6575428772449494,0.2824531977203952,0.15259771208156808,0.21213204,0.21213204,6
383,-0.393721261036396,0.6575428772449494,0.2824531977203952,0.15259771208156808,-0.5846743872880936,0.5495154457807541,-0.28274418021265013,-0.16604505290768212,-0.21213204,-0.21213204,2
384,-0.5846743872880936,0.5495154457807541,-0.28274418021265013,-0.16604505290768212,-0.8812994876265527,0.53580465965271,-0.2881052240936333,0.002489387510451008,-0.3,0.0,7
385,-0.8812994876265527,0.53580465965271,-0.2881052240936333,0.002489387510451008,-0.920388787674904,0.787183606171608,0.007099581232130928,0.29376870712856257,0.0,0.3,5
386,-0.920388787674904,0.787183606171608,0.007099581232130928,0.29376870712856257,-0.6533843319416046,0.8150445744276047,0.2780894369769027,-0.005374883084178224,0.3,0.0,3
387,-0.6533843319416046,0.8150445744276047,0.2780894369769027,-0.005374883084178224,-0.612349636566639,0.8140342872023583,-0.0003103361056485644,0.00018252259402481028,0.0,0.0,0
388,-0.612349636566639,0.8140342872023583,-0.0003103361056485644,0.00018252259402481028,-0.3625527238726616,0.6832377047896386,0.2933082136890761,-0.13297334565001392,0.21213204,-0.21213204,8
389,-0.3625527238726616,0.6832377047896386,0.2933082136890761,-0.13297334565001392,-0.07578834687620403,0.549238324391842,0.2904447041403381,-0.12634903232000938,0.21213204,-0.21213204,8
390,-0.07578834687620403,0.549238324391842,0.2904447041403381,-0.12634903232000938,-0.03763215352594853,0.2936241982281208,0.0030174405608976744,-0.28429494431986096,0.0,-0.3,1
391,-0.03763215352594853,0.2936241982281208,0.0030174405608976744,-0.28429494431986096,0.20280692839920522,0.11972488864213228,0.3053590805679514,-0.16160444618277855,0.21213204,-0.21213204,8
392,0.20280692839920522,0.11972488864213228,0.3053590805679514,-0.16160444618277855,0.26089335554838183,0.37059611175656326,0.035263370613929104,0.3081071379633041,0.0,0.3,5
393,0.26089335554838183,0.37059611175656326,0.035263370613929104,0.3081071379633041,0.2786697317183018,0.6737946859836579,0.026335714465450837,0.29688490053533456,0.0,0.3,5
394,0.2786697317183018,0.6737946859836579,0.026335714465450837,0.29688490053533456,0.2832551446735859,0.9656144644021988,-0.017543448141901185,0.29809079010997247,0.0,0.3,5
395,0.2832551446735859,0.9656144644021988,-0.017543448141901185,0.29809079010997247,0.5099775717258453,0.8632247451782227,0.256476895921219,-0.16358214458248488,0.21213204,-0.21213204,8
396,0.5099775717258453,0.8632247451782227,0.256476895921219,-0.16358214458248488,0.3080615512907505,0.9715219878792765,-0.2880222676206492,0.14028744844561414,-0.21213204,0.21213204,4
397,0.3080615512907505,0.9715219878792765,-0.2880222676206492,0.14028744844561414,0.02991159805320203,1.122652080845833,-0.2780777277650696,0.14667458615134762,-0.21213204,0.21213204,4
398,0.02991159805320203,1.122652080845833,-0.2780777277650696,0.14667458615134762,-0.22960933146178722,0.9865839061021806,-0.256965098378946,-0.144556450925522,-0.21213204,-0.21213204,2
399,-0.22960933146178722,0.9865839061021806,-0.256965098378946,-0.144556450925522,-0.25862131087183954,0.7194384642362596,-0.0023053701301067567,-0.28304233255944644,0.0,-0.3,1
400,-0.25862131087183954,0.7194384642362596,-0.0023053701301067567,-0.28304233255944644,-0.25944366305470473,0.6889026723146439,-0.000515618118376214,-0.00043923050691640044,0.0,0.0,0
401,-0.25944366305470473,0.6889026723146439,-0.000515618118376214,-0.00043923050691640044,-0.007174876016192139,0.8233510340571404,0.28311285997188257,0.1509628585459484,0.21213204,0.21213204,6
402,-0.007174876016192139,0.8233510340571404,0.28311285997188257,0.1509628585459484,-0.19732837414741516,0.9749304639101029,-0.2794137055026439,0.13952840062168598,-0.21213204,0.21213204,4
403,-0.19732837414741516,0.9749304639101029,-0.2794137055026439,0.13952840062168598,-0.2352528325557709,0.987887547492981,0.0003253370886776118,2.201545893223022e-05,0.0,0.0,0
404,-0.2352528325557709,0.987887547492981,0.0003253370886776118,2.201545893223022e-05,0.005385780309559778,0.8579468991160394,0.27874917403809896,-0.13535952656750003,0.21213204,-0.21213204,8
405,0.005385780309559778,0.8579468991160394,0.27874917403809896,-0.13535952656750003,0.2997589544713497,0.714302451825142,0.3001288773008567,-0.14257511794095284,0.21213204,-0.21213204,8
406,0.2997589544713497,0.714302451825142,0.3001288773008567,-0.14257511794095284,0.5848226462364197,0.5713124440193177,0.27925792165069363,-0.1468399860196084,0.21213204,-0.21213204,8
407,0.5848226462364197,0.5713124440193177,0.27925792165069363,-0.1468399860196084,0.8828766333460808,0.5615429529190064,0.30000758509082576,-8.74331774972576e-05,0.3,0.0,3
408,0.8828766333460808,0.5615429529190064,0.30000758509082576,-8.74331774972576e-05,0.9244794638156892,0.321928412860632,0.012821008818852522,-0.2756032621035621,0.0,-0.3,1
409,0.9244794638156892,0.321928412860632,0.012821008818852522,-0.2756032621035621,0.9340739238023759,0.5458838792324067,0.006554618217481164,0.3025045027479708,0.0,0.3,5
410,0.9340739238023759,0.5458838792324067,0.006554618217481164,0.3025045027479708,0.7060178658843042,0.45078394977450376,-0.2758950382934466,-0.11711317026346557,-0.21213204,-0.21213204,2
411,0.7060178658843042,0.45078394977450376,-0.2758950382934466,-0.11711317026346557,0.6733774426460266,0.1939597911119461,0.018879579876228358,-0.3044593573770213,0.0,-0.3,1
412,0.6733774426460266,0.1939597911119461,0.018879579876228358,-0.3044593573770213,0.6849524627923966,0.42058618023395533,0.00023603414704107526,0.3096332751874624,0.0,0.3,5
413,0.6849524627923966,0.42058618023395533,0.00023603414704107526,0.3096332751874624,0.9128769825458527,0.33190778997540477,0.2819116464603004,-0.14314618856195904,0.21213204,-0.21213204,8
414,0.9128769825458527,0.33190778997540477,0.2819116464603004,-0.14314618856195904,0.7182305884122849,0.1959437422245741,-0.27728908366074584,-0.13751426020833515,-0.21213204,-0.21213204,2
415,0.7182305884122849,0.1959437422245741,-0.27728908366074584,-0.13751426020833515,0.6814188496947289,0.18192782790362835,-0.0007536995198420798,-0.00029572216591668973,0.0,0.0,0
416,0.6814188496947289,0.18192782790362835,-0.0007536995198420798,-0.00029572216591668973,0.4412447186172008,0.31538141742944714,-0.2786426394634699,0.14949963270896488,-0.21213204,0.21213204,4
417,0.4412447186172008,0.31538141742944714,-0.2786426394634699,0.14949963270896488,0.41302774685621263,0.07864668354988097,0.03256101740077834,-0.3212269497348854,0.0,-0.3,1
418,0.41302774685621263,0.07864668354988097,0.03256101740077834,-0.3212269497348854,0.42548571550846104,0.30856157227754594,0.008736194737264662,0.30047624911014903,0.0,0.3,5
419,0.42548571550846104,0.30856157227754594,0.008736194737264662,0.30047624911014903,0.16719433602094652,0.3459853926241398,-0.2765772259510589,0.006742630433995937,-0.3,0.0,7
420,0.16719433602094652,0.3459853926241398,-0.2765772259510589,0.006742630433995937,-0.103905087544024,0.49636605508327486,-0.2731777031504341,0.1471997614568646,-0.21213204,0.21213204,4
421,-0.103905087544024,0.49636605508327486,-0.2731777031504341,0.1471997614568646,-0.13141566380262376,0.7699013426423074,0.015147165120613877,0.3005038509634954,0.0,0.3,5
422,-0.13141566380262376,0.7699013426423074,0.015147165120613877,0.3005038509634954,-0.12858971938192845,0.80304397906065,0.0037503267277753816,-0.0006226588108129141,0.0,0.0,0
423,-0.12858971938192845,0.80304397906065,0.0037503267277753816,-0.0006226588108129141,-0.1287107561171055,0.8030535491108894,0.0009150893123092486,2.67022062640765e-05,0.0,0.0,0
424,-0.1287107561171055,0.8030535491108894,0.0009150893123092486,2.67022062640765e-05,0.11655331369638443,0.9426758494973184,0.2831787540277775,0.16080159685081055,0.21213204,0.21213204,6
425,0.11655331369638443,0.9426758494973184,0.2831787540277775,0.16080159685081055,-0.0794252027988434,1.0912921149730683,-0.2879862298008787,0.12810810261365715,-0.21213204,0.21213204,4
426,-0.0794252027988434,1.0912921149730683,-0.2879862298008787,0.12810810261365715,-0.3720799910902977,1.099497233104706,-0.2957359983487435,0.004340551581387164,-0.3,0.0,7
427,-0.3720799910902977,1.099497233104706,-0.2957359983487435,0.004340551581387164,-0.3949864554643631,1.3437210490942002,0.005667493092221344,0.28829048914824845,0.0,0.3,5
428,-0.3949864554643631,1.3437210490942002,0.005667493092221344,0.28829048914824845,-0.15213682895302771,1.2474081475973129,0.26444216648475044,-0.15990413736503967,0.21213204,-0.21213204,8
429,-0.15213682895302771,1.2474081475973129,0.26444216648475044,-0.15990413736503967,-0.10750122644454242,1.4687619705915451,0.011567201135214051,0.2939887454476005,0.0,0.3,5
430,-0.10750122644454242,1.4687619705915451,0.011567201135214051,0.2939887454476005,-0.32271953190565117,1.3640320001840593,-0.27100138203473945,-0.1446258061662044,-0.21213204,-0.21213204,2
431,-0.32271953190565117,1.3640320001840593,-0.27100138203473945,-0.1446258061662044,-0.11635134952664375,1.2185013892173768,0.2745428738428444,-0.1501533486840148,0.21213204,-0.21213204,8
432,-0.11635134952664375,1.2185013892173768,0.2745428738428444,-0.1501533486840148,-0.3506257871091366,1.195737948203087,-0.2574832949336493,0.001471851519174105,-0.3,0.0,7
433,-0.3506257871091366,1.195737948203087,-0.2574832949336493,0.001471851519174105,-0.38772861399650577,1.4394893972873688,0.004278070072889538,0.2903876660000897,0.0,0.3,5
434,-0.38772861399650577,1.4394893972873688,0.004278070072889538,0.2903876660000897,-0.37476383770108224,1.7430666582345964,0.0172206987727715,0.3098628782886301,0.0,0.3,5
435,-0.37476383770108224,1.7430666582345964,0.0172206987727715,0.3098628782886301,-0.12492925617396833,1.929323633980751,0.30266534435410486,0.1508858088971732,0.21213204,0.21213204,6
436,-0.12492925617396833,1.929323633980751,0.30266534435410486,0.1508858088971732,-0.08551188654303551,1.9450055114746094,0.0006268408550375589,-0.00020397001610435788,0.0,0.0,0
437,-0.08551188654303551,1.9450055114746094,0.0006268408550375589,-0.00020397001610435788,0.19367979421019554,1.9501329192638397,0.29493183514520505,0.010295426277222729,0.3,0.0,3
438,0.19367979421019554,1.9501329192638397,0.29493183514520505,0.010295426277222729,0.4759669815242291,2.1094671553611755,0.2899817520976657,0.15187136874732643,0.21213204,0.21213204,6
439,0.4759669815242291,2.1094671553611755,0.2899817520976657,0.15187136874732643,0.5111286846995354,2.1234991755485537,-0.00010466853915121523,-3.242165559962547e-05,0.0,0.0,0
440,0.5111286846995354,2.1234991755485537,-0.00010466853915121523,-3.242165559962547e-05,0.7715417878031731,1.9974488607406617,0.27576427816337934,-0.1495912827733607,0.21213204,-0.21213204,8
441,0.7715417878031731,1.9974488607406617,0.27576427816337934,-0.1495912827733607,0.5835415771245956,1.8500893886804581,-0.25045200395925205,-0.13225622627730116,-0.21213204,-0.21213204,2
442,0.5835415771245956,1.8500893886804581,-0.25045200395925205,-0.13225622627730116,0.2966850395023823,1.840271927165985,-0.2875618742374827,0.005297363621632327,-0.3,0.0,7
443,0.2966850395023823,1.840271927165985,-0.2875618742374827,0.005297363621632327,0.5067231947779656,1.7173080151796345,0.3008862944169695,-0.138943712210404,0.21213204,-0.21213204,8
444,0.5067231947779656,1.7173080151796345,0.3008862944169695,-0.138943712210404,0.32692628365755083,1.565388400888443,-0.2589743135865931,-0.14958070853776836,-0.21213204,-0.21213204,2
445,0.32692628365755083,1.565388400888443,-0.2589743135865931,-0.14958070853776836,0.5207466738700867,1.6913644719123841,0.288558521745429,0.16942184333643795,0.21213204,0.21213204,6
446,0.5207466738700867,1.6913644719123841,0.288558521745429,0.16942184333643795,0.29428885470032695,1.7204397893667223,-0.2650793528202523,0.004555511433889798,-0.3,0.0,7
447,0.29428885470032695,1.7204397893667223,-0.2650793528202523,0.004555511433889798,0.4966233974158764,1.60389230055809,0.2909152677744031,-0.1330884531366084,0.21213204,-0.21213204,8
448,0.4966233974158764,1.60389230055809,0.2909152677744031,-0.1330884531366084,0.5225288943529129,1.3389098981142045,-0.02336076205964458,-0.2919523357047779,0.0,-0.3,1
449,0.5225288943529129,1.3389098981142045,-0.02336076205964458,-0.2919523357047779,0.7811179794549942,1.311753283596039,0.2736695378116463,0.005228495687135279,0.3,0.0,3
450,0.7811179794549942,1.311753283596039,0.2736695378116463,0.005228495687135279,0.8082520556807518,1.5677884736061096,0.00043694191330943214,0.31491323184887166,0.0,0.3,5
451,0.8082520556807518,1.5677884736061096,0.00043694191330943214,0.31491323184887166,0.8083168335676194,1.6013356196403505,-0.00014855593231192637,-8.874632319222048e-05,0.0,0.0,0
452,0.8083168335676194,1.6013356196403505,-0.00014855593231192637,-8.874632319222048e-05,1.0487122073411943,1.7463963183879854,0.28499866627805576,0.15588578331746708,0.21213204,0.21213204,6
453,1.0487122073411943,1.7463963183879854,0.28499866627805576,0.15588578331746708,1.0946961762666705,1.531797795891762,0.007399977306235414,-0.28173001161714323,0.0,-0.3,1
454,1.0946961762666705,1.531797795891762,0.007399977306235414,-0.28173001161714323,1.3300268913030622,1.6400647887468338,0.2800813265642272,0.15018339502039804,0.21213204,0.21213204,6
455,1.3300268913030622,1.6400647887468338,0.2800813265642272,0.15018339502039804,1.6049563031196596,1.5175767072439195,0.2874860046239454,-0.14101738074352585,0.21213204,-0.21213204,8
456,1.6049563031196596,1.5175767072439195,0.2874860046239454,-0.14101738074352585,1.3741359499931336,1.4963159028530122,-0.2592954058774357,0.007797975049916046,-0.3,0.0,7
457,1.3741359499931336,1.4963159028530122,-0.2592954058774357,0.007797975049916046,1.3310707272052764,1.7590618541002274,0.017023516841859515,0.30965639546699186,0.0,0.3,5
458,1.3310707272052764,1.7590618541002274,0.017023516841859515,0.30965639546699186,1.3355108866453171,1.5583407782077792,0.00031186535581358805,-0.2737567579907933,0.0,-0.3,1
459,1.3355108866453171,1.5583407782077792,0.00031186535581358805,-0.2737567579907933,1.5670754276752472,1.670790657043457,0.2721319559106372,0.1474355404263426,0.21213204,0.21213204,6
460,1.5670754276752472,1.670790657043457,0.2721319559106372,0.1474355404263426,1.8318589559555056,1.8299808425903321,0.28327379117758356,0.14022076628911953,0.21213204,0.21213204,6
461,1.8318589559555056,1.8299808425903321,0.28327379117758356,0.14022076628911953,2.1145958548069004,1.9874573909282685,0.289048919194385,0.15638839941167892,0.21213204,0.21213204,6
462,2.1145958548069004,1.9874573909282685,0.289048919194385,0.15638839941167892,2.1468100281238556,2.0018104421138765,5.490242056533214e-06,0.00033519277195577464,0.0,0.0,0
463,2.1468100281238556,2.0018104421138765,5.490242056533214e-06,0.00033519277195577464,2.1517834005355834,1.7484390015363696,0.009664493965726002,-0.2820480973513583,0.0,-0.3,1
464,2.1517834005355834,1.7484390015363696,0.009664493965726002,-0.2820480973513583,1.9199731315135957,1.5715777152061463,-0.27679100503010107,-0.15172692956586556,-0.21213204,-0.21213204,2
465,1.9199731315135957,1.5715777152061463,-0.27679100503010107,-0.15172692956586556,1.892992381811142,1.312300146842003,0.014631497722222577,-0.28279630633845676,0.0,-0.3,1
466,1.892992381811142,1.312300146842003,0.014631497722222577,-0.28279630633845676,1.9102262507200243,1.0270248459577562,0.007206181837638549,-0.26887859093854866,0.0,-0.3,1
467,1.9102262507200243,1.0270248459577562,0.007206181837638549,-0.26887859093854866,2.1606816410064695,0.863600067281723,0.29462723225833926,-0.14187180675726482,0.21213204,-0.21213204,8
468,2.1606816410064695,0.863600067281723,0.29462723225833926,-0.14187180675726482,1.9697696146488193,0.967561126112938,-0.26528909710304255,0.13632751185685085,-0.21213204,0.21213204,4
469,1.9697696146488193,0.967561126112938,-0.26528909710304255,0.13632751185685085,1.6794212342739108,0.9815045619845391,-0.2857194973806465,-0.004644093415456081,-0.3,0.0,7
470,1.6794212342739108,0.9815045619845391,-0.2857194973806465,-0.004644093415456081,1.9211343742609026,0.9869836622953415,0.2602612622856124,0.004265111389636528,0.3,0.0,3
471,1.9211343742609026,0.9869836622953415,0.2602612622856124,0.004265111389636528,1.689509501409531,0.9891518110871316,-0.25729210838023475,0.000996879661061399,-0.3,0.0,7
472,1.689509501409531,0.9891518110871316,-0.25729210838023475,0.000996879661061399,1.3915325362205506,0.9849841259479524,-0.30651241530657947,-0.004619373942687327,-0.3,0.0,7
473,1.3915325362205506,0.9849841259479524,-0.30651241530657947,-0.004619373942687327,1.3523663133382797,0.9834757584214212,-0.00011049394299554993,0.00022294394523844746,0.0,0.0,0
474,1.3523663133382797,0.9834757584214212,-0.00011049394299554993,0.00022294394523844746,1.075021173095703,0.9751092398405077,-0.2897690075617074,-0.010460435447529455,-0.3,0.0,7
475,1.075021173095703,0.9751092398405077,-0.2897690075617074,-0.010460435447529455,1.3076756468296051,0.9705284698009493,0.25299786113860834,-0.0013059162394605628,0.3,0.0,3
476,1.3076756468296051,0.9705284698009493,0.25299786113860834,-0.0013059162394605628,1.1138609446525574,0.8423667145252228,-0.2797202995364246,-0.15306462334430154,-0.21213204,-0.21213204,2
477,1.1138609446525574,0.8423667145252228,-0.2797202995364246,-0.15306462334430154,1.3020898102521896,0.9446447491765023,0.2789107450585242,0.13055921277605503,0.21213204,0.21213204,6
478,1.3020898102521896,0.9446447491765023,0.2789107450585242,0.13055921277605503,1.6007485493183138,0.9543618174672127,0.30324743218872174,-0.005880126284456815,0.3,0.0,3
479,1.6007485493183138,0.9543618174672127,0.30324743218872174,-0.005880126284456815,1.6542005652666094,1.2100487502098085,0.026573760921542722,0.2982754720120894,0.0,0.3,5
480,1.6542005652666094,1.2100487502098085,0.026573760921542722,0.2982754720120894,1.6759550437927246,0.9928686421751977,0.01867112511140127,-0.2771819197134482,0.0,-0.3,1
481,1.6759550437927246,0.9928686421751977,0.01867112511140127,-0.2771819197134482,1.9091721345901491,1.1033053923368454,0.28751408199542017,0.1516030653689288,0.21213204,0.21213204,6
482,1.9091721345901491,1.1033053923368454,0.28751408199542017,0.1516030653689288,1.718842316031456,1.252180613899231,-0.2658007469640199,0.14046717530219088,-0.21213204,0.21213204,4
483,1.718842316031456,1.252180613899231,-0.2658007469640199,0.14046717530219088,1.9214053016662596,1.4069620550632478,0.28366061303485274,0.15069620355130214,0.21213204,0.21213204,6
484,1.9214053016662596,1.4069620550632478,0.28366061303485274,0.15069620355130214,1.68698198029995,1.429845421075821,-0.26699290518654156,0.0018734160275562632,-0.3,0.0,7
485,1.68698198029995,1.429845421075821,-0.26699290518654156,0.0018734160275562632,1.6584027489662172,1.1907182385921478,0.023344425414597796,-0.29380242991229216,0.0,-0.3,1
486,1.6584027489662172,1.1907182385921478,0.023344425414597796,-0.29380242991229216,1.677494767332077,0.8977062915921211,0.011602242330059253,-0.2931465581565171,0.0,-0.3,1
487,1.677494767332077,0.8977062915921211,0.011602242330059253,-0.2931465581565171,1.6823328083992006,0.6127672551631927,0.0036582217278405245,-0.28623184450732575,0.0,-0.3,1
488,1.6823328083992006,0.6127672551631927,0.0036582217278405245,-0.28623184450732575,1.9063147890090943,0.708713824248314,0.283305932684012,0.15244540569491402,0.21213204,0.21213204,6
489,1.9063147890090943,0.708713824248314,0.283305932684012,0.15244540569491402,2.210271216964722,0.7292808386087418,0.3148428525650111,0.004631280678672341,0.3,0.0,3
490,2.210271216964722,0.7292808386087418,0.3148428525650111,0.004631280678672341,2.01860767288208,0.6072297204494477,-0.2733865756585786,-0.13997612460994324,-0.21213204,-0.21213204,2
491,2.01860767288208,0.6072297204494477,-0.2733865756585786,-0.13997612460994324,1.9835277158737183,0.5942280850887298,0.0005425683885959766,-0.00032013401848632,0.0,0.0,0
492,1.9835277158737183,0.5942280850887298,0.0005425683885959766,-0.00032013401848632,2.0019970720767977,0.8556731593728064,0.010559167960913128,0.29745446324261354,0.0,0.3,5
493,2.0019970720767977,0.8556731593728064,0.010559167960913128,0.29745446324261354,2.0126127001285554,0.6503025852680206,0.0058528551166926466,-0.2825702686308782,0.0,-0.3,1
494,2.0126127001285554,0.6503025852680206,0.0058528551166926466,-0.2825702686308782,1.7857003466129302,0.47974023565053947,-0.27273338540931463,-0.13743836480163713,-0.21213204,-0.21213204,2
495,1.7857003466129302,0.47974023565053947,-0.27273338540931463,-0.13743836480163713,1.4916139192819595,0.4714249529838562,-0.2952649507571231,0.0011705713978287823,-0.3,0.0,7
496,1.4916139192819595,0.4714249529838562,-0.2952649507571231,0.0011705713978287823,1.6844540629386904,0.5998076933383942,0.270289143792576,0.14004444861972884,0.21213204,0.21213204,6
497,1.6844540629386904,0.5998076933383942,0.270289143792576,0.14004444861972884,1.9660469744682314,0.7434047865986825,0.2828850037671105,0.15357243807685417,0.21213204,0.21213204,6
498,1.9660469744682314,0.7434047865986825,0.2828850037671105,0.15357243807685417,1.7761679949045182,0.88572120770216,-0.26957943323397504,0.1433595715220603,-0.21213204,0.21213204,4
499,1.7761679949045182,0.88572120770216,-0.26957943323397504,0.1433595715220603,1.5116029184579851,0.7611887899994851,-0.2685288467002397,-0.12885964801740532,-0.21213204,-0.21213204,2
500,1.5116029184579851,0.7611887899994851,-0.2685288467002397,-0.12885964801740532,1.4699235745429995,0.7491156593799592,0.0001034010594664501,9.17758659810209e-05,0.0,0.0,0
501,1.4699235745429995,0.7491156593799592,0.0001034010594664501,9.17758659810209e-05,1.2154074912548067,0.8722394994616509,-0.27672731384797605,0.1374763755214384,-0.21213204,0.21213204,4
502,1.2154074912548067,0.8722394994616509,-0.27672731384797605,0.1374763755214384,1.175324168419838,0.8832676242232324,-0.0006920534263769805,0.004820872510938712,0.0,0.0,0
503,1.175324168419838,0.8832676242232324,-0.0006920534263769805,0.004820872510938712,0.9003439494609833,0.8761216137051583,-0.3042717318426894,-0.013279351558551802,-0.3,0.0,7
504,0.9003439494609833,0.8761216137051583,-0.3042717318426894,-0.013279351558551802,1.132072461771965,0.8750087746024132,0.24548355133551805,-0.0007212843732379475,0.3,0.0,3
505,1.132072461771965,0.8750087746024132,0.24548355133551805,-0.0007212843732379475,0.9370785082817078,0.7470770208001137,-0.2854622939991412,-0.1612313701414005,-0.21213204,-0.21213204,2
506,0.9370785082817078,0.7470770208001137,-0.2854622939991412,-0.1612313701414005,1.1264273950338364,0.8491584525823592,0.2778822533037243,0.14605462175881373,0.21213204,0.21213204,6
507,1.1264273950338364,0.8491584525823592,0.2778822533037243,0.14605462175881373,1.4044088120937348,0.985830876326561,0.27148779491650443,0.1303771211861083,0.21213204,0.21213204,6
508,1.4044088120937348,0.985830876326561,0.27148779491650443,0.1303771211861083,1.4393135499000551,0.998271346640587,-5.2187337336024356e-05,-0.00028614882709885106,0.0,0.0,0
509,1.4393135499000551,0.998271346640587,-5.2187337336024356e-05,-0.00028614882709885106,1.7174712092876434,1.0007464976072311,0.29262086304900536,0.005982843938492666,0.3,0.0,3
510,1.7174712092876434,1.0007464976072311,0.29262086304900536,0.005982843938492666,1.5329553206205369,1.1205408757448199,-0.27010796688523175,0.1443426472615586,-0.21213204,0.21213204,4
511,1.5329553206205369,1.1205408757448199,-0.27010796688523175,0.1443426472615586,1.7331014705657959,1.0120951149702073,0.2947634434180923,-0.13625338492065123,0.21213204,-0.21213204,8
512,1.7331014705657959,1.0120951149702073,0.2947634434180923,-0.13625338492065123,1.7875292788267134,1.2561084893226624,0.018804951767665428,0.29520616158928975,0.0,0.3,5
513,1.7875292788267134,1.2561084893226624,0.018804951767665428,0.29520616158928975,2.034494629955292,1.4385605012178422,0.2703835099728248,0.15368374184841035,0.21213204,0.21213204,6
514,2.034494629955292,1.4385605012178422,0.2703835099728248,0.15368374184841035,2.0667323482990265,1.4532588549613954,-0.0002128433723744756,-1.594459434965365e-05,0.0,0.0,0
515,2.0667323482990265,1.4532588549613954,-0.0002128433723744756,-1.594459434965365e-05,1.8201998857736588,1.3308573350667954,-0.2645635818091606,-0.13766421804839815,-0.21213204,-0.21213204,2
516,1.8201998857736588,1.3308573350667954,-0.2645635818091606,-0.13766421804839815,1.804030982851982,1.0680039605140685,0.015909629903390517,-0.28970776072782706,0.0,-0.3,1
517,1.804030982851982,1.0680039605140685,0.015909629903390517,-0.28970776072782706,2.050377111196518,1.1699229231834412,0.27315238795270763,0.13655429305050906,0.21213204,0.21213204,6
518,2.050377111196518,1.1699229231834412,0.27315238795270763,0.13655429305050906,2.0803695889472964,1.4395193648815154,-0.004686695749031123,0.2972618151879637,0.0,0.3,5
519,2.0803695889472964,1.4395193648815154,-0.004686695749031123,0.2972618151879637,1.842179513001442,1.6128086362600327,-0.2766257153577283,0.13759147105987854,-0.21213204,0.21213204,4
520,1.842179513001442,1.6128086362600327,-0.2766257153577283,0.13759147105987854,1.8032441399812698,1.624655345463753,0.00035943452479123033,0.0008804310803086827,0.0,0.0,0
521,1.8032441399812698,1.624655345463753,0.00035943452479123033,0.0008804310803086827,2.0557912819385527,1.7590365971565247,0.27433300266344135,0.1435497095446484,0.21213204,0.21213204,6
522,2.0557912819385527,1.7590365971565247,0.27433300266344135,0.1435497095446484,1.8628085093021394,1.6416490361452107,-0.2612802434929222,-0.14612005375752812,-0.21213204,-0.21213204,2
523,1.8628085093021394,1.6416490361452107,-0.2612802434929222,-0.14612005375752812,1.587974569296837,1.4916917138099672,-0.2686653475579082,-0.15181622134591238,-0.21213204,-0.21213204,2
524,1.587974569296837,1.4916917138099672,-0.2686653475579082,-0.15181622134591238,1.321439939260483,1.3436992346763612,-0.27789305410658727,-0.15056363465979405,-0.21213204,-0.21213204,2
525,1.321439939260483,1.3436992346763612,-0.27789305410658727,-0.15056363465979405,1.2924504421234133,1.0546620422363282,0.01136510101406376,-0.32185324550548566,0.0,-0.3,1
526,1.2924504421234133,1.0546620422363282,0.01136510101406376,-0.32185324550548566,1.2892226319313052,1.2457926894426348,0.006685351185693056,0.26488802804303885,0.0,0.3,5
527,1.2892226319313052,1.2457926894426348,0.006685351185693056,0.26488802804303885,1.0219463931560517,1.2677323271512986,-0.27497069053904155,-0.005181702828366204,-0.3,0.0,7
528,1.0219463931560517,1.2677323271512986,-0.27497069053904155,-0.005181702828366204,0.9940088892817498,0.9997119740605356,0.008081091829258957,-0.319002607411961,0.0,-0.3,1
529,0.9940088892817498,0.9997119740605356,0.008081091829258957,-0.319002607411961,1.2638509953975678,0.9577419134616852,0.28310227503539603,-0.014161207441677455,0.3,0.0,3
530,1.2638509953975678,0.9577419134616852,0.28310227503539603,-0.014161207441677455,1.5655387528419495,0.9554790277361871,0.30895459617310866,0.0012921012808464446,0.3,0.0,3
531,1.5655387528419495,0.9554790277361871,0.30895459617310866,0.0012921012808464446,1.37130773665905,0.8241730489134789,-0.28128571759485077,-0.15364116695403882,-0.21213204,-0.21213204,2
532,1.37130773665905,0.8241730489134789,-0.28128571759485077,-0.15364116695403882,1.3192317807912828,1.035780997824669,0.006887919807533705,0.2612753215923777,0.0,0.3,5
533,1.3192317807912828,1.035780997824669,0.006887919807533705,0.2612753215923777,1.5608415557146071,0.9356023188948632,0.2816183721209329,-0.14656067085185356,0.21213204,-0.21213204,8
534,1.5608415557146071,0.9356023188948632,0.2816183721209329,-0.14656067085185356,1.3251767887592314,0.9113705545067788,-0.2641250756473652,-0.005998549246798782,-0.3,0.0,7
535,1.3251767887592314,0.9113705545067788,-0.2641250756473652,-0.005998549246798782,1.5086145114660265,1.0291608500480651,0.2854331720858825,0.1448780218163515,0.21213204,0.21213204,6
536,1.5086145114660265,1.0291608500480651,0.2854331720858825,0.1448780218163515,1.3176565136909486,1.1664336316108705,-0.27163137546604316,0.12561169910826583,-0.21213204,0.21213204,4
537,1.3176565136909486,1.1664336316108705,-0.27163137546604316,0.12561169910826583,1.0323339339256288,1.2914583884716033,-0.29121257581181076,0.12720737353274192,-0.21213204,0.21213204,4
538,1.0323339339256288,1.2914583884716033,-0.29121257581181076,0.12720737353274192,1.2680360969066622,1.3118077171802522,0.26491505106558844,-0.0038989399966580327,0.3,0.0,3
539,1.2680360969066622,1.3118077171802522,0.26491505106558844,-0.0038989399966580327,1.30778999812603,1.311762283873558,0.0005216946127320068,-5.3564286292416034e-05,0.0,0.0,0
540,1.30778999812603,1.311762283873558,0.0005216946127320068,-5.3564286292416034e-05,1.3066840190649034,1.5754532378673556,0.0008490518601871444,0.31583942147069927,0.0,0.3,5
541,1.3066840190649034,1.5754532378673556,0.0008490518601871444,0.31583942147069927,1.5550812370538714,1.4968670694589616,0.3044634703834813,-0.1379740796632385,0.21213204,-0.21213204,8
542,1.5550812370538714,1.4968670694589616,0.3044634703834813,-0.1379740796632385,1.8169380604505538,1.6372459452390673,0.2760685201495081,0.14578214731863748,0.21213204,0.21213204,6
543,1.8169380604505538,1.6372459452390673,0.2760685201495081,0.14578214731863748,2.1132706572532656,1.6508252576112747,0.31449442930074156,0.007143630765587262,0.3,0.0,3
544,2.1132706572532656,1.6508252576112747,0.31449442930074156,0.007143630765587262,2.1479646979808806,1.405974412703514,-0.006540596889343798,-0.2812934518238425,0.0,-0.3,1
545,2.1479646979808806,1.405974412703514,-0.006540596889343798,-0.2812934518238425,1.8814275481700897,1.3777574254512788,-0.27432351583875436,0.00394738713070269,-0.3,0.0,7
546,1.8814275481700897,1.3777574254512788,-0.27432351583875436,0.00394738713070269,1.8492024590969087,1.1391585509777071,0.022014332302680465,-0.2870764824762481,0.0,-0.3,1
547,1.8492024590969087,1.1391585509777071,0.022014332302680465,-0.2870764824762481,1.8516308020830157,1.1091054264307023,0.00037898907319057685,-0.00041549657838698805,0.0,0.0,0
548,1.8516308020830157,1.1091054264307023,0.00037898907319057685,-0.00041549657838698805,1.6122989745855332,1.2377766337394716,-0.26351093599949094,0.14503462016446372,-0.21213204,0.21213204,4
549,1.6122989745855332,1.2377766337394716,-0.26351093599949094,0.14503462016446372,1.8177547501325608,1.3917985780954363,0.2920752521584139,0.16035900414314577,0.21213204,0.21213204,6
550,1.8177547501325608,1.3917985780954363,0.2920752521584139,0.16035900414314577,2.120479625558853,1.4098053054809572,0.3132900930793858,-0.00021481154462608075,0.3,0.0,3
551,2.120479625558853,1.4098053054809572,0.3132900930793858,-0.00021481154462608075,1.886018365979195,1.4094328533649445,-0.2594585999342173,0.001969723903467319,-0.3,0.0,7
552,1.886018365979195,1.4094328533649445,-0.2594585999342173,0.001969723903467319,1.5913718749999999,1.4096805525779725,-0.29768281479135444,0.0004296848187325445,-0.3,0.0,7
553,1.5913718749999999,1.4096805525779725,-0.29768281479135444,0.0004296848187325445,1.8387456562519076,1.4167607702732088,0.27338714552231724,0.006257960568666867,0.3,0.0,3
554,1.8387456562519076,1.4167607702732088,0.27338714552231724,0.006257960568666867,1.6115515516757968,1.4178587618350984,-0.2600379748513453,0.0030284737644903034,-0.3,0.0,7
555,1.6115515516757968,1.4178587618350984,-0.2600379748513453,0.0030284737644903034,1.8139068481206895,1.5500450309753417,0.27550928947062187,0.14152937593577108,0.21213204,0.21213204,6
556,1.8139068481206895,1.5500450309753417,0.27550928947062187,0.14152937593577108,1.8490072906255723,1.832121327853203,0.00583323505010142,0.3131771414689674,0.0,0.3,5
557,1.8490072906255723,1.832121327853203,0.00583323505010142,0.3131771414689674,1.8484479955673216,1.8634350140810012,0.0003821130530918655,0.0001997216313685398,0.0,0.0,0
558,1.8484479955673216,1.8634350140810012,0.0003821130530918655,0.0001997216313685398,2.1268832848548893,1.8652229926109316,0.3071514745173193,0.0035599711459332797,0.3,0.0,3
559,2.1268832848548893,1.8652229926109316,0.3071514745173193,0.0035599711459332797,2.1906901367664338,1.866915325331688,0.007706398654489804,-0.00036034625870398423,0.0,0.0,0
560,2.1906901367664338,1.866915325331688,0.007706398654489804,-0.00036034625870398423,2.2069318452358244,2.1324898378372197,0.008756861436535935,0.2764259885605273,0.0,0.3,5
561,2.2069318452358244,2.1324898378372197,0.008756861436535935,0.2764259885605273,2.210795894765854,1.9129287744998933,0.01151305259699255,-0.2820115258357966,0.0,-0.3,1
562,2.210795894765854,1.9129287744998933,0.01151305259699255,-0.2820115258357966,2.2190904317855833,2.134670639228821,0.007682020888718817,0.2776076417276961,0.0,0.3,5
563,2.2190904317855833,2.134670639228821,0.007682020888718817,0.2776076417276961,1.9995757174968718,2.0315613242149353,-0.2771455002635943,-0.1370174088334873,-0.21213204,-0.21213204,2
564,1.9995757174968718,2.0315613242149353,-0.2771455002635943,-0.1370174088334873,1.994714347410202,1.7604039183855058,0.017405090524259825,-0.2922325550024049,0.0,-0.3,1
565,1.994714347410202,1.7604039183855058,0.017405090524259825,-0.2922325550024049,1.7273568188667299,1.7275572512149813,-0.27119751853536994,-0.005733278831326127,-0.3,0.0,7
566,1.7273568188667299,1.7275572512149813,-0.27119751853536994,-0.005733278831326127,1.9195784096956254,1.5990182891130447,0.2814626407146676,-0.1442923629096955,0.21213204,-0.21213204,8
567,1.9195784096956254,1.5990182891130447,0.2814626407146676,-0.1442923629096955,1.9584165647506715,1.3312971106052398,0.01499361506355978,-0.2780042996029164,0.0,-0.3,1
568,1.9584165647506715,1.3312971106052398,0.01499361506355978,-0.2780042996029164,1.959681992673874,1.5543659900426865,-0.009218066172240963,0.2910876395670281,0.0,0.3,5
569,1.959681992673874,1.5543659900426865,-0.009218066172240963,0.2910876395670281,1.959780545473099,1.344865060520172,0.010172316853645719,-0.27942746725127593,0.0,-0.3,1
570,1.959780545473099,1.344865060520172,0.010172316853645719,-0.27942746725127593,1.960681255197525,1.3151650337219238,2.396944119105785e-05,0.0003469942725303661,0.0,0.0,0
571,1.960681255197525,1.3151650337219238,2.396944119105785e-05,0.0003469942725303661,1.6897362476587297,1.314971420931816,-0.28689447110144384,0.0014448495677329832,-0.3,0.0,7
572,1.6897362476587297,1.314971420931816,-0.28689447110144384,0.0014448495677329832,1.6482123624086382,1.3150750426769255,0.0004855937371831495,-0.00010301086477957852,0.0,0.0,0
573,1.6482123624086382,1.3150750426769255,0.0004855937371831495,-0.00010301086477957852,1.6600307302236557,1.5806965015649797,-0.0025727702463892517,0.29231418498381445,0.0,0.3,5
574,1.6600307302236557,1.5806965015649797,-0.0025727702463892517,0.29231418498381445,1.6650182084560394,1.3738038672208788,0.0180665082737006,-0.27840281869000333,0.0,-0.3,1
575,1.6650182084560394,1.3738038672208788,0.0180665082737006,-0.27840281869000333,1.911924993634224,1.2026309383392335,0.2879241764299929,-0.13896560227877486,0.21213204,-0.21213204,8
576,1.911924993634224,1.2026309383392335,0.2879241764299929,-0.13896560227877486,1.6869056292057039,1.1788274693489076,-0.24673958184848208,0.004175870557541079,-0.3,0.0,7
577,1.6869056292057039,1.1788274693489076,-0.24673958184848208,0.004175870557541079,1.6457422458887099,1.1789089934110641,0.0030450437154857825,-0.001494720752671447,0.0,0.0,0
578,1.6457422458887099,1.1789089934110641,0.0030450437154857825,-0.001494720752671447,1.6597095014333725,1.4458333931207656,0.02208340671708445,0.3063951804111297,0.0,0.3,5
579,1.6597095014333725,1.4458333931207656,0.02208340671708445,0.3063951804111297,1.9297033638715744,1.4839589548349381,0.27097956144474483,0.001935235291142515,0.3,0.0,3
580,1.9297033638715744,1.4839589548349381,0.27097956144474483,0.001935235291142515,1.7042505720853809,1.4800067793130873,-0.24757357944903616,-0.0009292232642677104,-0.3,0.0,7
581,1.7042505720853809,1.4800067793130873,-0.24757357944903616,-0.0009292232642677104,1.6538227804183963,1.7312891933918,-0.004005555497771946,0.30525357434785433,0.0,0.3,5
582,1.6538227804183963,1.7312891933918,-0.004005555497771946,0.30525357434785433,1.392288385772705,1.7657132223367693,-0.2646847551864895,0.0023660225066590304,-0.3,0.0,7
583,1.392288385772705,1.7657132223367693,-0.2646847551864895,0.0023660225066590304,1.6266828145742418,1.7672031920671465,0.24375692829811457,-0.0012112330034171456,0.3,0.0,3
584,1.6266828145742418,1.7672031920671465,0.24375692829811457,-0.0012112330034171456,1.9291915085554125,1.7686340346097946,0.31958050481081635,-0.0001142018381710911,0.3,0.0,3
585,1.9291915085554125,1.7686340346097946,0.31958050481081635,-0.0001142018381710911,1.9942520267724992,2.0220236330986023,0.021617861886140174,0.29943532333170036,0.0,0.3,5
586,1.9942520267724992,2.0220236330986023,0.021617861886140174,0.29943532333170036,1.785482658624649,1.9169307402133942,-0.27324913558725156,-0.17832744110558515,-0.21213204,-0.21213204,2
587,1.785482658624649,1.9169307402133942,-0.27324913558725156,-0.17832744110558515,2.024271034431458,1.8946775218248368,0.24073106281600598,-0.0017633250339603131,0.3,0.0,3
588,2.024271034431458,1.8946775218248368,0.24073106281600598,-0.0017633250339603131,2.0789356926441194,1.6460633528470994,0.015879414340855127,-0.2929909180884704,0.0,-0.3,1
589,2.0789356926441194,1.6460633528470994,0.015879414340855127,-0.2929909180884704,2.073339810037613,1.3516155567169192,0.0062715863824783875,-0.2858387459001246,0.0,-0.3,1
590,2.073339810037613,1.3516155567169192,0.0062715863824783875,-0.2858387459001246,2.065320624494553,1.5640994873523713,-0.006577359234346104,0.2898654028309759,0.0,0.3,5
591,2.065320624494553,1.5640994873523713,-0.006577359234346104,0.2898654028309759,2.0540830228328706,1.357354882049561,-0.0024033562101306288,-0.28555279709468034,0.0,-0.3,1
592,2.0540830228328706,1.357354882049561,-0.0024033562101306288,-0.28555279709468034,2.0588946058273314,1.0587076340675354,0.010338192937902436,-0.3021188651768901,0.0,-0.3,1
593,2.0588946058273314,1.0587076340675354,0.010338192937902436,-0.3021188651768901,1.7956946958065032,1.0268069131135942,-0.2681994105132096,-0.0018012012060058887,-0.3,0.0,7
594,1.7956946958065032,1.0268069131135942,-0.2681994105132096,-0.0018012012060058887,1.5261985992908478,1.1590302336454392,-0.2762258036145363,0.12890824867091866,-0.21213204,0.21213204,4
595,1.5261985992908478,1.1590302336454392,-0.2762258036145363,0.12890824867091866,1.7649500095129014,1.1840750812768936,0.2438231529321342,0.006172992153029809,0.3,0.0,3
596,1.7649500095129014,1.1840750812768936,0.2438231529321342,0.006172992153029809,1.5902624268054963,1.3099890705108643,-0.26512076697030584,0.14029415833573186,-0.21213204,0.21213204,4
597,1.5902624268054963,1.3099890705108643,-0.26512076697030584,0.14029415833573186,1.566202018928528,1.5822697389364244,0.003152682024163548,0.30283126007102457,0.0,0.3,5
598,1.566202018928528,1.5822697389364244,0.003152682024163548,0.30283126007102457,1.3323609023094178,1.76185946791172,-0.27122869053733845,0.14925690690350807,-0.21213204,0.21213204,4
599,1.3323609023094178,1.76185946791172,-0.27122869053733845,0.14925690690350807,1.5689376887559892,1.7861945567131041,0.2427507083286255,0.0023837408477749237,0.3,0.0,3
600,1.5689376887559892,1.7861945567131041,0.2427507083286255,0.0023837408477749237,1.84062582821846,1.6297334192276003,0.2883030944049416,-0.14562661331713256,0.21213204,-0.21213204,8
601,1.84062582821846,1.6297334192276003,0.2883030944049416,-0.14562661331713256,1.8805442160129546,1.614908702301979,-0.00011406649187456261,-0.00018051601956452896,0.0,0.0,0
602,1.8805442160129546,1.614908702301979,-0.00011406649187456261,-0.00018051601956452896,1.8846263380050658,1.3603650088071824,0.01676799022068486,-0.2698657967676007,0.0,-0.3,1
603,1.8846263380050658,1.3603650088071824,0.01676799022068486,-0.2698657967676007,1.6284579045534135,1.3308849467039108,-0.2597078430682302,0.0034508940631449735,-0.3,0.0,7
604,1.6284579045534135,1.3308849467039108,-0.2597078430682302,0.0034508940631449735,1.3586461633205413,1.4676310669660568,-0.27833305448655404,0.15162041271275725,-0.21213204,0.21213204,4
605,1.3586461633205413,1.4676310669660568,-0.27833305448655404,0.15162041271275725,1.5459354639053347,1.6286965109825133,0.29013704097134413,0.16325642456462142,0.21213204,0.21213204,6
606,1.5459354639053347,1.6286965109825133,0.29013704097134413,0.16325642456462142,1.80510406434536,1.4931725474834443,0.2561370473500766,-0.16465794812353937,0.21213204,-0.21213204,8
607,1.80510406434536,1.4931725474834443,0.2561370473500766,-0.16465794812353937,1.8407145597934722,1.478469251060486,0.0001400928495283194,-4.550982274159488e-05,0.0,0.0,0
608,1.8407145597934722,1.478469251060486,0.0001400928495283194,-4.550982274159488e-05,2.086982902956009,1.356440038228035,0.28391068117389456,-0.1392398974996462,0.21213204,-0.21213204,8
609,2.086982902956009,1.356440038228035,0.28391068117389456,-0.1392398974996462,2.1270230893611908,1.5901063591957094,0.0008018542023636171,0.29693343512143106,0.0,0.3,5
610,2.1270230893611908,1.5901063591957094,0.0008018542023636171,0.29693343512143106,2.1351271344661713,1.8948483501195907,0.015979075087417492,0.309560198301644,0.0,0.3,5
611,2.1351271344661713,1.8948483501195907,0.015979075087417492,0.309560198301644,2.1430972471237184,1.6916838280916215,0.008720803896329777,-0.28801464864440324,0.0,-0.3,1
612,2.1430972471237184,1.6916838280916215,0.008720803896329777,-0.28801464864440324,2.149641924619675,1.913288970041275,0.006112381269151024,0.3102314904768035,0.0,0.3,5
613,2.149641924619675,1.913288970041275,0.006112381269151024,0.3102314904768035,2.1495355048656464,1.94984736263752,-0.00015542248849267915,-0.0001543575405175721,0.0,0.0,0
614,2.1495355048656464,1.94984736263752,-0.00015542248849267915,-0.0001543575405175721,1.905129447817803,2.080883817625046,-0.26970663765823566,0.16351455590224867,-0.21213204,0.21213204,4
615,1.905129447817803,2.080883817625046,-0.26970663765823566,0.16351455590224867,2.10522523765564,1.9801793951034548,0.2835717349103816,-0.13644191744854878,0.21213204,-0.21213204,8
616,2.10522523765564,1.9801793951034548,0.2835717349103816,-0.13644191744854878,2.141493124628067,1.9672264153003693,0.0004067975993071231,0.00011766875778840247,0.0,0.0,0
617,2.141493124628067,1.9672264153003693,0.0004067975993071231,0.00011766875778840247,1.895796328496933,2.096902496528626,-0.27071645470854705,0.1506103685634626,-0.21213204,0.21213204,4
618,1.895796328496933,2.096902496528626,-0.27071645470854705,0.1506103685634626,1.6008574595928193,2.11061995048523,-0.297610441554936,-0.003473361033144711,-0.3,0.0,7
619,1.6008574595928193,2.11061995048523,-0.297610441554936,-0.003473361033144711,1.836019498705864,2.111846393823624,0.24980681602984725,0.00527314857734343,0.3,0.0,3
620,1.836019498705864,2.111846393823624,0.24980681602984725,0.00527314857734343,1.6058313500881196,2.1139578944206243,-0.24863891658029014,-0.0009285467914736031,-0.3,0.0,7
621,1.6058313500881196,2.1139578944206243,-0.24863891658029014,-0.0009285467914736031,1.7916819391012193,1.9876962244749072,0.2692265411793723,-0.15180970676801944,0.21213204,-0.21213204,8
622,1.7916819391012193,1.9876962244749072,0.2692265411793723,-0.15180970676801944,2.086992697620392,1.9794803074121479,0.30433568507087366,0.005687638856857328,0.3,0.0,3
623,2.086992697620392,1.9794803074121479,0.30433568507087366,0.005687638856857328,2.1283135370731356,1.979798315882683,0.00026070081029323084,-0.0011502226933910726,0.0,0.0,0
624,2.1283135370731356,1.979798315882683,0.00026070081029323084,-0.0011502226933910726,2.1282297588825227,1.979725195002556,-4.249142882590084e-06,8.82781821923414e-05,0.0,0.0,0
625,2.1282297588825227,1.979725195002556,-4.249142882590084e-06,8.82781821923414e-05,1.853021266078949,1.979823714733124,-0.2645636538145632,-0.00046286523491105135,-0.3,0.0,7
626,1.853021266078949,1.979823714733124,-0.2645636538145632,-0.00046286523491105135,1.5514441659927367,1.9765075451612475,-0.31589933801834225,-0.00045930414206579457,-0.3,0.0,7
627,1.5514441659927367,1.9765075451612475,-0.31589933801834225,-0.00045930414206579457,1.296601039004326,1.836201454138756,-0.2598206891471433,-0.13746708022276405,-0.21213204,-0.21213204,2
628,1.296601039004326,1.836201454138756,-0.2598206891471433,-0.13746708022276405,1.2704902298927307,1.587655877828598,-0.007683568203167172,-0.2668670314112812,0.0,-0.3,1
629,1.2704902298927307,1.587655877828598,-0.007683568203167172,-0.2668670314112812,1.2726627995967865,1.817425840497017,0.009603636830931753,0.31339724720709683,0.0,0.3,5
630,1.2726627995967865,1.817425840497017,0.009603636830931753,0.31339724720709683,1.0437240286827087,1.9996507227659226,-0.2709016152526894,0.14445529654762307,-0.21213204,0.21213204,4
631,1.0437240286827087,1.9996507227659226,-0.2709016152526894,0.14445529654762307,1.280438296866417,2.028843783760071,0.25414353567105463,0.002930918469682838,0.3,0.0,3
632,1.280438296866417,2.028843783760071,0.25414353567105463,0.002930918469682838,1.582613115167618,2.032042758321762,0.312911220098537,-0.006698493197457108,0.3,0.0,3
633,1.582613115167618,2.032042758321762,0.312911220098537,-0.006698493197457108,1.627367374300957,2.0321264142513273,-0.0004460337776484866,1.097888035566707e-05,0.0,0.0,0
634,1.627367374300957,2.0321264142513273,-0.0004460337776484866,1.097888035566707e-05,1.8707104392766951,1.8983055836915972,0.27888506106166633,-0.14981734245885786,0.21213204,-0.21213204,8
635,1.8707104392766951,1.8983055836915972,0.27888506106166633,-0.14981734245885786,1.639121794462204,1.870703258252144,-0.2478928875488572,-0.003309183774352874,-0.3,0.0,7
636,1.639121794462204,1.870703258252144,-0.2478928875488572,-0.003309183774352874,1.827740930390358,1.7357577332735064,0.28199032624107145,-0.1582358647630897,0.21213204,-0.21213204,8
637,1.827740930390358,1.7357577332735064,0.28199032624107145,-0.1582358647630897,1.632747668004036,1.8482818923950197,-0.2777607364488478,0.14572298231379438,-0.21213204,0.21213204,4
638,1.632747668004036,1.8482818923950197,-0.2777607364488478,0.14572298231379438,1.3380269151210786,1.8619273207187654,-0.29420335712195145,0.008160780620041979,-0.3,0.0,7
639,1.3380269151210786,1.8619273207187654,-0.29420335712195145,0.008160780620041979,1.0827063924312592,1.7245775880575183,-0.27385078330425927,-0.12616644506892696,-0.21213204,-0.21213204,2
640,1.0827063924312592,1.7245775880575183,-0.27385078330425927,-0.12616644506892696,0.8093187230825425,1.5948306124687197,-0.2690389659292147,-0.12937325811971637,-0.21213204,-0.21213204,2
641,0.8093187230825425,1.5948306124687197,-0.2690389659292147,-0.12937325811971637,0.5454429837822914,1.4456684007644653,-0.267349072318564,-0.12259294057081349,-0.21213204,-0.21213204,2
642,0.5454429837822914,1.4456684007644653,-0.267349072318564,-0.12259294057081349,0.5004397856712341,1.6878161172866823,0.012066001217878992,0.33126870966066624,0.0,0.3,5
643,0.5004397856712341,1.6878161172866823,0.012066001217878992,0.33126870966066624,0.2862726408243179,1.888422437310219,-0.26367801055979045,0.15278163507003262,-0.21213204,0.21213204,4
644,0.2862726408243179,1.888422437310219,-0.26367801055979045,0.15278163507003262,0.4920164640963077,1.785708484530449,0.29945093415611507,-0.13814698176813778,0.21213204,-0.21213204,8
645,0.4920164640963077,1.785708484530449,0.29945093415611507,-0.13814698176813778,0.2699513480961323,1.7649593023061751,-0.24488719990032679,0.004960622964073878,-0.3,0.0,7
646,0.2699513480961323,1.7649593023061751,-0.24488719990032679,0.004960622964073878,0.22379781552255154,1.7653873477458957,4.895561980017137e-05,0.00021270415402073768,0.0,0.0,0
647,0.22379781552255154,1.7653873477458957,4.895561980017137e-05,0.00021270415402073768,0.2238021035015583,1.765385679125786,7.563928657556787e-05,-0.00011303195538854414,0.0,0.0,0
648,0.2238021035015583,1.765385679125786,7.563928657556787e-05,-0.00011303195538854414,-0.014552214576862755,1.899960213375092,-0.26414940826674105,0.15075692499656537,-0.21213204,0.21213204,4
649,-0.014552214576862755,1.899960213375092,-0.26414940826674105,0.15075692499656537,-0.04321600928902626,2.170153793382645,-0.001467039837039834,0.28666963366496195,0.0,0.3,5
650,-0.04321600928902626,2.170153793382645,-0.001467039837039834,0.28666963366496195,0.22432860977053645,2.2070253430366513,0.2732542177792209,-0.00395757209441577,0.3,0.0,3
651,0.22432860977053645,2.2070253430366513,0.2732542177792209,-0.00395757209441577,0.2680484460055828,2.207318067550659,-0.00012419134972683512,1.007360451657678e-05,0.0,0.0,0
652,0.2680484460055828,2.207318067550659,-0.00012419134972683512,1.007360451657678e-05,-0.0027830653708428143,2.205297460126877,-0.2768778771637479,-0.0025168394409905643,-0.3,0.0,7
653,-0.0027830653708428143,2.205297460126877,-0.2768778771637479,-0.0025168394409905643,0.1817657556951046,2.0746297021865843,0.2845576510181138,-0.15098154518581516,0.21213204,-0.21213204,8
654,0.1817657556951046,2.0746297021865843,0.2845576510181138,-0.15098154518581516,0.2161152986466885,2.06111257185936,5.610057462398114e-05,0.00012240120896816136,0.0,0.0,0
655,0.2161152986466885,2.06111257185936,5.610057462398114e-05,0.00012240120896816136,0.4944025101661682,2.0653470563411713,0.27687369650293303,0.0032762601523311473,0.3,0.0,3
656,0.4944025101661682,2.0653470563411713,0.27687369650293303,0.0032762601523311473,0.802568462073803,2.0713141111850737,0.32187042717512,0.00717267498120165,0.3,0.0,3
657,0.802568462073803,2.0713141111850737,0.32187042717512,0.00717267498120165,1.0696455597877503,1.9354632740020754,0.29951447552976695,-0.13192882477806728,0.21213204,-0.21213204,8
658,1.0696455597877503,1.9354632740020754,0.29951447552976695,-0.13192882477806728,1.3710286506414415,1.9304530787467957,0.2941995508013169,0.00557750314696004,0.3,0.0,3
659,1.3710286506414415,1.9304530787467957,0.2941995508013169,0.00557750314696004,1.633953920340538,2.0838769371032715,0.27803642325442013,0.15467519420338285,0.21213204,0.21213204,6
660,1.633953920340538,2.0838769371032715,0.27803642325442013,0.15467519420338285,1.450840283179283,1.984134202647209,-0.26149378566149,-0.136487514360484,-0.21213204,-0.21213204,2
661,1.450840283179283,1.984134202647209,-0.26149378566149,-0.136487514360484,1.406053478550911,2.214401947879791,0.016108124971967643,0.29945724531318235,0.0,0.3,5
662,1.406053478550911,2.214401947879791,0.016108124971967643,0.29945724531318235,1.404005033683777,2.0047210968971254,0.014078381803253843,-0.2935645845011923,0.0,-0.3,1
663,1.404005033683777,2.0047210968971254,0.014078381803253843,-0.2935645845011923,1.6750437749385836,1.9724526015758514,0.2673170021899607,-0.0024193504257947122,0.3,0.0,3
664,1.6750437749385836,1.9724526015758514,0.2673170021899607,-0.0024193504257947122,1.7142120664834977,1.971622087740898,0.0009885215407228788,8.366686026614452e-05,0.0,0.0,0
665,1.7142120664834977,1.971622087740898,0.0009885215407228788,8.366686026614452e-05,1.470650868368149,1.8390630979776383,-0.272009947164641,-0.13920097821768274,-0.21213204,-0.21213204,2
666,1.470650868368149,1.8390630979776383,-0.272009947164641,-0.13920097821768274,1.4452858569145202,1.578083186006546,0.02762971775425669,-0.2804591207413393,0.0,-0.3,1
667,1.4452858569145202,1.578083186006546,0.02762971775425669,-0.2804591207413393,1.6989392545223239,1.4063571454286576,0.29212550221766814,-0.12094322649584494,0.21213204,-0.21213204,8
668,1.6989392545223239,1.4063571454286576,0.29212550221766814,-0.12094322649584494,1.5139078693866732,1.2663609086990357,-0.2741867461018306,-0.15441379140752265,-0.21213204,-0.21213204,2
669,1.5139078693866732,1.2663609086990357,-0.2741867461018306,-0.15441379140752265,1.2426891757965088,1.1055827130317688,-0.27043710771004864,-0.17040837089696192,-0.21213204,-0.21213204,2
670,1.2426891757965088,1.1055827130317688,-0.27043710771004864,-0.17040837089696192,1.208143571853638,1.0877092597246172,0.00035225186060129,0.00023326092072643672,0.0,0.0,0
671,1.208143571853638,1.0877092597246172,0.00035225186060129,0.00023326092072643672,1.2081707645654678,1.0876834195375444,0.0001329161854236662,-0.00016209732636621418,0.0,0.0,0
672,1.2081707645654678,1.0876834195375444,0.0001329161854236662,-0.00016209732636621418,0.9675104785203934,0.9449337040185928,-0.25407371795895095,-0.16012005730996648,-0.21213204,-0.21213204,2
673,0.9675104785203934,0.9449337040185928,-0.25407371795895095,-0.16012005730996648,1.157112231040001,1.0441727864742278,0.2751969406172549,0.1188852887176094,0.21213204,0.21213204,6
674,1.157112231040001,1.0441727864742278,0.2751969406172549,0.1188852887176094,1.2038547574996947,0.7997038379192353,-0.003467990089543528,-0.31428310703844736,0.0,-0.3,1
675,1.2038547574996947,0.7997038379192353,-0.003467990089543528,-0.31428310703844736,1.1932707141160965,0.9932216349959373,0.00014270865425553673,0.2565568308451898,0.0,0.3,5
676,1.1932707141160965,0.9932216349959373,0.00014270865425553673,0.2565568308451898,1.1895490334272383,1.253790675520897,-0.0015249858714890992,0.2754797595182006,0.0,0.3,5
677,1.1895490334272383,1.253790675520897,-0.0015249858714890992,0.2754797595182006,1.1895441429376603,1.2870732896089554,-0.0003441250479532924,-0.0006610599924114942,0.0,0.0,0
678,1.1895441429376603,1.2870732896089554,-0.0003441250479532924,-0.0006610599924114942,1.436045264840126,1.15233706073761,0.2991100792989683,-0.15683331897973557,0.21213204,-0.21213204,8
679,1.436045264840126,1.15233706073761,0.2991100792989683,-0.15683331897973557,1.246866748571396,0.9938341863512993,-0.2742519171066208,-0.16486339256957813,-0.21213204,-0.21213204,2
680,1.246866748571396,0.9938341863512993,-0.2742519171066208,-0.16486339256957813,0.981738940358162,1.1024651420116425,-0.2716421415935719,0.1148908372303076,-0.21213204,0.21213204,4
681,0.981738940358162,1.1024651420116425,-0.2716421415935719,0.1148908372303076,0.7261293695449829,0.9517578399300577,-0.28511752510649246,-0.16304409167457157,-0.21213204,-0.21213204,2
682,0.7261293695449829,0.9517578399300577,-0.28511752510649246,-0.16304409167457157,0.9172208456635476,1.0496591234445571,0.28526482709370277,0.1268681950726373,0.21213204,0.21213204,6
683,0.9172208456635476,1.0496591234445571,0.28526482709370277,0.1268681950726373,1.1866323388814928,1.1853253767967225,0.2713591805195006,0.1255705730254574,0.21213204,0.21213204,6
684,1.1866323388814928,1.1853253767967225,0.2713591805195006,0.1255705730254574,1.223946359562874,1.1978822525978088,-0.000272376529328598,3.816239707808988e-05,0.0,0.0,0
685,1.223946359562874,1.1978822525978088,-0.000272376529328598,3.816239707808988e-05,0.9756281811118126,1.3124509890079499,-0.2776791350134076,0.13049968548044774,-0.21213204,0.21213204,4
686,0.9756281811118126,1.3124509890079499,-0.2776791350134076,0.13049968548044774,0.92126464728117,1.0699026978492738,-0.006753272607901002,-0.31741793642134825,0.0,-0.3,1
687,0.92126464728117,1.0699026978492738,-0.006753272607901002,-0.31741793642134825,0.9189016857624055,1.0351131248712542,0.00029657666499405104,0.0008579241433539458,0.0,0.0,0
688,0.9189016857624055,1.0351131248712542,0.00029657666499405104,0.0008579241433539458,1.1634424329280855,0.8994171489477158,0.28867895206574773,-0.15314080788577558,0.21213204,-0.21213204,8
689,1.1634424329280855,0.8994171489477158,0.28867895206574773,-0.15314080788577558,0.9672637694597244,0.7448676913142205,-0.275900738087494,-0.15769893440014085,-0.21213204,-0.21213204,2
690,0.9672637694597244,0.7448676913142205,-0.275900738087494,-0.15769893440014085,0.689789414548874,0.5989593983650208,-0.2783468102971229,-0.15867301726111385,-0.21213204,-0.21213204,2
691,0.689789414548874,0.5989593983650208,-0.2783468102971229,-0.15867301726111385,0.9239999549150467,0.5785826737284661,0.25180904111980384,-0.0025857304891683903,0.3,0.0,3
692,0.9239999549150467,0.5785826737284661,0.25180904111980384,-0.0025857304891683903,1.1959281431674957,0.7237189534068107,0.26027164081508836,0.1432752051011445,0.21213204,0.21213204,6
693,1.1959281431674957,0.7237189534068107,0.26027164081508836,0.1432752051011445,0.9956454720020296,0.8631061982870103,-0.28577922783544496,0.13596813177830172,-0.21213204,0.21213204,4
694,0.9956454720020296,0.8631061982870103,-0.28577922783544496,0.13596813177830172,1.2002428988695146,0.7531299566268922,0.26346254039996886,-0.1331106396046626,0.21213204,-0.21213204,8
695,1.2002428988695146,0.7531299566268922,0.26346254039996886,-0.1331106396046626,0.9990198690772056,0.6105118008613587,-0.28879676818352573,-0.15237080788685464,-0.21213204,-0.21213204,2
696,0.9990198690772056,0.6105118008613587,-0.28879676818352573,-0.15237080788685464,1.1851539293289184,0.716925791656971,0.28026278664560483,0.1605698993120624,0.21213204,0.21213204,6
697,1.1851539293289184,0.716925791656971,0.28026278664560483,0.1605698993120624,1.2142811160087585,0.9694653412699701,-0.0022215154488227327,0.25488688678317356,0.0,0.3,5
698,1.2142811160087585,0.9694653412699701,-0.0022215154488227327,0.25488688678317356,1.4550923450946809,0.8677115933895112,0.2966080821934764,-0.16061536048464836,0.21213204,-0.21213204,8
699,1.4550923450946809,0.8677115933895112,0.2966080821934764,-0.16061536048464836,1.4994048049211504,1.088323309659958,0.011655510566191182,0.2772777983739478,0.0,0.3,5
700,1.4994048049211504,1.088323309659958,0.011655510566191182,0.2772777983739478,1.7757424280405045,1.1233771594762803,0.2880221885643149,0.005497496990112053,0.3,0.0,3
701,1.7757424280405045,1.1233771594762803,0.2880221885643149,0.005497496990112053,2.0518492054939275,1.2774990630149843,0.2695139026653934,0.15185564166808957,0.21213204,0.21213204,6
702,2.0518492054939275,1.2774990630149843,0.2695139026653934,0.15185564166808957,1.8179310118675232,1.300055558872223,-0.2661350266730777,-0.00015809907743438614,-0.3,0.0,7
703,1.8179310118675232,1.300055558872223,-0.2661350266730777,-0.00015809907743438614,2.0547062411785126,1.3049800265550613,0.23826413310043468,-0.0013858586958423013,0.3,0.0,3
704,2.0547062411785126,1.3049800265550613,0.23826413310043468,-0.0013858586958423013,1.8660793409109115,1.4323909333467484,-0.278160771719264,0.14705963198241986,-0.21213204,0.21213204,4
705,1.8660793409109115,1.4323909333467484,-0.278160771719264,0.14705963198241986,2.1074973456382753,1.4573181390523913,0.2705775585343343,0.0017756142513747095,0.3,0.0,3
706,2.1074973456382753,1.4573181390523913,0.2705775585343343,0.0017756142513747095,1.9195529000759128,1.3371457165002822,-0.27108142138615465,-0.14085670648654838,-0.21213204,-0.21213204,2
707,1.9195529000759128,1.3371457165002822,-0.27108142138615465,-0.14085670648654838,1.6587452753067018,1.4640065974950793,-0.2838741724821405,0.14391468838772165,-0.21213204,0.21213204,4
708,1.6587452753067018,1.4640065974950793,-0.2838741724821405,0.14391468838772165,1.3671831938982009,1.476424345779419,-0.2908377371984496,0.003249877973588901,-0.3,0.0,7
709,1.3671831938982009,1.476424345779419,-0.2908377371984496,0.003249877973588901,1.1002838945150375,1.3381938286066055,-0.28289784107869903,-0.1503906376473215,-0.21213204,-0.21213204,2
710,1.1002838945150375,1.3381938286066055,-0.28289784107869903,-0.1503906376473215,1.3393667437791823,1.314547237086296,0.2660614620803568,-0.0002941671656096249,0.3,0.0,3
711,1.3393667437791823,1.314547237086296,0.2660614620803568,-0.0002941671656096249,1.104876776456833,1.3103733127593995,-0.2582526071106746,-0.004795394258844892,-0.3,0.0,7
712,1.104876776456833,1.3103733127593995,-0.2582526071106746,-0.004795394258844892,1.3372452448606493,1.3101457267045975,0.25227690674216563,0.0007302835166913633,0.3,0.0,3
713,1.3372452448606493,1.3101457267045975,0.25227690674216563,0.0007302835166913633,1.146896065711975,1.179858307695389,-0.2822759168677597,-0.1641727074048809,-0.21213204,-0.21213204,2
714,1.146896065711975,1.179858307695389,-0.2822759168677597,-0.1641727074048809,1.1181541782855988,0.8874261647343638,-0.0005207453985829314,-0.3122926395691262,0.0,-0.3,1
715,1.1181541782855988,0.8874261647343638,-0.0005207453985829314,-0.3122926395691262,0.8539457715153695,0.849916081249714,-0.26355361253788967,-0.0114210576361185,-0.3,0.0,7
716,0.8539457715153695,0.849916081249714,-0.26355361253788967,-0.0114210576361185,0.5804768979430199,0.703482068669796,-0.2655154076465304,-0.1524657364063405,-0.21213204,-0.21213204,2
717,0.5804768979430199,0.703482068669796,-0.2655154076465304,-0.1524657364063405,0.5404865934610367,0.6880556742310525,-1.857879582341967e-05,-0.00023512108220957037,0.0,0.0,0
718,0.5404865934610367,0.6880556742310525,-1.857879582341967e-05,-0.00023512108220957037,0.5404755195736886,0.6880634188175201,2.2693908095796748e-05,0.000354910112326311,0.0,0.0,0
719,0.5404755195736886,0.6880634188175201,2.2693908095796748e-05,0.000354910112326311,0.8195662360906601,0.6903143695354461,0.29734098423541383,-0.005972105914379341,0.3,0.0,3
720,0.8195662360906601,0.6903143695354461,0.29734098423541383,-0.005972105914379341,0.6254231794238091,0.8034918145656585,-0.27836281763864984,0.1263728842627685,-0.21213204,0.21213204,4
721,0.6254231794238091,0.8034918145656585,-0.27836281763864984,0.1263728842627685,0.813217767548561,0.9405424109697342,0.29559473433410727,0.14056603067110468,0.21213204,0.21213204,6
722,0.813217767548561,0.9405424109697342,0.29559473433410727,0.14056603067110468,0.5746078940987587,0.9537800174951554,-0.27753549523077664,-0.0002524962831959999,-0.3,0.0,7
723,0.5746078940987587,0.9537800174951554,-0.27753549523077664,-0.0002524962831959999,0.5276532386660575,0.6960736218214035,0.009953043475171624,-0.3014736346529613,0.0,-0.3,1
724,0.5276532386660575,0.6960736218214035,0.009953043475171624,-0.3014736346529613,0.7514251277804376,0.7901895130157471,0.2823817970989939,0.1453099938327007,0.21213204,0.21213204,6
725,0.7514251277804376,0.7901895130157471,0.2823817970989939,0.1453099938327007,1.0506539205551146,0.8003317124843599,0.2943510242148084,-0.0011218101304824111,0.3,0.0,3
726,1.0506539205551146,0.8003317124843599,0.2943510242148084,-0.0011218101304824111,0.8126798278212547,0.7975887479543686,-0.27316841953137516,-0.0017626312973253063,-0.3,0.0,7
727,0.8126798278212547,0.7975887479543686,-0.27316841953137516,-0.0017626312973253063,0.7724264503002167,0.7960008435487748,0.00045645805567617263,0.001720739238868897,0.0,0.0,0
728,0.7724264503002167,0.7960008435487748,0.00045645805567617263,0.001720739238868897,0.7724047838330269,0.7958651893496513,-0.0008450514498448905,-0.005046574483605111,0.0,0.0,0
729,0.7724047838330269,0.7958651893496513,-0.0008450514498448905,-0.005046574483605111,1.0473861679315566,0.7924880381464958,0.30186373143418316,-0.010954613137987282,0.3,0.0,3
730,1.0473861679315566,0.7924880381464958,0.30186373143418316,-0.010954613137987282,1.3184252313375475,0.9279975617527961,0.27516295461371576,0.13028757617159806,0.21213204,0.21213204,6
731,1.3184252313375475,0.9279975617527961,0.27516295461371576,0.13028757617159806,1.0825609903812408,0.9434040731191636,-0.2690246380190034,-0.009006162957277315,-0.3,0.0,7
732,1.0825609903812408,0.9434040731191636,-0.2690246380190034,-0.009006162957277315,1.0368774921655655,1.1632753781080247,0.0014113612575564608,0.2683448374589253,0.0,0.3,5
733,1.0368774921655655,1.1632753781080247,0.0014113612575564608,0.2683448374589253,1.038988472223282,0.9217673478841782,-0.0023995880754973543,-0.31451949929541795,0.0,-0.3,1
734,1.038988472223282,0.9217673478841782,-0.0023995880754973543,-0.31451949929541795,1.0339723140716552,1.1098648925781252,0.00011448105653828864,0.2580628086915122,0.0,0.3,5
735,1.0339723140716552,1.1098648925781252,0.00011448105653828864,0.2580628086915122,0.7688110295772553,1.130867014336586,-0.27795948573243867,-0.001705200928457273,-0.3,0.0,7
736,0.7688110295772553,1.130867014336586,-0.27795948573243867,-0.001705200928457273,0.47648339857459077,1.2749944487333298,-0.2984765099515069,0.14715419622337989,-0.21213204,0.21213204,4
737,0.47648339857459077,1.2749944487333298,-0.2984765099515069,0.14715419622337989,0.17260761045515538,1.2866504546880724,-0.30534774315930796,-0.0010783041817763665,-0.3,0.0,7
738,0.17260761045515538,1.2866504546880724,-0.30534774315930796,-0.0010783041817763665,0.13892809234857562,1.2863234351396562,-0.0008333244461866418,0.0006597802498359513,0.0,0.0,0
739,0.13892809234857562,1.2863234351396562,-0.0008333244461866418,0.0006597802498359513,-0.11246838299185039,1.4050074287176133,-0.2847212814393667,0.12403110063509906,-0.21213204,0.21213204,4
740,-0.11246838299185039,1.4050074287176133,-0.2847212814393667,0.12403110063509906,-0.4048024453699589,1.415392336535454,-0.31201380051770883,-0.005113723563441842,-0.3,0.0,7
741,-0.4048024453699589,1.415392336535454,-0.31201380051770883,-0.005113723563441842,-0.4328768257200718,1.1743863819122315,0.014036551290557258,-0.2805181821797325,0.0,-0.3,1
742,-0.4328768257200718,1.1743863819122315,0.014036551290557258,-0.2805181821797325,-0.6536054862141608,1.0000795203208923,-0.2778379155962052,-0.15792149180729728,-0.21213204,-0.21213204,2
743,-0.6536054862141608,1.0000795203208923,-0.2778379155962052,-0.15792149180729728,-0.6912595004081726,0.7206626260995866,-0.022192698024003886,-0.29852905171304017,0.0,-0.3,1
744,-0.6912595004081726,0.7206626260995866,-0.022192698024003886,-0.29852905171304017,-0.4299414216041565,0.6822513859987259,0.26589101346223126,0.0014260853951144712,0.3,0.0,3
745,-0.4299414216041565,0.6822513859987259,0.26589101346223126,0.0014260853951144712,-0.3800264085412026,0.4287313573241234,0.01393521543315683,-0.3036294672023587,0.0,-0.3,1
746,-0.3800264085412026,0.4287313573241234,0.01393521543315683,-0.3036294672023587,-0.11560421367436648,0.39570417455434803,0.27561207953834027,0.0028160407945345437,0.3,0.0,3
747,-0.11560421367436648,0.39570417455434803,0.27561207953834027,0.0028160407945345437,-0.30884393932223325,0.5208391386747361,-0.26868107864815577,0.1433055976693072,-0.21213204,0.21213204,4
748,-0.30884393932223325,0.5208391386747361,-0.26868107864815577,0.1433055976693072,-0.5711312320351601,0.3893636705756187,-0.25599675483392365,-0.13488499357835707,-0.21213204,-0.21213204,2
749,-0.5711312320351601,0.3893636705756187,-0.25599675483392365,-0.13488499357835707,-0.8650480752348901,0.3793274125635624,-0.30931194734621964,0.005948767700685248,-0.3,0.0,7
750,-0.8650480752348901,0.3793274125635624,-0.30931194734621964,0.005948767700685248,-1.1355511371850968,0.5265024699091911,-0.262476786030977,0.13627122354113758,-0.21213204,0.21213204,4
751,-1.1355511371850968,0.5265024699091911,-0.262476786030977,0.13627122354113758,-0.89394309374094,0.5477764435648919,0.2485171911040054,0.00022105620014459935,0.3,0.0,3
752,-0.89394309374094,0.5477764435648919,0.2485171911040054,0.00022105620014459935,-1.1252726764678955,0.5496580042719841,-0.2713444194945901,-0.00020949395040268542,-0.3,0.0,7
753,-1.1252726764678955,0.5496580042719841,-0.2713444194945901,-0.00020949395040268542,-0.8899018049955368,0.5520505585670471,0.26175782577943085,0.002119036451322904,0.3,0.0,3
754,-0.8899018049955368,0.5520505585670471,0.26175782577943085,0.002119036451322904,-1.0824823765277862,0.6791736468195915,-0.284335222903671,0.1458298064945848,-0.21213204,0.21213204,4
755,-1.0824823765277862,0.6791736468195915,-0.284335222903671,0.1458298064945848,-1.1145116518735887,0.4553781654596329,0.013703801127835704,-0.29487361233336357,0.0,-0.3,1
756,-1.1145116518735887,0.4553781654596329,0.013703801127835704,-0.29487361233336357,-0.8824971822857858,0.5568374065876007,0.2711402341008277,0.15477534591660216,0.21213204,0.21213204,6
757,-0.8824971822857858,0.5568374065876007,0.2711402341008277,0.15477534591660216,-0.8357302932500841,0.33031462057828903,0.005003950583847517,-0.2876350894486366,0.0,-0.3,1
758,-0.8357302932500841,0.33031462057828903,0.005003950583847517,-0.2876350894486366,-0.8365060733914376,0.5590487258076667,0.0006499012848605869,0.2965182015385301,0.0,0.3,5
759,-0.8365060733914376,0.5590487258076667,0.0006499012848605869,0.2965182015385301,-0.8382117642760277,0.5909642726898194,0.00024769092987013565,0.0001275145410988824,0.0,0.0,0
760,-0.8382117642760277,0.5909642726898194,0.00024769092987013565,0.0001275145410988824,-0.8372196201562881,0.34104531608223915,0.012196295693210636,-0.27848271408790204,0.0,-0.3,1
761,-0.8372196201562881,0.34104531608223915,0.012196295693210636,-0.27848271408790204,-1.0601690011024476,0.45187233678698546,-0.2742918916267429,0.16021435785215554,-0.21213204,0.21213204,4
762,-1.0601690011024476,0.45187233678698546,-0.2742918916267429,0.16021435785215554,-1.3371966764926912,0.6008780349612237,-0.27534954354192376,0.14600393886360993,-0.21213204,0.21213204,4
763,-1.3371966764926912,0.6008780349612237,-0.27534954354192376,0.14600393886360993,-1.3693764691114425,0.3760099025845528,0.007294555605530268,-0.3019259372489371,0.0,-0.3,1
764,-1.3693764691114425,0.3760099025845528,0.007294555605530268,-0.3019259372489371,-1.3655461010217669,0.06845619966089726,0.008654764234534231,-0.31508289044435195,0.0,-0.3,1
765,-1.3655461010217669,0.06845619966089726,0.008654764234534231,-0.31508289044435195,-1.5879337086200715,0.1618337688267231,-0.25013694309277307,0.1340405586627721,-0.21213204,0.21213204,4
766,-1.5879337086200715,0.1618337688267231,-0.25013694309277307,0.1340405586627721,-1.618403131937981,0.42559562017321595,0.006797985269906317,0.2782395639457991,0.0,0.3,5
767,-1.618403131937981,0.42559562017321595,0.006797985269906317,0.2782395639457991,-1.6036126186609267,0.18947612591981888,0.025249523650099352,-0.29865330453921785,0.0,-0.3,1
768,-1.6036126186609267,0.18947612591981888,0.025249523650099352,-0.29865330453921785,-1.353188317370415,0.005073108449485154,0.29496523910319095,-0.16347525491458353,0.21213204,-0.21213204,8
769,-1.353188317370415,0.005073108449485154,0.29496523910319095,-0.16347525491458353,-1.059256381249428,-0.014218975266069175,0.29872444629073225,-0.01181061313141719,0.3,0.0,3
770,-1.059256381249428,-0.014218975266069175,0.29872444629073225,-0.01181061313141719,-0.7652595492839813,-0.013890918392874301,0.30653777896959583,0.000971062701246098,0.3,0.0,3
771,-0.7652595492839813,-0.013890918392874301,0.30653777896959583,0.000971062701246098,-0.7193691089391708,0.26064342895746234,0.006311684942209398,0.3202858391406409,0.0,0.3,5
772,-0.7193691089391708,0.26064342895746234,0.006311684942209398,0.3202858391406409,-0.44825321030020715,0.29431611186861995,0.31061143967592175,0.009357097816837447,0.3,0.0,3
773,-0.44825321030020715,0.29431611186861995,0.31061143967592175,0.009357097816837447,-0.39063718919157986,0.04700440030843019,0.019697122575598264,-0.2918318636847552,0.0,-0.3,1
774,-0.39063718919157986,0.04700440030843019,0.019697122575598264,-0.2918318636847552,-0.6558334634184837,0.018178036962077024,-0.28190044156630684,-0.0013636229440932008,-0.3,0.0,7
775,-0.6558334634184837,0.018178036962077024,-0.28190044156630684,-0.0013636229440932008,-0.6926371496796608,0.01842636552713811,0.00019620446144220555,-5.395783215193517e-05,0.0,0.0,0
776,-0.6926371496796608,0.01842636552713811,0.00019620446144220555,-5.395783215193517e-05,-0.9707194708943367,0.01836560568101704,-0.28663585191997576,-0.0029448780340811417,-0.3,0.0,7
777,-0.9707194708943367,0.01836560568101704,-0.28663585191997576,-0.0029448780340811417,-1.2521961554288863,-0.13418933640122413,-0.2808826378936974,-0.1630858193020153,-0.21213204,-0.21213204,2
778,-1.2521961554288863,-0.13418933640122413,-0.2808826378936974,-0.1630858193020153,-1.5440576227903369,-0.1452035618185997,-0.2910065313906427,-0.01700419084991255,-0.3,0.0,7
779,-1.5440576227903369,-0.1452035618185997,-0.2910065313906427,-0.01700419084991255,-1.5814967033863068,-0.14453873332738876,0.0010336595430101608,0.0004328126406236457,0.0,0.0,0
780,-1.5814967033863068,-0.14453873332738876,0.0010336595430101608,0.0004328126406236457,-1.304630080509186,-0.14325700960755347,0.2976106131830733,0.00692380742988696,0.3,0.0,3
781,-1.304630080509186,-0.14325700960755347,0.2976106131830733,0.00692380742988696,-1.5308482695817949,-0.14358928605020047,-0.2724104059187698,0.018153504157003314,-0.3,0.0,7
782,-1.5308482695817949,-0.14358928605020047,-0.2724104059187698,0.018153504157003314,-1.8214156888484956,-0.14615234599113466,-0.34430258875788694,-0.00950648186229599,-0.3,0.0,7
783,-1.8214156888484956,-0.14615234599113466,-0.34430258875788694,-0.00950648186229599,-1.8628194726228713,-0.1476701898008585,-0.000438184013358261,0.000708006649321458,0.0,0.0,0
784,-1.8628194726228713,-0.1476701898008585,-0.000438184013358261,0.000708006649321458,-1.6049315498828889,-0.2779781326770782,0.27260507176972004,-0.146387283600868,0.21213204,-0.21213204,8
785,-1.6049315498828889,-0.2779781326770782,0.27260507176972004,-0.146387283600868,-1.3085909521579744,-0.2851670417606831,0.2929920433675719,0.0001136037336204955,0.3,0.0,3
786,-1.3085909521579744,-0.2851670417606831,0.2929920433675719,0.0001136037336204955,-1.4977092793703077,-0.4011322028398514,-0.2769825493580505,-0.1603170560943963,-0.21213204,-0.21213204,2
787,-1.4977092793703077,-0.4011322028398514,-0.2769825493580505,-0.1603170560943963,-1.7543409762620927,-0.2707916421890259,-0.25085095400300195,0.1283788975018668,-0.21213204,0.21213204,4
788,-1.7543409762620927,-0.2707916421890259,-0.25085095400300195,0.1283788975018668,-1.8025686751127243,-0.5111864609479904,0.000341546733152047,-0.3099693486392838,0.0,-0.3,1
789,-1.8025686751127243,-0.5111864609479904,0.000341546733152047,-0.3099693486392838,-1.5719102607965472,-0.6991206049323082,0.27812820472442484,-0.15503313396105314,0.21213204,-0.21213204,8
790,-1.5719102607965472,-0.6991206049323082,0.27812820472442484,-0.15503313396105314,-1.7648325820207598,-0.5900955719590187,-0.2783190006561835,0.14670892728649798,-0.21213204,0.21213204,4
791,-1.7648325820207598,-0.5900955719590187,-0.2783190006561835,0.14670892728649798,-2.0323136987686157,-0.7320691394805909,-0.2548399897000002,-0.15758623860977147,-0.21213204,-0.21213204,2
792,-2.0323136987686157,-0.7320691394805909,-0.2548399897000002,-0.15758623860977147,-1.8550456846475605,-0.6231687972545624,0.2864179876409279,0.13652088797424322,0.21213204,0.21213204,6
793,-1.8550456846475605,-0.6231687972545624,0.2864179876409279,0.13652088797424322,-1.5609715805053712,-0.6127555509924889,0.31694212954189777,-0.0051491313880926235,0.3,0.0,3
794,-1.5609715805053712,-0.6127555509924889,0.31694212954189777,-0.0051491313880926235,-1.520454466176033,-0.3575293699264527,0.007528490965264657,0.3020964508387475,0.0,0.3,5
795,-1.520454466176033,-0.3575293699264527,0.007528490965264657,0.3020964508387475,-1.778353889679909,-0.32481775050759315,-0.22488419919742458,0.028776373955046224,-0.3,0.0,7
796,-1.778353889679909,-0.32481775050759315,-0.22488419919742458,0.028776373955046224,-1.8144097034454347,-0.3252894441783428,0.07065866002543118,0.011820388395318878,0.0,0.0,0
797,-1.8144097034454347,-0.3252894441783428,0.07065866002543118,0.011820388395318878,-1.8215129179477694,-0.6025846222519875,-0.011646152048033735,-0.3494940856139023,0.0,-0.3,1
798,-1.8215129179477694,-0.6025846222519875,-0.011646152048033735,-0.3494940856139023,-1.5619236165523531,-0.6421625181436539,0.30555426982580414,-0.007678093840292361,0.3,0.0,3
799,-1.5619236165523531,-0.6421625181436539,0.30555426982580414,-0.007678093840292361,-1.5227720108270646,-0.6412668500185014,0.0021233127475306863,-0.0038849079271037375,0.0,0.0,0
800,-1.5227720108270646,-0.6412668500185014,0.0021233127475306863,-0.0038849079271037375,-1.2527008751392366,-0.6313062963962555,0.2885909813034847,0.009011656157506504,0.3,0.0,3
801,-1.2527008751392366,-0.6313062963962555,0.2885909813034847,0.009011656157506504,-0.9770535463929176,-0.7604779256939889,0.3055024231247962,-0.1470319989041421,0.21213204,-0.21213204,8
802,-0.9770535463929176,-0.7604779256939889,0.3055024231247962,-0.1470319989041421,-0.9381858314871789,-1.0277564314365388,0.01356834557464332,-0.29579471424825293,0.0,-0.3,1
803,-0.9381858314871789,-1.0277564314365388,0.01356834557464332,-0.29579471424825293,-0.6888071037650109,-1.1974388530731201,0.2964149156735585,-0.13697874970775187,0.21213204,-0.21213204,8
804,-0.6888071037650109,-1.1974388530731201,0.2964149156735585,-0.13697874970775187,-0.4224230708360672,-1.0740780923843385,0.2803015198901599,0.14422689028646035,0.21213204,0.21213204,6
805,-0.4224230708360672,-1.0740780923843385,0.2803015198901599,0.14422689028646035,-0.607686244571209,-0.9351594743013382,-0.27982901301214,0.13605511639400825,-0.21213204,0.21213204,4
806,-0.607686244571209,-0.9351594743013382,-0.27982901301214,0.13605511639400825,-0.6461627104997635,-0.920686460196972,-0.0013762259174039662,0.0029102719414480288,0.0,0.0,0
807,-0.6461627104997635,-0.920686460196972,-0.0013762259174039662,0.0029102719414480288,-0.8794003944516182,-1.0507740336179734,-0.2769836392200125,-0.13991014275860367,-0.21213204,-0.21213204,2
808,-0.8794003944516182,-1.0507740336179734,-0.2769836392200125,-0.13991014275860367,-0.8985398516178131,-1.3111224617958068,0.021475269974689015,-0.2911021158668143,0.0,-0.3,1
809,-0.8985398516178131,-1.3111224617958068,0.021475269974689015,-0.2911021158668143,-0.6523552993297577,-1.485113492536545,0.2924377801390832,-0.1449577891727689,0.21213204,-0.21213204,8
810,-0.6523552993297577,-1.485113492536545,0.2924377801390832,-0.1449577891727689,-0.3499309139728547,-1.50018789935112,0.31071722878978264,0.0040452371468177985,0.3,0.0,3
811,-0.3499309139728547,-1.50018789935112,0.31071722878978264,0.0040452371468177985,-0.5440592450737953,-1.6221866017818451,-0.265321837937791,-0.17282632248312782,-0.21213204,-0.21213204,2
812,-0.5440592450737953,-1.6221866017818451,-0.265321837937791,-0.17282632248312782,-0.8192291902184488,-1.7831674803018571,-0.2748130290265918,-0.14817433391225457,-0.21213204,-0.21213204,2
813,-0.8192291902184488,-1.7831674803018571,-0.2748130290265918,-0.14817433391225457,-0.8440464500188828,-2.046477162885666,0.018731628816270243,-0.2775172548294177,0.0,-0.3,1
814,-0.8440464500188828,-2.046477162885666,0.018731628816270243,-0.2775172548294177,-0.8383194115042687,-1.8402975318670274,0.006346121397291121,0.27001102041299274,0.0,0.3,5
815,-0.8383194115042687,-1.8402975318670274,0.006346121397291121,0.27001102041299274,-0.5739174574732782,-1.810556281042099,0.29169991595963024,0.00314429623035823,0.3,0.0,3
816,-0.5739174574732782,-1.810556281042099,0.29169991595963024,0.00314429623035823,-0.5116749815344811,-2.0651670790195467,0.016249578971975712,-0.30986423395504936,0.0,-0.3,1
817,-0.5116749815344811,-2.0651670790195467,0.016249578971975712,-0.30986423395504936,-0.5137179792523385,-1.8664386240243913,0.007326526625189985,0.2947882612999362,0.0,0.3,5
818,-0.5137179792523385,-1.8664386240243913,0.007326526625189985,0.2947882612999362,-0.5115735562443734,-1.5738532581329348,-0.007764107723320738,0.29194536541929383,0.0,0.3,5
819,-0.5115735562443734,-1.5738532581329348,-0.007764107723320738,0.29194536541929383,-0.513835698735714,-1.5384995031118394,0.0013499909972820225,-0.0025787989460174907,0.0,0.0,0
820,-0.513835698735714,-1.5384995031118394,0.0013499909972820225,-0.0025787989460174907,-0.2712395501792431,-1.4107596188783647,0.2863533565617441,0.1432908627339772,0.21213204,0.21213204,6
821,-0.2712395501792431,-1.4107596188783647,0.2863533565617441,0.1432908627339772,-0.21955833500325683,-1.6276305887222293,0.004387019464771895,-0.28414420057855355,0.0,-0.3,1
822,-0.21955833500325683,-1.6276305887222293,0.004387019464771895,-0.28414420057855355,-0.22611616885364058,-1.9035539278268816,-0.011345167174724809,-0.278535921690516,0.0,-0.3,1
823,-0.22611616885364058,-1.9035539278268816,-0.011345167174724809,-0.278535921690516,-0.4944529162108898,-1.9309710223674776,-0.27110884181127626,-0.010227919680450896,-0.3,0.0,7
824,-0.4944529162108898,-1.9309710223674776,-0.27110884181127626,-0.010227919680450896,-0.2610825482428074,-1.931934652209282,0.2599948535450179,0.0023862408187896493,0.3,0.0,3
825,-0.2610825482428074,-1.931934652209282,0.2599948535450179,0.0023862408187896493,-0.4911561023831368,-1.9298856786251068,-0.23622107573132214,0.0001515901754693861,-0.3,0.0,7
826,-0.4911561023831368,-1.9298856786251068,-0.23622107573132214,0.0001515901754693861,-0.7886237545609475,-1.935719713020325,-0.3172322000321833,-0.0166574872590023,-0.3,0.0,7
827,-0.7886237545609475,-1.935719713020325,-0.3172322000321833,-0.0166574872590023,-0.8197919175744057,-2.1721609706401823,0.02820611667134994,-0.2987613019285643,0.0,-0.3,1
828,-0.8197919175744057,-2.1721609706401823,0.02820611667134994,-0.2987613019285643,-1.0819424778699875,-2.215153056526184,-0.27378624398997875,-0.0024079170346234234,-0.3,0.0,7
829,-1.0819424778699875,-2.215153056526184,-0.27378624398997875,-0.0024079170346234234,-1.1262827600955965,-2.2166839896678923,0.00034179944359146326,-0.0003149602534345886,0.0,0.0,0
830,-1.1262827600955965,-2.2166839896678923,0.00034179944359146326,-0.0003149602534345886,-1.3728458015203477,-2.1038108393192294,-0.2687127743924743,0.13598663236160968,-0.21213204,0.21213204,4
831,-1.3728458015203477,-2.1038108393192294,-0.2687127743924743,0.13598663236160968,-1.6578144698381425,-1.9765053878068923,-0.2791724757987756,0.13562669257372095,-0.21213204,0.21213204,4
832,-1.6578144698381425,-1.9765053878068923,-0.2791724757987756,0.13562669257372095,-1.9407476250171665,-1.8349685394525528,-0.3028638368476063,0.13407756135245183,-0.21213204,0.21213204,4
833,-1.9407476250171665,-1.8349685394525528,-0.3028638368476063,0.13407756135245183,-1.7098218542099,-1.8230955962419513,0.22601501078501293,0.004359333645812297,0.3,0.0,3
834,-1.7098218542099,-1.8230955962419513,0.22601501078501293,0.004359333645812297,-1.4394979206085206,-1.978582052707672,0.2845777258751513,-0.14991925681672919,0.21213204,-0.21213204,8
835,-1.4394979206085206,-1.978582052707672,0.2845777258751513,-0.14991925681672919,-1.1655208565950395,-1.8465372285842898,0.2916693637367794,0.16797614419326265,0.21213204,0.21213204,6
836,-1.1655208565950395,-1.8465372285842898,0.2916693637367794,0.16797614419326265,-1.344274647140503,-1.7070751457214355,-0.2718419592632935,0.13419127466065114,-0.21213204,0.21213204,4
837,-1.344274647140503,-1.7070751457214355,-0.2718419592632935,0.13419127466065114,-1.141791557574272,-1.5492241582632065,0.28175739648206133,0.15950385700569705,0.21213204,0.21213204,6
838,-1.141791557574272,-1.5492241582632065,0.28175739648206133,0.15950385700569705,-0.843621977543831,-1.5364915007591247,0.2975782146915168,0.007088166080794309,0.3,0.0,3
839,-0.843621977543831,-1.5364915007591247,0.2975782146915168,0.007088166080794309,-1.0677014262199402,-1.538715674710274,-0.24249686002991355,0.0050845283073251025,-0.3,0.0,7
840,-1.0677014262199402,-1.538715674710274,-0.24249686002991355,0.0050845283073251025,-0.8383863334178925,-1.537449422335625,0.23599642844342056,0.003991446907867271,0.3,0.0,3
841,-0.8383863334178925,-1.537449422335625,0.23599642844342056,0.003991446907867271,-0.7922995794653893,-1.797906932926178,-0.00811095729247754,-0.3079160598950321,0.0,-0.3,1
842,-0.7922995794653893,-1.797906932926178,-0.00811095729247754,-0.3079160598950321,-0.5892193714976312,-1.7072056275367737,0.27407209219161016,0.15723502161375374,0.21213204,0.21213204,6
843,-0.5892193714976312,-1.7072056275367737,0.27407209219161016,0.15723502161375374,-0.5365926553487778,-1.9561593422651293,0.004508826633083283,-0.31537035924231266,0.0,-0.3,1
844,-0.5365926553487778,-1.9561593422651293,0.004508826633083283,-0.31537035924231266,-0.31438809964656833,-2.148562604236603,0.2463313133940584,-0.16623048721520772,0.21213204,-0.21213204,8
845,-0.31438809964656833,-2.148562604236603,0.2463313133940584,-0.16623048721520772,-0.26818531445860866,-1.918496603059769,0.008364548859268071,0.2920285272370165,0.0,0.3,5
846,-0.26818531445860866,-1.918496603059769,0.008364548859268071,0.2920285272370165,-0.49687991372346885,-1.7357088993787766,-0.28489541044794686,0.14884992333978053,-0.21213204,0.21213204,4
847,-0.49687991372346885,-1.7357088993787766,-0.28489541044794686,0.14884992333978053,-0.2704617800116539,-1.709277132034302,0.24575274850531523,0.009843426865853041,0.3,0.0,3
848,-0.2704617800116539,-1.709277132034302,0.24575274850531523,0.009843426865853041,-0.49672346276044854,-1.710096191906929,-0.22879547801770514,-0.003547285613057395,-0.3,0.0,7
849,-0.49672346276044854,-1.710096191906929,-0.22879547801770514,-0.003547285613057395,-0.766269413280487,-1.5660113488912584,-0.27783834254989037,0.1272331608847902,-0.21213204,0.21213204,4
850,-0.766269413280487,-1.5660113488912584,-0.27783834254989037,0.1272331608847902,-0.5846633703470231,-1.4187376262664795,0.2915941784337853,0.13548279374446845,0.21213204,0.21213204,6
851,-0.5846633703470231,-1.4187376262664795,0.2915941784337853,0.13548279374446845,-0.7665096151590347,-1.2833142906188966,-0.2764699788513704,0.13338181243994085,-0.21213204,0.21213204,4
852,-0.7665096151590347,-1.2833142906188966,-0.2764699788513704,0.13338181243994085,-1.0195697085857391,-1.4069929205179215,-0.27266418312426444,-0.1446276251734021,-0.21213204,-0.21213204,2
853,-1.0195697085857391,-1.4069929205179215,-0.27266418312426444,-0.1446276251734021,-1.3130295737981799,-1.422944687652588,-0.29722715810081857,0.0007649458113765635,-0.3,0.0,7
854,-1.3130295737981799,-1.422944687652588,-0.29722715810081857,0.0007649458113765635,-1.3450426579236985,-1.6674300247430802,0.02183496552681416,-0.28612264544264576,0.0,-0.3,1
855,-1.3450426579236985,-1.6674300247430802,0.02183496552681416,-0.28612264544264576,-1.3344761161088945,-1.4562566710472107,-0.003768864012614906,0.29089983371833467,0.0,0.3,5
856,-1.3344761161088945,-1.4562566710472107,-0.003768864012614906,0.29089983371833467,-1.3335175898551943,-1.4224784671783448,-0.0045115824063568346,0.0059711394745170345,0.0,0.0,0
857,-1.3335175898551943,-1.4224784671783448,-0.0045115824063568346,0.0059711394745170345,-1.083909141278267,-1.5531385887145996,0.29723804419078137,-0.13436900637862909,0.21213204,-0.21213204,8
858,-1.083909141278267,-1.5531385887145996,0.29723804419078137,-0.13436900637862909,-1.0457289424896241,-1.5662675927639007,0.0014039577952033734,-0.003774522846060499,0.0,0.0,0
859,-1.0457289424896241,-1.5662675927639007,0.0014039577952033734,-0.003774522846060499,-1.2811567089080809,-1.6957031279802324,-0.2542194016991167,-0.15942254294198877,-0.21213204,-0.21213204,2
860,-1.2811567089080809,-1.6957031279802324,-0.2542194016991167,-0.15942254294198877,-1.3128865143060684,-1.4667948500394823,-0.004886751773512732,0.2945657036039935,0.0,0.3,5
861,-1.3128865143060684,-1.4667948500394823,-0.004886751773512732,0.2945657036039935,-1.080162969470024,-1.5583354569911958,0.29063607737169583,-0.13903671693327066,0.21213204,-0.21213204,8
862,-1.080162969470024,-1.5583354569911958,0.29063607737169583,-0.13903671693327066,-1.027183751130104,-1.8308771965503694,0.028348437439820427,-0.2885160584168492,0.0,-0.3,1
863,-1.027183751130104,-1.8308771965503694,0.028348437439820427,-0.2885160584168492,-1.0221115672111512,-1.8671434620380403,0.0003669184298038501,-0.00014359270888503631,0.0,0.0,0
864,-1.0221115672111512,-1.8671434620380403,0.0003669184298038501,-0.00014359270888503631,-1.2554256969451902,-1.997906352210045,-0.26332195736545977,-0.16822936308501923,-0.21213204,-0.21213204,2
865,-1.2554256969451902,-1.997906352210045,-0.26332195736545977,-0.16822936308501923,-1.5493595455884934,-2.017321584939957,-0.2985706568810399,-0.005880912825125205,-0.3,0.0,7
866,-1.5493595455884934,-2.017321584939957,-0.2985706568810399,-0.005880912825125205,-1.8400647811412814,-2.0250526948928833,-0.30180226987410164,0.01475205267751355,-0.3,0.0,7
867,-1.8400647811412814,-2.0250526948928833,-0.30180226987410164,0.01475205267751355,-1.8878912070512774,-1.7877677439689639,-0.01731592974712516,0.28856268880809666,0.0,0.3,5
868,-1.8878912070512774,-1.7877677439689639,-0.01731592974712516,0.28856268880809666,-2.1176104570388796,-1.6136074037313461,-0.2570287188117987,0.14253719880121213,-0.21213204,0.21213204,4
869,-2.1176104570388796,-1.6136074037313461,-0.2570287188117987,0.14253719880121213,-2.157035464286804,-1.6000590505361556,-0.0002900141903684848,-0.001724262370573902,0.0,0.0,0
870,-2.157035464286804,-1.6000590505361556,-0.0002900141903684848,-0.001724262370573902,-2.157677759838104,-1.360096625709534,-0.002114055068664792,0.2689637323034667,0.0,0.3,5
871,-2.157677759838104,-1.360096625709534,-0.002114055068664792,0.2689637323034667,-1.9290268809556963,-1.4587811879873276,0.2704567658071752,-0.1126403138441205,0.21213204,-0.21213204,8
872,-1.9290268809556963,-1.4587811879873276,0.2704567658071752,-0.1126403138441205,-1.880962035083771,-1.2398837973356247,0.005891841360727049,0.2764993297466607,0.0,0.3,5
873,-1.880962035083771,-1.2398837973356247,0.005891841360727049,0.2764993297466607,-1.6447296719789504,-1.3285466407299042,0.30423942534027615,-0.14839107555557499,0.21213204,-0.21213204,8
874,-1.6447296719789504,-1.3285466407299042,0.30423942534027615,-0.14839107555557499,-1.3647508302211762,-1.4702880178689959,0.2819611430017784,-0.1530505214123071,0.21213204,-0.21213204,8
875,-1.3647508302211762,-1.4702880178689959,0.2819611430017784,-0.1530505214123071,-1.3252320148944854,-1.4850916353940966,0.0008072246151224422,-0.0014768714112638173,0.0,0.0,0
876,-1.3252320148944854,-1.4850916353940966,0.0008072246151224422,-0.0014768714112638173,-1.3278370945930484,-1.2342323699712756,-0.0020749832445681633,0.2969126990461841,0.0,0.3,5
877,-1.3278370945930484,-1.2342323699712756,-0.0020749832445681633,0.2969126990461841,-1.093570621275902,-1.0523849732875823,0.2740735207294036,0.16703693160445296,0.21213204,0.21213204,6
878,-1.093570621275902,-1.0523849732875823,0.2740735207294036,0.16703693160445296,-0.8071724587559701,-0.90630015822649,0.2899688366655658,0.1505285681155072,0.21213204,0.21213204,6
879,-0.8071724587559701,-0.90630015822649,0.2899688366655658,0.1505285681155072,-0.9861539448618889,-0.7628447158813477,-0.27194737779656547,0.1351145365724791,-0.21213204,0.21213204,4
880,-0.9861539448618889,-0.7628447158813477,-0.27194737779656547,0.1351145365724791,-1.2498032175302507,-0.8818305612921715,-0.27321708483556467,-0.12753654925342695,-0.21213204,-0.21213204,2
881,-1.2498032175302507,-0.8818305612921715,-0.27321708483556467,-0.12753654925342695,-1.28819065592289,-1.1291611060619355,-0.008516732032498656,-0.2708884172341706,0.0,-0.3,1
882,-1.28819065592289,-1.1291611060619355,-0.008516732032498656,-0.2708884172341706,-1.0217931060314178,-1.1587324316740037,0.2618757823723954,0.005761529619452879,0.3,0.0,3
883,-1.0217931060314178,-1.1587324316740037,0.2618757823723954,0.005761529619452879,-1.202350577569008,-1.0356022106409073,-0.2764848362097905,0.16055816388698702,-0.21213204,0.21213204,4
884,-1.202350577569008,-1.0356022106409073,-0.2764848362097905,0.16055816388698702,-1.488307633972168,-0.8940795965075493,-0.27386238363248283,0.14073043759256132,-0.21213204,0.21213204,4
885,-1.488307633972168,-0.8940795965075493,-0.27386238363248283,0.14073043759256132,-1.539007123947144,-0.6280112446069718,-0.004420305210852114,0.32258751227912397,0.0,0.3,5
886,-1.539007123947144,-0.6280112446069718,-0.004420305210852114,0.32258751227912397,-1.5394049117803574,-0.32776066775918006,0.03215756757014143,0.29674227975975453,0.0,0.3,5
887,-1.5394049117803574,-0.32776066775918006,0.03215756757014143,0.29674227975975453,-1.5103089287519456,-0.034158391711488365,0.010884044850577571,0.2727871785743856,0.0,0.3,5
888,-1.5103089287519456,-0.034158391711488365,0.010884044850577571,0.2727871785743856,-1.2798809688806534,0.1365222335129976,0.2731715578512893,0.14119370196294512,0.21213204,0.21213204,6
889,-1.2798809688806534,0.1365222335129976,0.2731715578512893,0.14119370196294512,-1.0185157467603685,-0.0027499940154142683,0.2646686267557027,-0.15846748561766144,0.21213204,-0.21213204,8
890,-1.0185157467603685,-0.0027499940154142683,0.2646686267557027,-0.15846748561766144,-1.249276896953583,-0.03537505809515715,-0.24960011305293076,-0.008794242878148742,-0.3,0.0,7
891,-1.249276896953583,-0.03537505809515715,-0.24960011305293076,-0.008794242878148742,-1.3099390106678008,-0.278544065618515,-0.008102492999315616,-0.2874190838456205,0.0,-0.3,1
892,-1.3099390106678008,-0.278544065618515,-0.008102492999315616,-0.2874190838456205,-1.530469780087471,-0.17182115612030033,-0.2548579594602759,0.15672342978906198,-0.21213204,0.21213204,4
893,-1.530469780087471,-0.17182115612030033,-0.2548579594602759,0.15672342978906198,-1.3366438229084014,-0.2711804200351239,0.2911168059526565,-0.1442228019192121,0.21213204,-0.21213204,8
894,-1.3366438229084014,-0.2711804200351239,0.2911168059526565,-0.1442228019192121,-1.0435121106147767,-0.2844172729551792,0.2997442441676031,0.0010660338668731883,0.3,0.0,3
895,-1.0435121106147767,-0.2844172729551792,0.2997442441676031,0.0010660338668731883,-0.770177359032631,-0.4162800538480282,0.2865638127314601,-0.1384467620451893,0.21213204,-0.21213204,8
896,-0.770177359032631,-0.4162800538480282,0.2865638127314601,-0.1384467620451893,-0.4930945196390152,-0.5611889331102372,0.27759950227032565,-0.1490652993502884,0.21213204,-0.21213204,8
897,-0.4930945196390152,-0.5611889331102372,0.27759950227032565,-0.1490652993502884,-0.45409762240052226,-0.5768656676054001,0.0017809467859417334,-0.0004141766809296601,0.0,0.0,0
898,-0.45409762240052226,-0.5768656676054001,0.0017809467859417334,-0.0004141766809296601,-0.7280559427261353,-0.5765187927007676,-0.2773669760622349,0.005514421844945565,-0.3,0.0,7
899,-0.7280559427261353,-0.5765187927007676,-0.2773669760622349,0.005514421844945565,-1.029936925315857,-0.5730240967869759,-0.30230542194527055,0.005722704941748867,-0.3,0.0,7
