,state.pn,state.pe,state.vn,state.ve,next_state.pn,next_state.pe,next_state.vn,next_state.ve,action_vel.vn,action_vel.ve,action
0,-1.3753682846307758,-1.8326872507095335,-9.695250088465018e-05,-5.028410273964796e-05,-1.3753595789909363,-1.8326838664770126,-0.00012271185303138664,0.00022057115905578121,0.0,0.0,0
1,-1.3753595789909363,-1.8326838664770126,-0.00012271185303138664,0.00022057115905578121,-1.097423628973961,-1.8316661206245424,0.28121030181263484,-0.00012504712829908223,0.3,0.0,3
2,-1.097423628973961,-1.8316661206245424,0.28121030181263484,-0.00012504712829908223,-0.792097333264351,-1.830945121955872,0.31613468012477447,-0.003674421551269712,0.3,0.0,3
3,-0.792097333264351,-1.830945121955872,0.31613468012477447,-0.003674421551269712,-1.018154104590416,-1.8330175167798997,-0.23944195576389116,0.0002778942476877013,-0.3,0.0,7
4,-1.018154104590416,-1.8330175167798997,-0.23944195576389116,0.0002778942476877013,-1.0551226065158845,-2.0784158478260046,0.010628647373896809,-0.30349132224280445,0.0,-0.3,1
5,-1.0551226065158845,-2.0784158478260046,0.010628647373896809,-0.30349132224280445,-1.310533548235893,-2.1207166748046875,-0.2678405763794902,-0.005536444676721146,-0.3,0.0,7
6,-1.310533548235893,-2.1207166748046875,-0.2678405763794902,-0.005536444676721146,-1.5866814284563064,-1.9929098932981488,-0.28590411961743945,0.13206439518951768,-0.21213204,0.21213204,4
7,-1.5866814284563064,-1.9929098932981488,-0.28590411961743945,0.13206439518951768,-1.6390474049568178,-1.7501512006759645,0.014181337000697803,0.30100551600106007,0.0,0.3,5
8,-1.6390474049568178,-1.7501512006759645,0.014181337000697803,0.30100551600106007,-1.902362773323059,-1.7251676648378371,-0.2612918643188401,-0.00017923524066317762,-0.3,0.0,7
9,-1.902362773323059,-1.7251676648378371,-0.2612918643188401,-0.00017923524066317762,-1.948227483534813,-1.4860806571483614,0.0013191489607773277,0.28796363541659875,0.0,0.3,5
10,-1.948227483534813,-1.4860806571483614,0.0013191489607773277,0.28796363541659875,-1.9470279707431795,-1.2033986111402513,0.0046839924078112645,0.29344994907506783,0.0,0.3,5
11,-1.9470279707431795,-1.2033986111402513,0.0046839924078112645,0.29344994907506783,-1.7122945802450178,-1.0197875545263293,0.28588000538218017,0.14618153616046337,0.21213204,0.21213204,6
12,-1.7122945802450178,-1.0197875545263293,0.28588000538218017,0.14618153616046337,-1.4118908203601837,-1.0031196794509887,0.30711257578084195,0.0037963314460998567,0.3,0.0,3
13,-1.4118908203601837,-1.0031196794509887,0.30711257578084195,0.0037963314460998567,-1.602382262134552,-0.8878546617388726,-0.28492014538195226,0.1357100235251833,-0.21213204,0.21213204,4
14,-1.602382262134552,-0.8878546617388726,-0.28492014538195226,0.1357100235251833,-1.6397109634399414,-0.872000051677227,-0.00011982098639557739,0.00015032940736526445,0.0,0.0,0
15,-1.6397109634399414,-0.872000051677227,-0.00011982098639557739,0.00015032940736526445,-1.9114514144182206,-0.8766769099116326,-0.27519232969915347,0.0028790325116946815,-0.3,0.0,7
16,-1.9114514144182206,-0.8766769099116326,-0.27519232969915347,0.0028790325116946815,-1.968901322889328,-1.1224990933179857,-0.0038801854986995174,-0.30405687906998674,0.0,-0.3,1
17,-1.968901322889328,-1.1224990933179857,-0.0038801854986995174,-0.30405687906998674,-1.7405425616502763,-1.0250823588848115,0.2759117985304464,0.14832835606996486,0.21213204,0.21213204,6
18,-1.7405425616502763,-1.0250823588848115,0.2759117985304464,0.14832835606996486,-1.4777452455997468,-1.1603765455484392,0.2802205933149433,-0.14725698697731507,0.21213204,-0.21213204,8
19,-1.4777452455997468,-1.1603765455484392,0.2802205933149433,-0.14725698697731507,-1.178765296292305,-1.1664062501430512,0.2996878810964401,0.009424815238313544,0.3,0.0,3
20,-1.178765296292305,-1.1664062501430512,0.2996878810964401,0.009424815238313544,-0.9053231603860855,-1.304163189291954,0.29675329115201254,-0.13618245646905172,0.21213204,-0.21213204,8
21,-0.9053231603860855,-1.304163189291954,0.29675329115201254,-0.13618245646905172,-1.134137282013893,-1.3279030639886855,-0.26126070117645,0.0015403392282931387,-0.3,0.0,7
22,-1.134137282013893,-1.3279030639886855,-0.26126070117645,0.0015403392282931387,-0.9389896726727487,-1.4477495925664903,0.3022261966586825,-0.1560968049487153,0.21213204,-0.21213204,8
23,-0.9389896726727487,-1.4477495925664903,0.3022261966586825,-0.1560968049487153,-1.1711300384998322,-1.473811859369278,-0.27503726333817025,-0.002003969681594805,-0.3,0.0,7
24,-1.1711300384998322,-1.473811859369278,-0.27503726333817025,-0.002003969681594805,-0.9335024446845056,-1.4729080403089525,0.257368334687013,-0.0015630120592770892,0.3,0.0,3
25,-0.9335024446845056,-1.4729080403089525,0.257368334687013,-0.0015630120592770892,-0.6293690049648286,-1.474063422894478,0.3124010334755534,-0.00330089063285481,0.3,0.0,3
26,-0.6293690049648286,-1.474063422894478,0.3124010334755534,-0.00330089063285481,-0.8229434212088584,-1.6075112913370135,-0.276186636713172,-0.15756382110263245,-0.21213204,-0.21213204,2
27,-0.8229434212088584,-1.6075112913370135,-0.276186636713172,-0.15756382110263245,-0.6331574877381325,-1.7650726483583452,0.2628583630290733,-0.13583733359679703,0.21213204,-0.21213204,8
28,-0.6331574877381325,-1.7650726483583452,0.2628583630290733,-0.13583733359679703,-0.5991726302146911,-1.779973639392853,-0.00097396845795462,0.0004769966005189252,0.0,0.0,0
29,-0.5991726302146911,-1.779973639392853,-0.00097396845795462,0.0004769966005189252,-0.36103406631946566,-1.646442963385582,0.29053876048902605,0.14183164866269352,0.21213204,0.21213204,6
30,-0.36103406631946566,-1.646442963385582,0.29053876048902605,0.14183164866269352,-0.10423865507096053,-1.7720053304195407,0.2776158779992347,-0.12469440236422032,0.21213204,-0.21213204,8
31,-0.10423865507096053,-1.7720053304195407,0.2776158779992347,-0.12469440236422032,-0.29762164797782903,-1.6506457705259323,-0.24376425259342174,0.15719710862354042,-0.21213204,0.21213204,4
32,-0.29762164797782903,-1.6506457705259323,-0.24376425259342174,0.15719710862354042,-0.11368795164674522,-1.7579712181806566,0.28833305732664316,-0.13117928584157001,0.21213204,-0.21213204,8
33,-0.11368795164674522,-1.7579712181806566,0.28833305732664316,-0.13117928584157001,-0.30639378263950345,-1.6358815207481385,-0.2698256415602927,0.14775345011183716,-0.21213204,0.21213204,4
34,-0.30639378263950345,-1.6358815207481385,-0.2698256415602927,0.14775345011183716,-0.342603638958931,-1.6235155202388762,3.316119460796859e-06,-0.00014988344245304752,0.0,0.0,0
35,-0.342603638958931,-1.6235155202388762,3.316119460796859e-06,-0.00014988344245304752,-0.33748942818045624,-1.874005748319626,-0.005841741932817052,-0.28536501588578006,0.0,-0.3,1
36,-0.33748942818045624,-1.874005748319626,-0.005841741932817052,-0.28536501588578006,-0.5601959286212921,-1.7637810648918153,-0.27286090061038276,0.1501998800751453,-0.21213204,0.21213204,4
37,-0.5601959286212921,-1.7637810648918153,-0.27286090061038276,0.1501998800751453,-0.36884246730208403,-1.88223307261467,0.26628540004697443,-0.14587822838753142,0.21213204,-0.21213204,8
38,-0.36884246730208403,-1.88223307261467,0.26628540004697443,-0.14587822838753142,-0.33164003795981406,-1.6426972945690155,0.015077418790022409,0.2997930138852797,0.0,0.3,5
39,-0.33164003795981406,-1.6426972945690155,0.015077418790022409,0.2997930138852797,-0.06128536012992263,-1.6034749369621277,0.2867470037874368,0.012811245260391556,0.3,0.0,3
40,-0.06128536012992263,-1.6034749369621277,0.2867470037874368,0.012811245260391556,-0.019500443959608676,-1.8210065806865694,-0.004285379916721499,-0.2563025240873249,0.0,-0.3,1
41,-0.019500443959608676,-1.8210065806865694,-0.004285379916721499,-0.2563025240873249,-0.2504095836043358,-1.7005051047086717,-0.28550625115084594,0.14688742670720395,-0.21213204,0.21213204,4
42,-0.2504095836043358,-1.7005051047086717,-0.28550625115084594,0.14688742670720395,-0.27643403064608574,-1.4321825500011445,0.012369392760081935,0.2997944022431676,0.0,0.3,5
43,-0.27643403064608574,-1.4321825500011445,0.012369392760081935,0.2997944022431676,-0.045708985076099634,-1.5230374153137207,0.2725655451949426,-0.15044024783568416,0.21213204,-0.21213204,8
44,-0.045708985076099634,-1.5230374153137207,0.2725655451949426,-0.15044024783568416,-0.002135462005948648,-1.280125877904892,-0.0035072231951189022,0.28174512689829145,0.0,0.3,5
45,-0.002135462005948648,-1.280125877904892,-0.0035072231951189022,0.28174512689829145,-0.0029491007984150204,-1.249524921321869,0.0001014466658153755,-2.2577117365678117e-06,0.0,0.0,0
46,-0.0029491007984150204,-1.249524921321869,0.0001014466658153755,-2.2577117365678117e-06,-0.0026981559245847168,-1.5008714751005172,0.009484454396388274,-0.28685251174776805,0.0,-0.3,1
47,-0.0026981559245847168,-1.5008714751005172,0.009484454396388274,-0.28685251174776805,-0.27074939334988596,-1.528783997654915,-0.2779496518634407,-0.0027154761616752536,-0.3,0.0,7
48,-0.27074939334988596,-1.528783997654915,-0.2779496518634407,-0.0027154761616752536,-0.3129844143331051,-1.5289457357645035,0.0003360761463090157,-0.00010122001745381992,0.0,0.0,0
49,-0.3129844143331051,-1.5289457357645035,0.0003360761463090157,-0.00010122001745381992,-0.5861583723902702,-1.5297599718332293,-0.28555345225479434,9.354038031573672e-05,-0.3,0.0,7
50,-0.5861583723902702,-1.5297599718332293,-0.28555345225479434,9.354038031573672e-05,-0.8586808829545975,-1.6830641176462173,-0.2697294415820988,-0.15272214528548922,-0.21213204,-0.21213204,2
51,-0.8586808829545975,-1.6830641176462173,-0.2697294415820988,-0.15272214528548922,-0.6642523139715195,-1.8384434886217118,0.2707503328418005,-0.15087950174223466,0.21213204,-0.21213204,8
52,-0.6642523139715195,-1.8384434886217118,0.2707503328418005,-0.15087950174223466,-0.6342520141005517,-1.852853947210312,-0.0005312611693395588,0.0006292510709358563,0.0,0.0,0
53,-0.6342520141005517,-1.852853947210312,-0.0005312611693395588,0.0006292510709358563,-0.8810407125592232,-1.732118490958214,-0.27658919745744487,0.14509487588157843,-0.21213204,0.21213204,4
54,-0.8810407125592232,-1.732118490958214,-0.27658919745744487,0.14509487588157843,-1.1715798686504364,-1.7224839079141618,-0.29328169420200156,-0.0009675079053980684,-0.3,0.0,7
55,-1.1715798686504364,-1.7224839079141618,-0.29328169420200156,-0.0009675079053980684,-1.1957661523103715,-1.963844906282425,0.030767070131853504,-0.29283543721697075,0.0,-0.3,1
56,-1.1957661523103715,-1.963844906282425,0.030767070131853504,-0.29283543721697075,-0.9595910926222802,-1.863648873925209,0.2773072693589007,0.14759765980258707,0.21213204,0.21213204,6
57,-0.9595910926222802,-1.863648873925209,0.2773072693589007,0.14759765980258707,-0.9292942134261133,-1.8489011511802673,-0.00036998421020738987,0.0005321965245740228,0.0,0.0,0
58,-0.9292942134261133,-1.8489011511802673,-0.00036998421020738987,0.0005321965245740228,-0.6534835074305534,-1.8507343223810198,0.287702509231616,-0.007603683281820337,0.3,0.0,3
59,-0.6534835074305534,-1.8507343223810198,0.287702509231616,-0.007603683281820337,-0.6263692361235619,-1.8508121768474581,-0.0008380998276093346,0.00021435724719075992,0.0,0.0,0
60,-0.6263692361235619,-1.8508121768474581,-0.0008380998276093346,0.00021435724719075992,-0.9037136046767236,-1.8568579980611801,-0.29279073986099424,0.005448700061967075,-0.3,0.0,7
61,-0.9037136046767236,-1.8568579980611801,-0.29279073986099424,0.005448700061967075,-0.9343939747214318,-2.102655905675888,0.029004599313662532,-0.28740558394231436,0.0,-0.3,1
62,-0.9343939747214318,-2.102655905675888,0.029004599313662532,-0.28740558394231436,-0.7000428558945656,-2.0062320979595185,0.2848222854443004,0.1382435417702967,0.21213204,0.21213204,6
63,-0.7000428558945656,-2.0062320979595185,0.2848222854443004,0.1382435417702967,-0.9298447249412538,-1.9848225776672366,-0.2571335754621202,0.005052246238424828,-0.3,0.0,7
64,-0.9298447249412538,-1.9848225776672366,-0.2571335754621202,0.005052246238424828,-0.7446597028017045,-1.8562960555553438,0.2508948256368624,0.1434983444725885,0.21213204,0.21213204,6
65,-0.7446597028017045,-1.8562960555553438,0.2508948256368624,0.1434983444725885,-0.6955864153742791,-2.100215278339386,0.010832983308484498,-0.27912451052779924,0.0,-0.3,1
66,-0.6955864153742791,-2.100215278339386,0.010832983308484498,-0.27912451052779924,-0.4224126200556755,-2.1299808540344243,0.2870178609394382,0.0065570605392720974,0.3,0.0,3
67,-0.4224126200556755,-2.1299808540344243,0.2870178609394382,0.0065570605392720974,-0.38137102244496346,-2.1293803132057194,-0.0005028283223889393,2.8861979103822683e-05,0.0,0.0,0
68,-0.38137102244496346,-2.1293803132057194,-0.0005028283223889393,2.8861979103822683e-05,-0.38260118791460995,-1.865199853873253,-0.0006621868587886981,0.30324370387218846,0.0,0.3,5
69,-0.38260118791460995,-1.865199853873253,-0.0006621868587886981,0.30324370387218846,-0.6474440059304238,-1.8355268996238707,-0.2712044662810835,-0.003204337985236458,-0.3,0.0,7
70,-0.6474440059304238,-1.8355268996238707,-0.2712044662810835,-0.003204337985236458,-0.9191497975945474,-1.6982721666812899,-0.27338564979532554,0.134630561223385,-0.21213204,0.21213204,4
71,-0.9191497975945474,-1.6982721666812899,-0.27338564979532554,0.134630561223385,-0.9585407457232477,-1.6858846046686173,-9.018629109162191e-05,-2.1157283367803297e-05,0.0,0.0,0
72,-0.9585407457232477,-1.6858846046686173,-9.018629109162191e-05,-2.1157283367803297e-05,-0.9543900413870812,-1.9518363198518753,0.007368608804573092,-0.2982006781168799,0.0,-0.3,1
73,-0.9543900413870812,-1.9518363198518753,0.007368608804573092,-0.2982006781168799,-0.683053055536747,-1.9815697392463685,0.2946458484475656,-0.003426632683765027,0.3,0.0,3
74,-0.683053055536747,-1.9815697392463685,0.2946458484475656,-0.003426632683765027,-0.3808628753483296,-1.9815545824050904,0.32328030313923295,0.0013809374042319169,0.3,0.0,3
75,-0.3808628753483296,-1.9815545824050904,0.32328030313923295,0.0013809374042319169,-0.6143778108477593,-1.9881607223749165,-0.2593317939166886,-0.0003871998401996301,-0.3,0.0,7
76,-0.6143778108477593,-1.9881607223749165,-0.2593317939166886,-0.0003871998401996301,-0.9100101652026176,-1.9915388143777848,-0.31329882591800146,-0.0018816077384351739,-0.3,0.0,7
77,-0.9100101652026176,-1.9915388143777848,-0.31329882591800146,-0.0018816077384351739,-0.9445502839326859,-1.7509089708328247,0.009650343696625948,0.2920812439964284,0.0,0.3,5
78,-0.9445502839326859,-1.7509089708328247,0.009650343696625948,0.2920812439964284,-0.9406172183156014,-1.9761246130228043,0.006390516072347387,-0.30351176510248495,0.0,-0.3,1
79,-0.9406172183156014,-1.9761246130228043,0.006390516072347387,-0.30351176510248495,-1.2023834110021592,-2.0087483053684236,-0.27313010723517905,-0.003080266883121464,-0.3,0.0,7
80,-1.2023834110021592,-2.0087483053684236,-0.27313010723517905,-0.003080266883121464,-1.4628791928052904,-1.8695394108295442,-0.2759401349413038,0.13567322224174655,-0.21213204,0.21213204,4
81,-1.4628791928052904,-1.8695394108295442,-0.2759401349413038,0.13567322224174655,-1.2675463663816453,-1.9908315226554874,0.2946894813078635,-0.15522794986576807,0.21213204,-0.21213204,8
82,-1.2675463663816453,-1.9908315226554874,0.2946894813078635,-0.15522794986576807,-1.232484272646904,-2.0049683424949647,-9.965399595783254e-05,-0.0005454998670987232,0.0,0.0,0
83,-1.232484272646904,-2.0049683424949647,-9.965399595783254e-05,-0.0005454998670987232,-0.9879178407073022,-1.8729753125429156,0.2953107988068129,0.14191379770114992,0.21213204,0.21213204,6
84,-0.9879178407073022,-1.8729753125429156,0.2953107988068129,0.14191379770114992,-0.7169449812293053,-2.0031604375839236,0.2775961192422104,-0.15365271797624377,0.21213204,-0.21213204,8
85,-0.7169449812293053,-2.0031604375839236,0.2775961192422104,-0.15365271797624377,-0.9517120498538016,-2.028772294473648,-0.259032929015282,0.0021299209407826397,-0.3,0.0,7
86,-0.9517120498538016,-2.028772294473648,-0.259032929015282,0.0021299209407826397,-0.9900588560581208,-1.7890213334083558,0.020175226812103382,0.28784884950904926,0.0,0.3,5
87,-0.9900588560581208,-1.7890213334083558,0.020175226812103382,0.28784884950904926,-0.7639117025256157,-1.6146818252801898,0.28908362643602237,0.15686810026258718,0.21213204,0.21213204,6
88,-0.7639117025256157,-1.6146818252801898,0.28908362643602237,0.15686810026258718,-0.7251858603119851,-1.3531842090129853,-0.004147786565547801,0.2838279032443916,0.0,0.3,5
89,-0.7251858603119851,-1.3531842090129853,-0.004147786565547801,0.2838279032443916,-0.9476994840860367,-1.180088423705101,-0.2528201858362651,0.14296214783576727,-0.21213204,0.21213204,4
90,-0.9476994840860367,-1.180088423705101,-0.2528201858362651,0.14296214783576727,-1.227007789516449,-1.0294393730640412,-0.2808502655093899,0.1512061881661281,-0.21213204,0.21213204,4
91,-1.227007789516449,-1.0294393730640412,-0.2808502655093899,0.1512061881661281,-1.0447336475610733,-1.1292951582431794,0.28260766792225367,-0.1382072712136549,0.21213204,-0.21213204,8
92,-1.0447336475610733,-1.1292951582431794,0.28260766792225367,-0.1382072712136549,-1.234158918738365,-1.0196003431320193,-0.27376064802562655,0.14719034937606237,-0.21213204,0.21213204,4
93,-1.234158918738365,-1.0196003431320193,-0.27376064802562655,0.14719034937606237,-1.2797281875133515,-1.2322462519168855,0.0019293528475770824,-0.2600057857679214,0.0,-0.3,1
94,-1.2797281875133515,-1.2322462519168855,0.0019293528475770824,-0.2600057857679214,-1.0112276485204696,-1.2603109203338625,0.26608699189896234,0.006952606102007142,0.3,0.0,3
95,-1.0112276485204696,-1.2603109203338625,0.26608699189896234,0.006952606102007142,-0.9632203333020212,-1.2601800637245177,-0.000609718781047769,-0.0002814771276021401,0.0,0.0,0
96,-0.9632203333020212,-1.2601800637245177,-0.000609718781047769,-0.0002814771276021401,-0.9506810652852059,-1.5199739171981812,0.010905816862056746,-0.293988238037703,0.0,-0.3,1
97,-0.9506810652852059,-1.5199739171981812,0.010905816862056746,-0.293988238037703,-0.7348038114547729,-1.4208127948522569,0.2970737522463736,0.14676238775634437,0.21213204,0.21213204,6
98,-0.7348038114547729,-1.4208127948522569,0.2970737522463736,0.14676238775634437,-0.4361530194282532,-1.4085326303720476,0.2967919316000978,-0.0008614912529513285,0.3,0.0,3
99,-0.4361530194282532,-1.4085326303720476,0.2967919316000978,-0.0008614912529513285,-0.38108493669033056,-1.6540614008665087,0.026012451877669075,-0.2971468569413391,0.0,-0.3,1
100,-0.38108493669033056,-1.6540614008665087,0.026012451877669075,-0.2971468569413391,-0.37644290204644204,-1.9405560137271882,-0.0029460527978036576,-0.2770791382850575,0.0,-0.3,1
101,-0.37644290204644204,-1.9405560137271882,-0.0029460527978036576,-0.2770791382850575,-0.14992097607254984,-1.838112096643448,0.2775080624283925,0.17768078230410297,0.21213204,0.21213204,6
102,-0.14992097607254984,-1.838112096643448,0.2775080624283925,0.17768078230410297,-0.11745408634245397,-1.53965678730011,0.006276510285194162,0.3103473659696422,0.0,0.3,5
103,-0.11745408634245397,-1.53965678730011,0.006276510285194162,0.3103473659696422,-0.3502487319529057,-1.3619235943317411,-0.2863459045621664,0.13165842967786648,-0.21213204,0.21213204,4
104,-0.3502487319529057,-1.3619235943317411,-0.2863459045621664,0.13165842967786648,-0.37877113248109817,-1.0998216594457626,0.011764133903480758,0.29005059097858055,0.0,0.3,5
105,-0.37877113248109817,-1.0998216594457626,0.011764133903480758,0.29005059097858055,-0.14112800853550433,-0.9221021822571756,0.2872866552625527,0.1618029155345918,0.21213204,0.21213204,6
106,-0.14112800853550433,-0.9221021822571756,0.2872866552625527,0.1618029155345918,0.1237526627227664,-1.0444819616794585,0.30129038118117857,-0.14531486486849585,0.21213204,-0.21213204,8
107,0.1237526627227664,-1.0444819616794585,0.30129038118117857,-0.14531486486849585,-0.10890118948966265,-1.0668101156949998,-0.2687163538714772,0.0023274111369279435,-0.3,0.0,7
108,-0.10890118948966265,-1.0668101156949998,-0.2687163538714772,0.0023274111369279435,0.07030220829546452,-0.9370556365013124,0.28515981187640915,0.16851776957457687,0.21213204,0.21213204,6
109,0.07030220829546452,-0.9370556365013124,0.28515981187640915,0.16851776957457687,0.3687978643357754,-0.9179270984053614,0.3220222119694392,0.009356562726709105,0.3,0.0,3
110,0.3687978643357754,-0.9179270984053614,0.3220222119694392,0.009356562726709105,0.1802620377391577,-0.7888528925895691,-0.2708612955874043,0.14790331602444048,-0.21213204,0.21213204,4
111,0.1802620377391577,-0.7888528925895691,-0.2708612955874043,0.14790331602444048,0.14194660388827324,-0.7744388750672341,0.0010321051911552062,0.000997226564420601,0.0,0.0,0
112,0.14194660388827324,-0.7744388750672341,0.0010321051911552062,0.000997226564420601,0.14092478943169118,-1.0212440222263335,-0.009330525160365062,-0.3074870870901859,0.0,-0.3,1
113,0.14092478943169118,-1.0212440222263335,-0.009330525160365062,-0.3074870870901859,-0.12472141223996877,-1.0551096597194671,-0.28219148116714565,0.0016830461227027446,-0.3,0.0,7
114,-0.12472141223996877,-1.0551096597194671,-0.28219148116714565,0.0016830461227027446,0.049926635284721854,-1.1789085548162461,0.2720643777252838,-0.14328211136160535,0.21213204,-0.21213204,8
115,0.049926635284721854,-1.1789085548162461,0.2720643777252838,-0.14328211136160535,-0.18047275020182132,-1.2025177046060562,-0.2423473436407779,0.0026739068724778783,-0.3,0.0,7
116,-0.18047275020182132,-1.2025177046060562,-0.2423473436407779,0.0026739068724778783,-0.22512385408878327,-1.2026983045101165,0.0005621840202799622,0.00011494096065610293,0.0,0.0,0
117,-0.22512385408878327,-1.2026983045101165,0.0005621840202799622,0.00011494096065610293,0.013022956345416607,-1.070228677558899,0.27325152811287257,0.14364573564153726,0.21213204,0.21213204,6
118,0.013022956345416607,-1.070228677558899,0.27325152811287257,0.14364573564153726,0.05255455916970969,-0.7975756629109383,-0.0005249272750419188,0.3135119699090508,0.0,0.3,5
119,0.05255455916970969,-0.7975756629109383,-0.0005249272750419188,0.3135119699090508,-0.20847776805162432,-0.764584135389328,-0.242884454171719,-0.005317538221181545,-0.3,0.0,7
120,-0.20847776805162432,-0.764584135389328,-0.242884454171719,-0.005317538221181545,-0.5055395784497262,-0.7700707033514976,-0.29350908496252365,-0.0003362697222955832,-0.3,0.0,7
121,-0.5055395784497262,-0.7700707033514976,-0.29350908496252365,-0.0003362697222955832,-0.3150925734698773,-0.9033728743076325,0.2643880915935933,-0.1385729996793535,0.21213204,-0.21213204,8
122,-0.3150925734698773,-0.9033728743076325,0.2643880915935933,-0.1385729996793535,-0.04225301956683398,-1.0529898774623871,0.27484730497392523,-0.1350143562813675,0.21213204,-0.21213204,8
123,-0.04225301956683398,-1.0529898774623871,0.27484730497392523,-0.1350143562813675,-0.27245500699281694,-1.0747315123081207,-0.24499222140854476,-0.007130097567582334,-0.3,0.0,7
124,-0.27245500699281694,-1.0747315123081207,-0.24499222140854476,-0.007130097567582334,-0.04463396269604564,-1.0731739424467088,0.24339308542848112,0.001434633505531995,0.3,0.0,3
125,-0.04463396269604564,-1.0731739424467088,0.24339308542848112,0.001434633505531995,-0.22802929393053056,-1.1886563420057297,-0.25778261181461615,-0.13937414442845644,-0.21213204,-0.21213204,2
126,-0.22802929393053056,-1.1886563420057297,-0.25778261181461615,-0.13937414442845644,-0.2645746415793896,-1.2037817847013477,7.840404300477136e-05,0.0007308928329822082,0.0,0.0,0
127,-0.2645746415793896,-1.2037817847013477,7.840404300477136e-05,0.0007308928329822082,-0.4980810077548028,-1.3373520335435867,-0.24886215877818713,-0.14282026939698486,-0.21213204,-0.21213204,2
128,-0.4980810077548028,-1.3373520335435867,-0.24886215877818713,-0.14282026939698486,-0.7672382592201233,-1.4849641845941546,-0.24084072731073225,-0.14798671933609228,-0.21213204,-0.21213204,2
129,-0.7672382592201233,-1.4849641845941546,-0.24084072731073225,-0.14798671933609228,-0.8013962053537369,-1.5012493807792666,0.00040294601909369397,-5.6605489315001973e-05,0.0,0.0,0
130,-0.8013962053537369,-1.5012493807792666,0.00040294601909369397,-5.6605489315001973e-05,-1.0427846867084503,-1.3784668359279633,-0.2718336322003959,0.1366152582907126,-0.21213204,0.21213204,4
131,-1.0427846867084503,-1.3784668359279633,-0.2718336322003959,0.1366152582907126,-1.3229399316549302,-1.2335847335100176,-0.28747007802487334,0.1410734116804877,-0.21213204,0.21213204,4
132,-1.3229399316549302,-1.2335847335100176,-0.28747007802487334,0.1410734116804877,-1.617122738981247,-1.2230694154024124,-0.29354110118830495,-0.005485755247509801,-0.3,0.0,7
133,-1.617122738981247,-1.2230694154024124,-0.29354110118830495,-0.005485755247509801,-1.647603841853142,-1.477079632472992,0.014424863911017723,-0.31038415127977603,0.0,-0.3,1
134,-1.647603841853142,-1.477079632472992,0.014424863911017723,-0.31038415127977603,-1.4335485961198808,-1.365954186630249,0.28840670129401014,0.14424597057614402,0.21213204,0.21213204,6
135,-1.4335485961198808,-1.365954186630249,0.28840670129401014,0.14424597057614402,-1.6606041459560397,-1.3412006061792372,-0.26290491158457735,0.0012327005367483252,-0.3,0.0,7
136,-1.6606041459560397,-1.3412006061792372,-0.26290491158457735,0.0012327005367483252,-1.705508480834961,-1.6037092756271365,-0.022963157603328753,-0.3463547648265944,0.0,-0.3,1
137,-1.705508480834961,-1.6037092756271365,-0.022963157603328753,-0.3463547648265944,-1.4445973958969116,-1.645914387869835,0.28268225019766396,-0.0009829187161713724,0.3,0.0,3
138,-1.4445973958969116,-1.645914387869835,0.28268225019766396,-0.0009829187161713724,-1.1613532514572142,-1.7944090829849244,0.29117289466688584,-0.13169099799512962,0.21213204,-0.21213204,8
139,-1.1613532514572142,-1.7944090829849244,0.29117289466688584,-0.13169099799512962,-1.1074750302791596,-2.060194060325623,0.020677799994936012,-0.3042403926592344,0.0,-0.3,1
140,-1.1074750302791596,-2.060194060325623,0.020677799994936012,-0.3042403926592344,-0.8393490860581398,-2.097567585992813,0.27103767409140483,0.0023368370613797724,0.3,0.0,3
141,-0.8393490860581398,-2.097567585992813,0.27103767409140483,0.0023368370613797724,-0.795771588897705,-2.097007580757141,-0.0009785828999855383,1.7154731860216173e-05,0.0,0.0,0
142,-0.795771588897705,-2.097007580757141,-0.0009785828999855383,1.7154731860216173e-05,-0.5544885971546174,-1.9745156575202942,0.2637645350166043,0.1398263579117078,0.21213204,0.21213204,6
143,-0.5544885971546174,-1.9745156575202942,0.2637645350166043,0.1398263579117078,-0.2576877694964409,-1.9595587536096573,0.28700199551514394,0.0013179092319909659,0.3,0.0,3
144,-0.2576877694964409,-1.9595587536096573,0.28700199551514394,0.0013179092319909659,-0.21701864705383778,-1.9585971218347549,0.00030747747752198247,-1.3809065531226563e-05,0.0,0.0,0
145,-0.21701864705383778,-1.9585971218347549,0.00030747747752198247,-1.3809065531226563e-05,-0.21704876406788828,-1.958594953751564,-0.0007823792779785058,-0.000172005578481826,0.0,0.0,0
146,-0.21704876406788828,-1.958594953751564,-0.0007823792779785058,-0.000172005578481826,-0.4575952958822251,-1.8201445385694504,-0.27228618532595206,0.1640250146202861,-0.21213204,0.21213204,4
147,-0.4575952958822251,-1.8201445385694504,-0.27228618532595206,0.1640250146202861,-0.7123850783586502,-1.9627592376470568,-0.25394384223542305,-0.09683692055805203,-0.21213204,-0.21213204,2
148,-0.7123850783586502,-1.9627592376470568,-0.25394384223542305,-0.09683692055805203,-0.7615276481509208,-1.7386245814085008,-0.008381698984692565,0.27823837868366813,0.0,0.3,5
149,-0.7615276481509208,-1.7386245814085008,-0.008381698984692565,0.27823837868366813,-0.7548537793993951,-1.9715378913640977,-0.0027371663898371917,-0.29611774662511203,0.0,-0.3,1
150,-0.7548537793993951,-1.9715378913640977,-0.0027371663898371917,-0.29611774662511203,-0.973240823686123,-1.8769205291748046,-0.2728905060280332,0.1353357082909007,-0.21213204,0.21213204,4
151,-0.973240823686123,-1.8769205291748046,-0.2728905060280332,0.1353357082909007,-1.0103663649797439,-1.8628825744628907,0.0003005576797111037,0.00010102810824306782,0.0,0.0,0
152,-1.0103663649797439,-1.8628825744628907,0.0003005576797111037,0.00010102810824306782,-0.7563125876545905,-1.9875681986093523,0.2905953611985558,-0.1488606872320434,0.21213204,-0.21213204,8
153,-0.7563125876545905,-1.9875681986093523,0.2905953611985558,-0.1488606872320434,-0.4570488347709179,-1.9994161497592926,0.29195198035338876,-0.0018011915086898268,0.3,0.0,3
154,-0.4570488347709179,-1.9994161497592926,0.29195198035338876,-0.0018011915086898268,-0.15892650243639944,-1.9970359178304673,0.29476910381955945,0.0021856581843314547,0.3,0.0,3
155,-0.15892650243639944,-1.9970359178304673,0.29476910381955945,0.0021856581843314547,-0.11961381125152112,-1.9962045506715775,-0.000702896275342643,0.00013128597552454542,0.0,0.0,0
156,-0.11961381125152112,-1.9962045506715775,-0.000702896275342643,0.00013128597552454542,-0.1196061943009496,-1.9962013273715975,5.243542335446399e-05,4.302995547755813e-05,0.0,0.0,0
157,-0.1196061943009496,-1.9962013273715975,5.243542335446399e-05,4.302995547755813e-05,0.1232807973265648,-1.8541143345594406,0.28545662578301256,0.17646967851969983,0.21213204,0.21213204,6
158,0.1232807973265648,-1.8541143345594406,0.28545662578301256,0.17646967851969983,0.39662168383002283,-1.9699102689027788,0.2773985997702888,-0.16588609368622145,0.21213204,-0.21213204,8
159,0.39662168383002283,-1.9699102689027788,0.2773985997702888,-0.16588609368622145,0.6978547978162766,-1.9842240337848664,0.31149654781804054,0.000526255719552774,0.3,0.0,3
160,0.6978547978162766,-1.9842240337848664,0.31149654781804054,0.000526255719552774,0.9738630066633225,-1.850306221461296,0.28795658161622123,0.14311899021855354,0.21213204,0.21213204,6
161,0.9738630066633225,-1.850306221461296,0.28795658161622123,0.14311899021855354,1.2411451523065566,-1.98051368534565,0.29677664824111216,-0.1522261764128263,0.21213204,-0.21213204,8
162,1.2411451523065566,-1.98051368534565,0.29677664824111216,-0.1522261764128263,1.5412876328468323,-1.9921964503765106,0.29010120399668915,0.005648472948087114,0.3,0.0,3
163,1.5412876328468323,-1.9921964503765106,0.29010120399668915,0.005648472948087114,1.5813736676931383,-1.9923130857944489,3.980619304000483e-05,-0.0006242054192605052,0.0,0.0,0
164,1.5813736676931383,-1.9923130857944489,3.980619304000483e-05,-0.0006242054192605052,1.5771644546508792,-1.742753423547745,-0.001964144038871729,0.2713623494685047,0.0,0.3,5
165,1.5771644546508792,-1.742753423547745,-0.001964144038871729,0.2713623494685047,1.345929884004593,-1.5710312852859496,-0.2793687702435285,0.1595431748614774,-0.21213204,0.21213204,4
166,1.345929884004593,-1.5710312852859496,-0.2793687702435285,0.1595431748614774,1.3087606715202333,-1.7944783204317096,0.004505835870408436,-0.2893243235186416,0.0,-0.3,1
167,1.3087606715202333,-1.7944783204317096,0.004505835870408436,-0.2893243235186416,1.3107602224349977,-1.8292905952453615,0.001972264049309886,0.00029012835732939335,0.0,0.0,0
168,1.3107602224349977,-1.8292905952453615,0.001972264049309886,0.00029012835732939335,1.5499053755283358,-1.6996535938501358,0.25302257973343,0.1575141027040246,0.21213204,0.21213204,6
169,1.5499053755283358,-1.6996535938501358,0.25302257973343,0.1575141027040246,1.3660023812055588,-1.8107522251367572,-0.2419708933773526,-0.1655554827255653,-0.21213204,-0.21213204,2
170,1.3660023812055588,-1.8107522251367572,-0.2419708933773526,-0.1655554827255653,1.5484334887504578,-1.6995907711505889,0.2780179621410414,0.14513033011486134,0.21213204,0.21213204,6
171,1.5484334887504578,-1.6995907711505889,0.2780179621410414,0.14513033011486134,1.810993434882164,-1.8424177833318711,0.2583288660286987,-0.16215338833821263,0.21213204,-0.21213204,8
172,1.810993434882164,-1.8424177833318711,0.2583288660286987,-0.16215338833821263,1.852881572031975,-1.6013896534204481,-0.014078287217372828,0.2944663536853927,0.0,0.3,5
173,1.852881572031975,-1.6013896534204481,-0.014078287217372828,0.2944663536853927,1.6160249013423922,-1.4234576098203662,-0.2807018528221606,0.14617698424952266,-0.21213204,0.21213204,4
174,1.6160249013423922,-1.4234576098203662,-0.2807018528221606,0.14617698424952266,1.5723231599807739,-1.6551497948646545,0.004830218795230572,-0.3045653849836682,0.0,-0.3,1
175,1.5723231599807739,-1.6551497948646545,0.004830218795230572,-0.3045653849836682,1.5703310282707215,-1.692058238530159,-0.000192439133469386,0.00037916072004623175,0.0,0.0,0
176,1.5703310282707215,-1.692058238530159,-0.000192439133469386,0.00037916072004623175,1.3262629657745364,-1.568009409880638,-0.27113227711198645,0.14151358970266742,-0.21213204,0.21213204,4
177,1.3262629657745364,-1.568009409880638,-0.27113227711198645,0.14151358970266742,1.2880285394191744,-1.7914210928916934,0.018623159907645733,-0.2916483937941313,0.0,-0.3,1
178,1.2880285394191744,-1.7914210928916934,0.018623159907645733,-0.2916483937941313,1.5315037221670154,-1.9692391226291657,0.28338390488245413,-0.15261450827157635,0.21213204,-0.21213204,8
179,1.5315037221670154,-1.9692391226291657,0.28338390488245413,-0.15261450827157635,1.5757998912096025,-1.7448342048883438,0.0006952685737038585,0.2860962000882043,0.0,0.3,5
180,1.5757998912096025,-1.7448342048883438,0.0006952685737038585,0.2860962000882043,1.5807687489032747,-1.4598779678106308,-0.002260654291643683,0.28766033589086093,0.0,0.3,5
181,1.5807687489032747,-1.4598779678106308,-0.002260654291643683,0.28766033589086093,1.3476146492242813,-1.2828703915357589,-0.28670391235225084,0.15120136755393754,-0.21213204,0.21213204,4
182,1.3476146492242813,-1.2828703915357589,-0.28670391235225084,0.15120136755393754,1.5397332666397097,-1.1257582450389862,0.29001590247201026,0.14703455474480243,0.21213204,0.21213204,6
183,1.5397332666397097,-1.1257582450389862,0.29001590247201026,0.14703455474480243,1.5762056125164032,-0.8495720593214036,-0.0022766139805950056,0.2994011514870723,0.0,0.3,5
184,1.5762056125164032,-0.8495720593214036,-0.0022766139805950056,0.2994011514870723,1.3553982143878935,-0.952350264787674,-0.2770125259737124,-0.14069587179365822,-0.21213204,-0.21213204,2
185,1.3553982143878935,-0.952350264787674,-0.2770125259737124,-0.14069587179365822,1.0850577751636505,-0.8228371971130372,-0.28218440747902573,0.142224779588,-0.21213204,0.21213204,4
186,1.0850577751636505,-0.8228371971130372,-0.28218440747902573,0.142224779588,1.044372112774849,-0.8080094980835916,0.0009298338442129877,-0.00042545980398725535,0.0,0.0,0
187,1.044372112774849,-0.8080094980835916,0.0009298338442129877,-0.00042545980398725535,0.8106643726944923,-0.939743909919262,-0.25498737550081424,-0.13515983946925592,-0.21213204,-0.21213204,2
188,0.8106643726944923,-0.939743909919262,-0.25498737550081424,-0.13515983946925592,0.9993580024123192,-1.0790690266370775,0.27037011779389925,-0.13544786494827388,0.21213204,-0.21213204,8
189,0.9993580024123192,-1.0790690266370775,0.27037011779389925,-0.13544786494827388,1.036428843855858,-1.340340150308609,0.002121014581341922,-0.2811479545376131,0.0,-0.3,1
190,1.036428843855858,-1.340340150308609,0.002121014581341922,-0.2811479545376131,1.0370344306707382,-1.3762338950157165,0.0008909992111946464,0.0008537615143406663,0.0,0.0,0
191,1.0370344306707382,-1.3762338950157165,0.0008909992111946464,0.0008537615143406663,1.032446508860588,-1.1126268880605696,0.008422499316121844,0.300143132960519,0.0,0.3,5
192,1.032446508860588,-1.1126268880605696,0.008422499316121844,0.300143132960519,1.0341574470996857,-0.8131118577361107,-0.0022993229120871978,0.27975308842473456,0.0,0.3,5
193,1.0341574470996857,-0.8131118577361107,-0.0022993229120871978,0.27975308842473456,1.0336327778816223,-0.776966765832901,-0.00048477218090056825,0.00010840534610718694,0.0,0.0,0
194,1.0336327778816223,-0.776966765832901,-0.00048477218090056825,0.00010840534610718694,1.2804958570480347,-0.9013036115407945,0.28114569291306696,-0.13918303566981885,0.21213204,-0.21213204,8
195,1.2804958570480347,-0.9013036115407945,0.28114569291306696,-0.13918303566981885,1.3197487298727038,-1.1645951533794405,-0.001357517477117138,-0.2830084416295939,0.0,-0.3,1
196,1.3197487298727038,-1.1645951533794405,-0.001357517477117138,-0.2830084416295939,1.3178250937223437,-1.2002422954320908,-0.0010125028720740013,-0.00015279798262860038,0.0,0.0,0
197,1.3178250937223437,-1.2002422954320908,-0.0010125028720740013,-0.00015279798262860038,1.5627113719224932,-1.066267482328415,0.28593475822797365,0.15311361049642735,0.21213204,0.21213204,6
198,1.5627113719224932,-1.066267482328415,0.28593475822797365,0.15311361049642735,1.8290713841676713,-1.1965091162204744,0.2592154667502101,-0.15843916097721558,0.21213204,-0.21213204,8
199,1.8290713841676713,-1.1965091162204744,0.2592154667502101,-0.15843916097721558,1.867950990009308,-1.4601923509836199,0.0032770303729185396,-0.29399425586373995,0.0,-0.3,1
200,1.867950990009308,-1.4601923509836199,0.0032770303729185396,-0.29399425586373995,2.1336173792839053,-1.4970258772373202,0.26096341892703123,-0.0036326841273851616,0.3,0.0,3
201,2.1336173792839053,-1.4970258772373202,0.26096341892703123,-0.0036326841273851616,2.179156271314621,-1.2558131944179536,-0.0106088034396285,0.2842666689972817,0.0,0.3,5
202,2.179156271314621,-1.2558131944179536,-0.0106088034396285,0.2842666689972817,1.9146750989198686,-1.2239676934957504,-0.26229126329931046,-0.0010048047690412185,-0.3,0.0,7
203,1.9146750989198686,-1.2239676934957504,-0.26229126329931046,-0.0010048047690412185,1.618300923681259,-1.2233890150785447,-0.3025383832988552,0.0031616406348055864,-0.3,0.0,7
204,1.618300923681259,-1.2233890150785447,-0.3025383832988552,0.0031616406348055864,1.5727962112903595,-1.4723763021469116,0.0004895093715324287,-0.30667198215711394,0.0,-0.3,1
205,1.5727962112903595,-1.4723763021469116,0.0004895093715324287,-0.30667198215711394,1.5690147367477418,-1.268043613791466,0.004474051786979438,0.30093729304949746,0.0,0.3,5
206,1.5690147367477418,-1.268043613791466,0.004474051786979438,0.30093729304949746,1.3082183713436129,-1.2357193123817445,-0.2554128898573019,-0.0004904711382728232,-0.3,0.0,7
207,1.3082183713436129,-1.2357193123817445,-0.2554128898573019,-0.0004904711382728232,1.038821105527878,-1.0879761000156403,-0.2810002536200237,0.14637809730293053,-0.21213204,0.21213204,4
208,1.038821105527878,-1.0879761000156403,-0.2810002536200237,0.14637809730293053,1.0024682122468949,-1.0725063803672792,-0.002940345096230363,0.0005512016288171842,0.0,0.0,0
209,1.0024682122468949,-1.0725063803672792,-0.002940345096230363,0.0005512016288171842,1.2471882509946823,-1.1944116017818451,0.2749187461426982,-0.13219846149125314,0.21213204,-0.21213204,8
210,1.2471882509946823,-1.1944116017818451,0.2749187461426982,-0.13219846149125314,1.507973334646225,-1.0579806110382082,0.288252029115592,0.1456685792804834,0.21213204,0.21213204,6
211,1.507973334646225,-1.0579806110382082,0.288252029115592,0.1456685792804834,1.3171056178331377,-0.9068670307397843,-0.2757869896126565,0.14168299270296278,-0.21213204,0.21213204,4
212,1.3171056178331377,-0.9068670307397843,-0.2757869896126565,0.14168299270296278,1.5490854474306108,-0.8834257636785506,0.24388977259851824,-0.003269499554435769,0.3,0.0,3
213,1.5490854474306108,-0.8834257636785506,0.24388977259851824,-0.003269499554435769,1.829312329006195,-1.0213057603597642,0.2835996783099522,-0.13352271446431047,0.21213204,-0.21213204,8
214,1.829312329006195,-1.0213057603597642,0.2835996783099522,-0.13352271446431047,1.6442447966814042,-1.1655244009494783,-0.26294261692496496,-0.15110340169303443,-0.21213204,-0.21213204,2
215,1.6442447966814042,-1.1655244009494783,-0.26294261692496496,-0.15110340169303443,1.8315685125350951,-1.0553110592842103,0.28128094206329124,0.15934279959954167,0.21213204,0.21213204,6
216,1.8315685125350951,-1.0553110592842103,0.28128094206329124,0.15934279959954167,1.8690235322475433,-1.0391193609714509,0.0003419022871446486,-0.0002537183917713488,0.0,0.0,0
217,1.8690235322475433,-1.0391193609714509,0.0003419022871446486,-0.0002537183917713488,1.6254899789810184,-1.1653294698238374,-0.2664861408275834,-0.14020224547174898,-0.21213204,-0.21213204,2
218,1.6254899789810184,-1.1653294698238374,-0.2664861408275834,-0.14020224547174898,1.361353020453453,-1.0387315742969514,-0.2829488963566361,0.1534243023413993,-0.21213204,0.21213204,4
219,1.361353020453453,-1.0387315742969514,-0.2829488963566361,0.1534243023413993,1.5366353539943696,-0.8795902560353279,0.2745867779778125,0.15247831135606593,0.21213204,0.21213204,6
220,1.5366353539943696,-0.8795902560353279,0.2745867779778125,0.15247831135606593,1.5705396000862122,-0.6086202267289162,0.00010624179892539587,0.2795596261842641,0.0,0.3,5
221,1.5705396000862122,-0.6086202267289162,0.00010624179892539587,0.2795596261842641,1.3362807030200958,-0.4399255727946759,-0.28469799855380856,0.1550315462775667,-0.21213204,0.21213204,4
222,1.3362807030200958,-0.4399255727946759,-0.28469799855380856,0.1550315462775667,1.041092549085617,-0.428769642072916,-0.29402704619522846,-0.0031569998958641075,-0.3,0.0,7
223,1.041092549085617,-0.428769642072916,-0.29402704619522846,-0.0031569998958641075,0.7454496475696565,-0.43154081742763517,-0.29836879035366326,-0.004106796889465099,-0.3,0.0,7
224,0.7454496475696565,-0.43154081742763517,-0.29836879035366326,-0.004106796889465099,0.9755984352350237,-0.4335419114649296,0.24729402144081825,-0.0015331000797486217,0.3,0.0,3
225,0.9755984352350237,-0.4335419114649296,0.24729402144081825,-0.0015331000797486217,1.25087602660656,-0.5756508597493173,0.2774133564172637,-0.15926725796244198,0.21213204,-0.21213204,8
226,1.25087602660656,-0.5756508597493173,0.2774133564172637,-0.15926725796244198,1.5463873165369038,-0.5923483524084091,0.2951356806447825,0.0016995518729145196,0.3,0.0,3
227,1.5463873165369038,-0.5923483524084091,0.2951356806447825,0.0016995518729145196,1.8193100464582446,-0.739702782034874,0.27139992120815337,-0.15020916695489708,0.21213204,-0.21213204,8
228,1.8193100464582446,-0.739702782034874,0.27139992120815337,-0.15020916695489708,1.865740713787079,-0.527338224542141,-0.009939253287147624,0.2763033253936368,0.0,0.3,5
229,1.865740713787079,-0.527338224542141,-0.009939253287147624,0.2763033253936368,2.0952056082248687,-0.6248138972282411,0.27468343751453245,-0.13666268291506875,0.21213204,-0.21213204,8
230,2.0952056082248687,-0.6248138972282411,0.27468343751453245,-0.13666268291506875,2.1314749010086063,-0.6397041699051857,-0.00040257722287850996,-0.00018963975237904182,0.0,0.0,0
231,2.1314749010086063,-0.6397041699051857,-0.00040257722287850996,-0.00018963975237904182,2.131485450410843,-0.6397408288478851,0.00011462303849541563,-0.00043645382416587417,0.0,0.0,0
232,2.131485450410843,-0.6397408288478851,0.00011462303849541563,-0.00043645382416587417,1.8588783998012546,-0.6433444764137269,-0.2623270280791799,-0.0057666911284227195,-0.3,0.0,7
233,1.8588783998012546,-0.6433444764137269,-0.2623270280791799,-0.0057666911284227195,1.5787119704246522,-0.5191276734113693,-0.2790769809787129,0.13915265247860467,-0.21213204,0.21213204,4
234,1.5787119704246522,-0.5191276734113693,-0.2790769809787129,0.13915265247860467,1.7536272558212282,-0.3820114484667778,0.27391252220610707,0.12658467136333634,0.21213204,0.21213204,6
235,1.7536272558212282,-0.3820114484667778,0.27391252220610707,0.12658467136333634,1.5677342708587645,-0.49969272215962407,-0.27480565649183625,-0.16179311286730813,-0.21213204,-0.21213204,2
236,1.5677342708587645,-0.49969272215962407,-0.27480565649183625,-0.16179311286730813,1.3046243762016296,-0.37251447798013687,-0.27912306284740745,0.1416633698421579,-0.21213204,0.21213204,4
237,1.3046243762016296,-0.37251447798013687,-0.27912306284740745,0.1416633698421579,1.2552402846336363,-0.6069573095321655,0.0033312280562293748,-0.3033731314334546,0.0,-0.3,1
238,1.2552402846336363,-0.6069573095321655,0.0033312280562293748,-0.3033731314334546,1.2544625096559525,-0.9068619433522225,-0.0007313143064882463,-0.2914611523063787,0.0,-0.3,1
239,1.2544625096559525,-0.9068619433522225,-0.0007313143064882463,-0.2914611523063787,1.2560622432231905,-1.192116484951973,0.006371328322917748,-0.2862561607554398,0.0,-0.3,1
240,1.2560622432231905,-1.192116484951973,0.006371328322917748,-0.2862561607554398,0.990922514629364,-1.2261385805368423,-0.2697396579201111,-0.001212046230597052,-0.3,0.0,7
241,0.990922514629364,-1.2261385805368423,-0.2697396579201111,-0.001212046230597052,0.7128611759305001,-1.0752229757785798,-0.27454734120645036,0.15814087534226118,-0.21213204,0.21213204,4
242,0.7128611759305001,-1.0752229757785798,-0.27454734120645036,0.15814087534226118,0.41467120149731634,-1.0561476582288742,-0.29997763386166365,0.005118834646197216,-0.3,0.0,7
243,0.41467120149731634,-1.0561476582288742,-0.29997763386166365,0.005118834646197216,0.6445764943361283,-1.0504550795078278,0.2513677232778231,0.004428391952453939,0.3,0.0,3
244,0.6445764943361283,-1.0504550795078278,0.2513677232778231,0.004428391952453939,0.9420695518493652,-1.0434120703697205,0.30296887786822924,0.0035333160385137246,0.3,0.0,3
245,0.9420695518493652,-1.0434120703697205,0.30296887786822924,0.0035333160385137246,1.1964186118364335,-0.8872468731880188,0.27076124459713513,0.15695498705044442,0.21213204,0.21213204,6
246,1.1964186118364335,-0.8872468731880188,0.27076124459713513,0.15695498705044442,1.492771101999283,-0.8728171838402748,0.3012446442940042,5.132215562316477e-05,0.3,0.0,3
247,1.492771101999283,-0.8728171838402748,0.3012446442940042,5.132215562316477e-05,1.3044864651203156,-0.9921053089141846,-0.2677211749671676,-0.14282871056469498,-0.21213204,-0.21213204,2
248,1.3044864651203156,-0.9921053089141846,-0.2677211749671676,-0.14282871056469498,1.0251741620302202,-1.1339883738517762,-0.2738519825744432,-0.13834796481895137,-0.21213204,-0.21213204,2
249,1.0251741620302202,-1.1339883738517762,-0.2738519825744432,-0.13834796481895137,0.7482479284167289,-1.0019434068918227,-0.2897818974092805,0.15314570257866972,-0.21213204,0.21213204,4
250,0.7482479284167289,-1.0019434068918227,-0.2897818974092805,0.15314570257866972,0.9301067751765252,-0.8439162485003471,0.2923113019829538,0.1550065653207159,0.21213204,0.21213204,6
251,0.9301067751765252,-0.8439162485003471,0.2923113019829538,0.1550065653207159,0.9675432883858681,-0.8284262471437455,0.0002996044778328798,-0.0002871475818269804,0.0,0.0,0
252,0.9675432883858681,-0.8284262471437455,0.0002996044778328798,-0.0002871475818269804,0.7305607838749886,-0.9528315902352333,-0.2802124651642675,-0.125415215921151,-0.21213204,-0.21213204,2
253,0.7305607838749886,-0.9528315902352333,-0.2802124651642675,-0.125415215921151,0.44900372591018683,-1.084796410560608,-0.2820637893128907,-0.13343698093808648,-0.21213204,-0.21213204,2
254,0.44900372591018683,-1.084796410560608,-0.2820637893128907,-0.13343698093808648,0.18815646188259125,-0.9492396769046785,-0.24550179086483787,0.16513777232757887,-0.21213204,0.21213204,4
255,0.18815646188259125,-0.9492396769046785,-0.24550179086483787,0.16513777232757887,0.37025649824738505,-1.0484494473695756,0.273129819081103,-0.14215929550990636,0.21213204,-0.21213204,8
256,0.37025649824738505,-1.0484494473695756,0.273129819081103,-0.14215929550990636,0.4080992248296738,-1.0616944188833237,0.0003081268508055063,0.0001688930862664455,0.0,0.0,0
257,0.4080992248296738,-1.0616944188833237,0.0003081268508055063,0.0001688930862664455,0.16289551243185998,-0.9281140444159508,-0.2796772807192616,0.1640432845278833,-0.21213204,0.21213204,4
258,0.16289551243185998,-0.9281140444159508,-0.2796772807192616,0.1640432845278833,0.12675769341886045,-0.9119352583289148,-0.0005752526372289381,-7.76953979621711e-05,0.0,0.0,0
259,0.12675769341886045,-0.9119352583289148,-0.0005752526372289381,-7.76953979621711e-05,0.37376098461151125,-1.029091820049286,0.2500707522278518,-0.15963709103890034,0.21213204,-0.21213204,8
260,0.37376098461151125,-1.029091820049286,0.2500707522278518,-0.15963709103890034,0.6294065087914468,-0.8932009852409363,0.26702934772646814,0.15285514862503408,0.21213204,0.21213204,6
261,0.6294065087914468,-0.8932009852409363,0.26702934772646814,0.15285514862503408,0.9005900694012642,-1.0032137379884718,0.28068995572269556,-0.129402600500547,0.21213204,-0.21213204,8
262,0.9005900694012642,-1.0032137379884718,0.28068995572269556,-0.129402600500547,0.9407878117203713,-1.0161525052309037,0.0004766910999644488,-0.0003729664431344425,0.0,0.0,0
263,0.9407878117203713,-1.0161525052309037,0.0004766910999644488,-0.0003729664431344425,0.6919155882477761,-0.8815495246767997,-0.2797794888969564,0.16417069235598264,-0.21213204,0.21213204,4
264,0.6919155882477761,-0.8815495246767997,-0.2797794888969564,0.16417069235598264,0.42838821483850487,-0.9926192986488342,-0.2853466662890454,-0.11920362204985756,-0.21213204,-0.21213204,2
265,0.42838821483850487,-0.9926192986488342,-0.2853466662890454,-0.11920362204985756,0.1493897835046053,-1.137233557677269,-0.27350095622789644,-0.14963537196157997,-0.21213204,-0.21213204,2
266,0.1493897835046053,-1.137233557677269,-0.27350095622789644,-0.14963537196157997,-0.1311635830819607,-1.2841098914623261,-0.27754765681983673,-0.14975521402599704,-0.21213204,-0.21213204,2
267,-0.1311635830819607,-1.2841098914623261,-0.27754765681983673,-0.14975521402599704,0.09836088420152664,-1.3090293736457825,0.2539665754409774,0.0008277746076957555,0.3,0.0,3
268,0.09836088420152664,-1.3090293736457825,0.2539665754409774,0.0008277746076957555,0.3584006550610066,-1.1603180991888047,0.2740730015155334,0.1529745793146035,0.21213204,0.21213204,6
269,0.3584006550610066,-1.1603180991888047,0.2740730015155334,0.1529745793146035,0.1713678890347481,-1.2624681908607485,-0.274466673293951,-0.14919034929054797,-0.21213204,-0.21213204,2
270,0.1713678890347481,-1.2624681908607485,-0.274466673293951,-0.14919034929054797,0.3515601275861263,-1.1595534651041033,0.27506674974769785,0.15455326176674458,0.21213204,0.21213204,6
271,0.3515601275861263,-1.1595534651041033,0.27506674974769785,0.15455326176674458,0.3923168318331242,-1.1431288346529005,0.0008456682268847622,0.00020311841610712132,0.0,0.0,0
272,0.3923168318331242,-1.1431288346529005,0.0008456682268847622,0.00020311841610712132,0.1478491037517786,-1.2675913074970246,-0.2732035657635781,-0.15328436375222837,-0.21213204,-0.21213204,2
273,0.1478491037517786,-1.2675913074970246,-0.2732035657635781,-0.15328436375222837,0.37960403715968133,-1.2894847630500794,0.25453745401317235,0.008167783387208638,0.3,0.0,3
274,0.37960403715968133,-1.2894847630500794,0.25453745401317235,0.008167783387208638,0.6432271915555,-1.138843986415863,0.2683047225879741,0.1568524565923876,0.21213204,0.21213204,6
275,0.6432271915555,-1.138843986415863,0.2683047225879741,0.1568524565923876,0.45165742680430415,-1.2281296633243564,-0.28147309486262884,-0.13671035620378935,-0.21213204,-0.21213204,2
276,0.45165742680430415,-1.2281296633243564,-0.28147309486262884,-0.13671035620378935,0.1537475059866905,-1.2411821862220767,-0.3053977289597122,-0.002688923904401851,-0.3,0.0,7
277,0.1537475059866905,-1.2411821862220767,-0.3053977289597122,-0.002688923904401851,-0.12634259414970875,-1.1051473315954208,-0.28917989233803115,0.14648796509773646,-0.21213204,0.21213204,4
278,-0.12634259414970875,-1.1051473315954208,-0.28917989233803115,0.14648796509773646,-0.3834779005587101,-1.2384077934265136,-0.25696231334373865,-0.15447593850932057,-0.21213204,-0.21213204,2
279,-0.3834779005587101,-1.2384077934265136,-0.25696231334373865,-0.15447593850932057,-0.6438291152358055,-1.120642306995392,-0.2632269573197162,0.13611340932360927,-0.21213204,0.21213204,4
280,-0.6438291152358055,-1.120642306995392,-0.2632269573197162,0.13611340932360927,-0.9313346945524217,-1.1103759840488434,-0.2852492324030626,-0.00018627230481899982,-0.3,0.0,7
281,-0.9313346945524217,-1.1103759840488434,-0.2852492324030626,-0.00018627230481899982,-0.7372076843500137,-1.233657137131691,0.3015373375559025,-0.14825440102400506,0.21213204,-0.21213204,8
282,-0.7372076843500137,-1.233657137131691,0.3015373375559025,-0.14825440102400506,-0.43452113727927216,-1.246987164878845,0.30799879064226443,0.0005823057494886193,0.3,0.0,3
283,-0.43452113727927216,-1.246987164878845,0.30799879064226443,0.0005823057494886193,-0.6202985956549645,-1.132308041238785,-0.2711809763082257,0.13372696729969485,-0.21213204,0.21213204,4
284,-0.6202985956549645,-1.132308041238785,-0.2711809763082257,0.13372696729969485,-0.6491335788011551,-1.3610314011096958,0.025559705250852903,-0.26403519626355476,0.0,-0.3,1
285,-0.6491335788011551,-1.3610314011096958,0.025559705250852903,-0.26403519626355476,-0.40745794059038165,-1.538823798441887,0.28079095556230727,-0.1539005481248545,0.21213204,-0.21213204,8
286,-0.40745794059038165,-1.538823798441887,0.28079095556230727,-0.1539005481248545,-0.6025737661242486,-1.698059823846817,-0.2773985297637235,-0.16040199679203068,-0.21213204,-0.21213204,2
287,-0.6025737661242486,-1.698059823846817,-0.2773985297637235,-0.16040199679203068,-0.4381130510568619,-1.5903776786565782,0.27170543615631526,0.1348784167425087,0.21213204,0.21213204,6
288,-0.4381130510568619,-1.5903776786565782,0.27170543615631526,0.1348784167425087,-0.14129148926436902,-1.5742189949989318,0.2912020727543271,0.011121424585632872,0.3,0.0,3
289,-0.14129148926436902,-1.5742189949989318,0.2912020727543271,0.011121424585632872,-0.10458950427919626,-1.3155127439260483,0.0012998701546288315,0.29582669833800934,0.0,0.3,5
290,-0.10458950427919626,-1.3155127439260483,0.0012998701546288315,0.29582669833800934,0.12044034994542599,-1.1360365755319595,0.2714857194982033,0.15675672843238705,0.21213204,0.21213204,6
291,0.12044034994542599,-1.1360365755319595,0.2714857194982033,0.15675672843238705,-0.07120818436294796,-0.9870409554958344,-0.28105367264866143,0.1471862217294555,-0.21213204,0.21213204,4
292,-0.07120818436294796,-0.9870409554958344,-0.28105367264866143,0.1471862217294555,-0.33201067738533024,-1.1136666771888735,-0.27417381207408453,-0.13682941232951024,-0.21213204,-0.21213204,2
293,-0.33201067738533024,-1.1136666771888735,-0.27417381207408453,-0.13682941232951024,-0.6198838955044746,-1.129831197667122,-0.29426509543301616,-0.003349848065295184,-0.3,0.0,7
294,-0.6198838955044746,-1.129831197667122,-0.29426509543301616,-0.003349848065295184,-0.41860500503182413,-1.2527490389585496,0.29985003653033826,-0.13483974287809758,0.21213204,-0.21213204,8
295,-0.41860500503182413,-1.2527490389585496,0.29985003653033826,-0.13483974287809758,-0.13205528930425645,-1.3958328056812286,0.27669600494464497,-0.13786071991016668,0.21213204,-0.21213204,8
296,-0.13205528930425645,-1.3958328056812286,0.27669600494464497,-0.13786071991016668,0.1612709335535765,-1.4055506289958957,0.29609566111983376,0.006173696898704508,0.3,0.0,3
297,0.1612709335535765,-1.4055506289958957,0.29609566111983376,0.006173696898704508,0.4574732153117657,-1.4050233558416367,0.293966364519042,-0.0025842312684876594,0.3,0.0,3
298,0.4574732153117657,-1.4050233558416367,0.293966364519042,-0.0025842312684876594,0.7218143760204315,-1.5495035125732421,0.2835350531728191,-0.14132728955219134,0.21213204,-0.21213204,8
299,0.7218143760204315,-1.5495035125732421,0.2835350531728191,-0.14132728955219134,0.534499146437645,-1.7052696387767794,-0.2730846375928548,-0.16521570779270148,-0.21213204,-0.21213204,2
300,0.534499146437645,-1.7052696387767794,-0.2730846375928548,-0.16521570779270148,0.5039762198567391,-1.9881704634904864,0.008530840163587109,-0.29513270545990344,0.0,-0.3,1
301,0.5039762198567391,-1.9881704634904864,0.008530840163587109,-0.29513270545990344,0.2931662972927094,-1.8854820277929307,-0.2705410785341989,0.15661528226039462,-0.21213204,0.21213204,4
302,0.2931662972927094,-1.8854820277929307,-0.2705410785341989,0.15661528226039462,0.25791040258407594,-1.6105375706434253,-0.0037089895245941413,0.29648340441135057,0.0,0.3,5
303,0.25791040258407594,-1.6105375706434253,-0.0037089895245941413,0.29648340441135057,0.5206885760903359,-1.5773191993474962,0.26983074486991654,-0.0037932187651636353,0.3,0.0,3
304,0.5206885760903359,-1.5773191993474962,0.26983074486991654,-0.0037932187651636353,0.5682982556939126,-1.3335992660045626,-0.009435688605822293,0.2976495150218865,0.0,0.3,5
305,0.5682982556939126,-1.3335992660045626,-0.009435688605822293,0.2976495150218865,0.3276550538122654,-1.1483568421125412,-0.2879178754838766,0.14402526296826515,-0.21213204,0.21213204,4
306,0.3276550538122654,-1.1483568421125412,-0.2879178754838766,0.14402526296826515,0.5057568460345269,-1.2513887310504914,0.276326627790496,-0.13792485493153772,0.21213204,-0.21213204,8
307,0.5057568460345269,-1.2513887310504914,0.276326627790496,-0.13792485493153772,0.7994594607830048,-1.255444712138176,0.29474929202093725,0.0017563781007904921,0.3,0.0,3
308,0.7994594607830048,-1.255444712138176,0.29474929202093725,0.0017563781007904921,1.0969659471988678,-1.2506015254259113,0.2969299213755942,0.005228572785474775,0.3,0.0,3
309,1.0969659471988678,-1.2506015254259113,0.2969299213755942,0.005228572785474775,1.3946426931619644,-1.248985229253769,0.28881610602422814,0.0014086392099330488,0.3,0.0,3
310,1.3946426931619644,-1.248985229253769,0.28881610602422814,0.0014086392099330488,1.436730702519417,-1.2490446519851686,-0.0005654562292747222,0.0006646552186116754,0.0,0.0,0
311,1.436730702519417,-1.2490446519851686,-0.0005654562292747222,0.0006646552186116754,1.4367957360506058,-1.2490306151151658,-0.001089123264724534,0.0002117557604085194,0.0,0.0,0
312,1.4367957360506058,-1.2490306151151658,-0.001089123264724534,0.0002117557604085194,1.4368840554952624,-1.249051845741272,-0.00010052988259861466,-0.0003886103639279595,0.0,0.0,0
313,1.4368840554952624,-1.249051845741272,-0.00010052988259861466,-0.0003886103639279595,1.4427789340257644,-0.9867383826375008,0.010039070646154016,0.2994840960443293,0.0,0.3,5
314,1.4427789340257644,-0.9867383826375008,0.010039070646154016,0.2994840960443293,1.451878436732292,-1.1977414946317675,0.01079722262748436,-0.28997266645426295,0.0,-0.3,1
315,1.451878436732292,-1.1977414946317675,0.01079722262748436,-0.28997266645426295,1.6909105156660083,-1.3717678550720214,0.2898094493445281,-0.1376454841798301,0.21213204,-0.21213204,8
316,1.6909105156660083,-1.3717678550720214,0.2898094493445281,-0.1376454841798301,1.4649978871822358,-1.3979049490690234,-0.24895911891850403,0.0012185849018529434,-0.3,0.0,7
317,1.4649978871822358,-1.3979049490690234,-0.24895911891850403,0.0012185849018529434,1.1988969301462176,-1.5393107430934907,-0.2758641539657184,-0.14718202426301583,-0.21213204,-0.21213204,2
318,1.1988969301462176,-1.5393107430934907,-0.2758641539657184,-0.14718202426301583,1.4348550158739093,-1.5538599555015566,0.2511337720025073,-0.0014605352028352774,0.3,0.0,3
319,1.4348550158739093,-1.5538599555015566,0.2511337720025073,-0.0014605352028352774,1.708670445394516,-1.7090047850847245,0.27427730810942735,-0.15319594771455586,0.21213204,-0.21213204,8
320,1.708670445394516,-1.7090047850847245,0.27427730810942735,-0.15319594771455586,1.7441424943685533,-2.0020943350791933,0.005592481857982968,-0.3082593637968581,0.0,-0.3,1
321,1.7441424943685533,-2.0020943350791933,0.005592481857982968,-0.3082593637968581,2.0096171432971954,-2.035618520307541,0.2574249649657669,-0.0017349371607620475,0.3,0.0,3
322,2.0096171432971954,-2.035618520307541,0.2574249649657669,-0.0017349371607620475,1.823836051774025,-1.9154114197492602,-0.27737561835066404,0.16321000692263332,-0.21213204,0.21213204,4
323,1.823836051774025,-1.9154114197492602,-0.27737561835066404,0.16321000692263332,1.784895529818535,-1.6455005451440814,-0.005243916256284558,0.2976646491345985,0.0,0.3,5
324,1.784895529818535,-1.6455005451440814,-0.005243916256284558,0.2976646491345985,2.0161144936084745,-1.4695278391361237,0.2770010746954428,0.1496697715209912,0.21213204,0.21213204,6
325,2.0161144936084745,-1.4695278391361237,0.2770010746954428,0.1496697715209912,2.070053833198547,-1.7017590815782548,0.007064360579917556,-0.2941324683019987,0.0,-0.3,1
326,2.070053833198547,-1.7017590815782548,0.007064360579917556,-0.2941324683019987,2.0723135800361634,-1.4926036859035492,0.008670011203251393,0.28601744989192146,0.0,0.3,5
327,2.0723135800361634,-1.4926036859035492,0.008670011203251393,0.28601744989192146,1.8086668030261996,-1.4601897999048234,-0.27382652361311505,0.005591822787465587,-0.3,0.0,7
328,1.8086668030261996,-1.4601897999048234,-0.27382652361311505,0.005591822787465587,1.539073430275917,-1.3217533459186555,-0.2831070625635103,0.1500097354445149,-0.21213204,0.21213204,4
329,1.539073430275917,-1.3217533459186555,-0.2831070625635103,0.1500097354445149,1.7744009678363803,-1.2980504667997361,0.2540118195217669,0.001131614593537383,0.3,0.0,3
330,1.7744009678363803,-1.2980504667997361,0.2540118195217669,0.001131614593537383,2.0765943514347076,-1.2968755382537842,0.3041613516171623,-0.0013608290769047808,0.3,0.0,3
331,2.0765943514347076,-1.2968755382537842,0.3041613516171623,-0.0013608290769047808,2.113749946498871,-1.2972907341957094,0.0003439663224541131,0.0020544522534607216,0.0,0.0,0
332,2.113749946498871,-1.2972907341957094,0.0003439663224541131,0.0020544522534607216,1.838057469248772,-1.2983741029262543,-0.28478935520962145,0.0017954738733808849,-0.3,0.0,7
333,1.838057469248772,-1.2983741029262543,-0.28478935520962145,0.0017954738733808849,1.574213355088234,-1.4391748994112015,-0.27374906694706536,-0.15001928348524782,-0.21213204,-0.21213204,2
334,1.574213355088234,-1.4391748994112015,-0.27374906694706536,-0.15001928348524782,1.3125046585321427,-1.3106754412174226,-0.2705239872710823,0.15116589554656043,-0.21213204,0.21213204,4
335,1.3125046585321427,-1.3106754412174226,-0.2705239872710823,0.15116589554656043,1.2752678428173065,-1.2951960493087769,0.00019985594523060383,0.0005363246542669129,0.0,0.0,0
336,1.2752678428173065,-1.2951960493087769,0.00019985594523060383,0.0005363246542669129,1.275339892578125,-1.2952185775518419,0.0004440495718569023,-0.0004209933596055583,0.0,0.0,0
337,1.275339892578125,-1.2952185775518419,0.0004440495718569023,-0.0004209933596055583,1.033346468949318,-1.4184125824451448,-0.2701907027739635,-0.13552517636770975,-0.21213204,-0.21213204,2
338,1.033346468949318,-1.4184125824451448,-0.2701907027739635,-0.13552517636770975,1.2182164631605148,-1.5671926562309266,0.2922250551468235,-0.13629382571636195,0.21213204,-0.21213204,8
339,1.2182164631605148,-1.5671926562309266,0.2922250551468235,-0.13629382571636195,1.5199564902305605,-1.5801607852220536,0.3055851254875605,0.00048405691351447106,0.3,0.0,3
340,1.5199564902305605,-1.5801607852220536,0.3055851254875605,0.00048405691351447106,1.570267780327797,-1.8398159733057022,0.004320358776477585,-0.30120068686065005,0.0,-0.3,1
341,1.570267780327797,-1.8398159733057022,0.004320358776477585,-0.30120068686065005,1.8096036626815797,-2.0237226005077362,0.2868477227425935,-0.14220561119060432,0.21213204,-0.21213204,8
342,1.8096036626815797,-2.0237226005077362,0.2868477227425935,-0.14220561119060432,1.843349159860611,-2.0384558206558228,7.414934549545286e-05,-2.359040544265634e-05,0.0,0.0,0
343,1.843349159860611,-2.0384558206558228,7.414934549545286e-05,-2.359040544265634e-05,2.1173720746517186,-2.037820501756668,0.27691036221054804,-0.004570437104129228,0.3,0.0,3
344,2.1173720746517186,-2.037820501756668,0.27691036221054804,-0.004570437104129228,2.164432793045044,-1.7912507018327715,0.0029429176426422113,0.2870995208376766,0.0,0.3,5
345,2.164432793045044,-1.7912507018327715,0.0029429176426422113,0.2870995208376766,2.1659065100193025,-1.7564826205253605,-0.0001427181460175822,0.001415211508980497,0.0,0.0,0
346,2.1659065100193025,-1.7564826205253605,-0.0001427181460175822,0.001415211508980497,2.165850687646866,-1.7564952568531038,-0.0007835914481562183,0.0009050950331423845,0.0,0.0,0
347,2.165850687646866,-1.7564952568531038,-0.0007835914481562183,0.0009050950331423845,2.1658733865737916,-1.7565335133075712,0.0006549479137293989,-0.0010923518206718283,0.0,0.0,0
348,2.1658733865737916,-1.7565335133075712,0.0006549479137293989,-0.0010923518206718283,2.1666772579669953,-1.49962452352047,0.0014363611345589605,0.2942581952129802,0.0,0.3,5
349,2.1666772579669953,-1.49962452352047,0.0014363611345589605,0.2942581952129802,2.165737307071686,-1.4673443422794343,-0.0006809148512048513,-8.085077296048366e-05,0.0,0.0,0
350,2.165737307071686,-1.4673443422794343,-0.0006809148512048513,-8.085077296048366e-05,1.9268105263948443,-1.5993814314126968,-0.28061847540427926,-0.1695446706981503,-0.21213204,-0.21213204,2
351,1.9268105263948443,-1.5993814314126968,-0.28061847540427926,-0.1695446706981503,1.8932924172639847,-1.8923004995822907,-0.0042075917971386495,-0.3124947673539719,0.0,-0.3,1
352,1.8932924172639847,-1.8923004995822907,-0.0042075917971386495,-0.3124947673539719,1.8929198082685472,-1.9270711855649951,0.00014322852204790753,-0.00020751714284545465,0.0,0.0,0
353,1.8929198082685472,-1.9270711855649951,0.00014322852204790753,-0.00020751714284545465,1.6469499081850052,-1.790297424221039,-0.28660767903356554,0.14682464772140566,-0.21213204,0.21213204,4
354,1.6469499081850052,-1.790297424221039,-0.28660767903356554,0.14682464772140566,1.8654164106845859,-1.7650322462320327,0.24063970074057342,0.004033873616771061,0.3,0.0,3
355,1.8654164106845859,-1.7650322462320327,0.24063970074057342,0.004033873616771061,1.6346009817361833,-1.7659356741189958,-0.24568584472438845,-0.008409095362145968,-0.3,0.0,7
356,1.6346009817361833,-1.7659356741189958,-0.24568584472438845,-0.008409095362145968,1.863036966252327,-1.7686333212375642,0.24145420664832734,-0.003923389371167341,0.3,0.0,3
357,1.863036966252327,-1.7686333212375642,0.24145420664832734,-0.003923389371167341,1.9142176101446153,-2.0315881536960605,-0.001238480242085482,-0.30140988409079084,0.0,-0.3,1
358,1.9142176101446153,-2.0315881536960605,-0.001238480242085482,-0.30140988409079084,1.649784744358063,-2.0676342990875245,-0.26392723324879297,-0.0004494470437463435,-0.3,0.0,7
359,1.649784744358063,-2.0676342990875245,-0.26392723324879297,-0.0004494470437463435,1.381578334617615,-1.9295107128143312,-0.27920251399567797,0.15210255108433546,-0.21213204,0.21213204,4
360,1.381578334617615,-1.9295107128143312,-0.27920251399567797,0.15210255108433546,1.1007794826984405,-1.7871780042886738,-0.2793698072663624,0.14969984970531552,-0.21213204,0.21213204,4
361,1.1007794826984405,-1.7871780042886738,-0.2793698072663624,0.14969984970531552,0.8455031166315079,-1.9189344393491745,-0.26003645320248453,-0.14838590045956854,-0.21213204,-0.21213204,2
362,0.8455031166315079,-1.9189344393491745,-0.26003645320248453,-0.14838590045956854,0.5498762701630593,-1.934150237631798,-0.3010464821570348,-0.007773818997390543,-0.3,0.0,7
363,0.5498762701630593,-1.934150237631798,-0.3010464821570348,-0.007773818997390543,0.7379828527688981,-1.7941217234611513,0.27885260936394246,0.1594978337024396,0.21213204,0.21213204,6
364,0.7379828527688981,-1.7941217234611513,0.27885260936394246,0.1594978337024396,0.7724777285456658,-1.7799525978326798,0.0004128754649417043,0.00030442338736975163,0.0,0.0,0
365,0.7724777285456658,-1.7799525978326798,0.0004128754649417043,0.00030442338736975163,0.7742809795975686,-2.042305606508255,0.0240960273665186,-0.2940423373183151,0.0,-0.3,1
366,0.7742809795975686,-2.042305606508255,0.0240960273665186,-0.2940423373183151,0.7707974883913995,-1.8358675350427627,0.032309593382208145,0.31850303471056,0.0,0.3,5
367,0.7707974883913995,-1.8358675350427627,0.032309593382208145,0.31850303471056,0.565497304224968,-1.9501145923376082,-0.29202090232628275,-0.16462650822056102,-0.21213204,-0.21213204,2
368,0.565497304224968,-1.9501145923376082,-0.29202090232628275,-0.16462650822056102,0.5089723415255547,-1.723385152053833,-0.006306257888547328,0.2824296795772587,0.0,0.3,5
369,0.5089723415255547,-1.723385152053833,-0.006306257888547328,0.2824296795772587,0.5111936182975769,-1.6891400213241576,0.0011262736302348315,0.0005023462294083235,0.0,0.0,0
370,0.5111936182975769,-1.6891400213241576,0.0011262736302348315,0.0005023462294083235,0.7543206364274027,-1.828216476941109,0.280142098272615,-0.15619434669843402,0.21213204,-0.21213204,8
371,0.7543206364274027,-1.828216476941109,0.280142098272615,-0.15619434669843402,0.5236062474250793,-1.8564832545518875,-0.2538763971515212,-0.002077120807738529,-0.3,0.0,7
372,0.5236062474250793,-1.8564832545518875,-0.2538763971515212,-0.002077120807738529,0.47241497909426694,-2.1058234941959384,0.013181708958155689,-0.30706810704695947,0.0,-0.3,1
373,0.47241497909426694,-2.1058234941959384,0.013181708958155689,-0.30706810704695947,0.4732844128012657,-2.139184883642197,-0.00022581886730082678,8.517425002632977e-05,0.0,0.0,0
374,0.4732844128012657,-2.139184883642197,-0.00022581886730082678,8.517425002632977e-05,0.4733280742347241,-2.139184834241867,0.0007251631020148434,2.505358384608265e-05,0.0,0.0,0
375,0.4733280742347241,-2.139184834241867,0.0007251631020148434,2.505358384608265e-05,0.4733437653720379,-2.1391850659370424,9.584877873002469e-05,3.856386407091868e-05,0.0,0.0,0
376,0.4733437653720379,-2.1391850659370424,9.584877873002469e-05,3.856386407091868e-05,0.7217790950655937,-2.010467003440857,0.28264144873117797,0.1488627317565176,0.21213204,0.21213204,6
377,0.7217790950655937,-2.010467003440857,0.28264144873117797,0.1488627317565176,0.7639046081662177,-1.7457413903951646,0.009514093114731892,0.2720531330464403,0.0,0.3,5
378,0.7639046081662177,-1.7457413903951646,0.009514093114731892,0.2720531330464403,0.539868059527874,-1.8603552813529969,-0.2774843208257316,-0.15449520848712073,-0.21213204,-0.21213204,2
379,0.539868059527874,-1.8603552813529969,-0.2774843208257316,-0.15449520848712073,0.7205018381714822,-1.7473796521425247,0.2448424050928897,0.16858651945341716,0.21213204,0.21213204,6
380,0.7205018381714822,-1.7473796521425247,0.2448424050928897,0.16858651945341716,0.7498926882863045,-1.472723980474472,-0.0028034044730083888,0.2839708141660173,0.0,0.3,5
381,0.7498926882863045,-1.472723980474472,-0.0028034044730083888,0.2839708141660173,0.9758430173635483,-1.571299776315689,0.25252016570155034,-0.15395193418184616,0.21213204,-0.21213204,8
382,0.9758430173635483,-1.571299776315689,0.25252016570155034,-0.15395193418184616,1.025198505616188,-1.8397033574104311,0.016441519158456222,-0.29412853901010716,0.0,-0.3,1
383,1.025198505616188,-1.8397033574104311,0.016441519158456222,-0.29412853901010716,0.797459922361374,-2.0176584424972535,-0.26572033957308183,-0.15941644363230364,-0.21213204,-0.21213204,2
384,0.797459922361374,-2.0176584424972535,-0.26572033957308183,-0.15941644363230364,0.7483670879483223,-1.7955570170402528,0.01108410846165626,0.2899622874879062,0.0,0.3,5
385,0.7483670879483223,-1.7955570170402528,0.01108410846165626,0.2899622874879062,0.5317144214034081,-1.915587600159645,-0.26386079297403153,-0.15580951554292216,-0.21213204,-0.21213204,2
386,0.5317144214034081,-1.915587600159645,-0.26386079297403153,-0.15580951554292216,0.23526321128010752,-1.9274027131557465,-0.30560933839686577,0.0020956694045533362,-0.3,0.0,7
387,0.23526321128010752,-1.9274027131557465,-0.30560933839686577,0.0020956694045533362,0.20544516668617727,-1.6686197082519534,0.016403945587032218,0.3000370003625384,0.0,0.3,5
388,0.20544516668617727,-1.6686197082519534,0.016403945587032218,0.3000370003625384,-0.054339265191555026,-1.6264075142383576,-0.2712223106979955,0.003320841463255643,-0.3,0.0,7
389,-0.054339265191555026,-1.6264075142383576,-0.2712223106979955,0.003320841463255643,-0.09823631373494865,-1.6257078103780744,0.0015349903849028125,0.0012657122275457993,0.0,0.0,0
390,-0.09823631373494865,-1.6257078103780744,0.0015349903849028125,0.0012657122275457993,-0.37027136514186854,-1.6244151676654817,-0.28120222784806503,-0.001047931677974518,-0.3,0.0,7
391,-0.37027136514186854,-1.6244151676654817,-0.28120222784806503,-0.001047931677974518,-0.14375667392909527,-1.6197381147384646,0.2359735719661448,0.0072925176548746225,0.3,0.0,3
392,-0.14375667392909527,-1.6197381147384646,0.2359735719661448,0.0072925176548746225,-0.3714618475437164,-1.616478828239441,-0.25036264845716805,-0.004647440141113522,-0.3,0.0,7
393,-0.3714618475437164,-1.616478828239441,-0.25036264845716805,-0.004647440141113522,-0.18327139896154404,-1.4908021762847903,0.27838361201290257,0.16610946904618287,0.21213204,0.21213204,6
394,-0.18327139896154404,-1.4908021762847903,0.27838361201290257,0.16610946904618287,0.11208680633902551,-1.4714817131996156,0.2916798845124831,0.002564412698009167,0.3,0.0,3
395,0.11208680633902551,-1.4714817131996156,0.2916798845124831,0.002564412698009167,0.3809542119145394,-1.6094731188297273,0.27376592131216476,-0.14846879105126043,0.21213204,-0.21213204,8
396,0.3809542119145394,-1.6094731188297273,0.27376592131216476,-0.14846879105126043,0.63960703445673,-1.470456171989441,0.26824962203772607,0.1493248904457571,0.21213204,0.21213204,6
397,0.63960703445673,-1.470456171989441,0.26824962203772607,0.1493248904457571,0.6917069422364236,-1.7097841775655749,-0.002286706547393422,-0.3155580825617815,0.0,-0.3,1
398,0.6917069422364236,-1.7097841775655749,-0.002286706547393422,-0.3155580825617815,0.8994237290382385,-1.608095174264908,0.2790578922322701,0.13859078930015795,0.21213204,0.21213204,6
399,0.8994237290382385,-1.608095174264908,0.2790578922322701,0.13859078930015795,0.6694931804180146,-1.587079376578331,-0.25607307184770967,0.0008514957659938655,-0.3,0.0,7
400,0.6694931804180146,-1.587079376578331,-0.25607307184770967,0.0008514957659938655,0.6126412925362588,-1.3473784710645675,-0.0009411473533891684,0.28330684644347987,0.0,0.3,5
401,0.6126412925362588,-1.3473784710645675,-0.0009411473533891684,0.28330684644347987,0.6120334132552148,-1.3114777128458024,0.002094730274463437,-0.0024272281561724873,0.0,0.0,0
402,0.6120334132552148,-1.3114777128458024,0.002094730274463437,-0.0024272281561724873,0.8545374954581262,-1.4384197666645049,0.28371719302764364,-0.13577953030555256,0.21213204,-0.21213204,8
403,0.8545374954581262,-1.4384197666645049,0.28371719302764364,-0.13577953030555256,0.6257324197530747,-1.4639779156923296,-0.2617394766406553,0.0030269106052658434,-0.3,0.0,7
404,0.6257324197530747,-1.4639779156923296,-0.2617394766406553,0.0030269106052658434,0.3512481168985367,-1.3253422830104828,-0.2675730641156306,0.16754702796335758,-0.21213204,0.21213204,4
405,0.3512481168985367,-1.3253422830104828,-0.2675730641156306,0.16754702796335758,0.5349021336674691,-1.437445272231102,0.27507590366578355,-0.14995766636845595,0.21213204,-0.21213204,8
406,0.5349021336674691,-1.437445272231102,0.27507590366578355,-0.14995766636845595,0.8143578683257102,-1.584597070169449,0.28726143225137757,-0.15195605788991298,0.21213204,-0.21213204,8
407,0.8143578683257102,-1.584597070169449,0.28726143225137757,-0.15195605788991298,0.8644212132692337,-1.3567622789144518,0.010448621082811027,0.28990776277629726,0.0,0.3,5
408,0.8644212132692337,-1.3567622789144518,0.010448621082811027,0.28990776277629726,1.0982413411378862,-1.1736364199638367,0.2726308542291722,0.15009602869099256,0.21213204,0.21213204,6
409,1.0982413411378862,-1.1736364199638367,0.2726308542291722,0.15009602869099256,1.1299306755542755,-0.8930892756938935,-0.00615908533664167,0.29819592523868094,0.0,0.3,5
410,1.1299306755542755,-0.8930892756938935,-0.00615908533664167,0.29819592523868094,1.357792534852028,-0.7184030173182487,0.27819492295373466,0.15973177517949508,0.21213204,0.21213204,6
411,1.357792534852028,-0.7184030173182487,0.27819492295373466,0.15973177517949508,1.3987907400846484,-0.7031136997580528,5.269248918389549e-05,-5.705878171612637e-05,0.0,0.0,0
412,1.3987907400846484,-0.7031136997580528,5.269248918389549e-05,-5.705878171612637e-05,1.65342279150486,-0.8341088252425194,0.2868292483041762,-0.15001170005942324,0.21213204,-0.21213204,8
413,1.65342279150486,-0.8341088252425194,0.2868292483041762,-0.15001170005942324,1.6990718549251556,-1.101625459122658,0.005639715789555881,-0.281854778079108,0.0,-0.3,1
414,1.6990718549251556,-1.101625459122658,0.005639715789555881,-0.281854778079108,1.7002315072059633,-1.1356904299497605,-0.0004671781255838669,-0.00022123473972124138,0.0,0.0,0
415,1.7002315072059633,-1.1356904299497605,-0.0004671781255838669,-0.00022123473972124138,1.9454581294775009,-1.2620486427307127,0.28164023293880075,-0.13170331249891062,0.21213204,-0.21213204,8
416,1.9454581294775009,-1.2620486427307127,0.28164023293880075,-0.13170331249891062,1.9752954906225204,-1.2753145143270492,0.005042562922873937,-0.0019142812470074276,0.0,0.0,0
417,1.9752954906225204,-1.2753145143270492,0.005042562922873937,-0.0019142812470074276,1.731222145962715,-1.3995832764863967,-0.27198983206280325,-0.14515832361221603,-0.21213204,-0.21213204,2
418,1.731222145962715,-1.3995832764863967,-0.27198983206280325,-0.14515832361221603,1.6964089454889297,-1.675395332980156,-0.0017846343707225542,-0.3146970899229008,0.0,-0.3,1
419,1.6964089454889297,-1.675395332980156,-0.0017846343707225542,-0.3146970899229008,1.926103332948685,-1.867244232726097,0.2760714779904958,-0.156817547392752,0.21213204,-0.21213204,8
420,1.926103332948685,-1.867244232726097,0.2760714779904958,-0.156817547392752,1.7426732348680496,-2.025709923934937,-0.27108474958576284,-0.14765789372369315,-0.21213204,-0.21213204,2
421,1.7426732348680496,-2.025709923934937,-0.27108474958576284,-0.14765789372369315,1.4722354316949844,-1.9052444482326507,-0.2704946668957061,0.1346930682179125,-0.21213204,0.21213204,4
422,1.4722354316949844,-1.9052444482326507,-0.2704946668957061,0.1346930682179125,1.4317205482006075,-1.8920711386442188,0.0006539625948677127,5.4582898953167846e-05,0.0,0.0,0
423,1.4317205482006075,-1.8920711386442188,0.0006539625948677127,5.4582898953167846e-05,1.4317259539842606,-1.892067854833603,-0.0005217258246222958,-0.00012507701750363054,0.0,0.0,0
424,1.4317259539842606,-1.892067854833603,-0.0005217258246222958,-0.00012507701750363054,1.4301288687467575,-1.6414307957410814,0.004541091319413318,0.28741870986885043,0.0,0.3,5
425,1.4301288687467575,-1.6414307957410814,0.004541091319413318,0.28741870986885043,1.6604020171165468,-1.7439694701194763,0.28242532068433907,-0.1623573843429755,0.21213204,-0.21213204,8
426,1.6604020171165468,-1.7439694701194763,0.28242532068433907,-0.1623573843429755,1.7123615654706956,-1.5043421187877655,0.0018286156243082,0.2979713164022544,0.0,0.3,5
427,1.7123615654706956,-1.5043421187877655,0.0018286156243082,0.2979713164022544,1.9420529015779497,-1.324977043747902,0.2768914591608723,0.15270418960642196,0.21213204,0.21213204,6
428,1.9420529015779497,-1.324977043747902,0.2768914591608723,0.15270418960642196,2.0012767053604126,-1.5527373287677766,0.015480287627522646,-0.2823100476538244,0.0,-0.3,1
429,2.0012767053604126,-1.5527373287677766,0.015480287627522646,-0.2823100476538244,2.001361632394791,-1.342294807600975,0.015109146649036873,0.2802620635622449,0.0,0.3,5
430,2.001361632394791,-1.342294807600975,0.015109146649036873,0.2802620635622449,1.7389617193460465,-1.307929343175888,-0.266638951405512,0.0011274746708334416,-0.3,0.0,7
431,1.7389617193460465,-1.307929343175888,-0.266638951405512,0.0011274746708334416,1.9724469017267228,-1.305680754518509,0.2510229417080182,0.00370418239693934,0.3,0.0,3
432,1.9724469017267228,-1.305680754518509,0.2510229417080182,0.00370418239693934,1.7893067888498306,-1.4248580415964127,-0.27053000958233436,-0.14089444596213835,-0.21213204,-0.21213204,2
433,1.7893067888498306,-1.4248580415964127,-0.27053000958233436,-0.14089444596213835,1.5154198961734773,-1.571115107870102,-0.2643585727093074,-0.14936796533364222,-0.21213204,-0.21213204,2
434,1.5154198961734773,-1.571115107870102,-0.2643585727093074,-0.14936796533364222,1.489911482834816,-1.8489781314849854,0.011263126579467823,-0.3023948926076858,0.0,-0.3,1
435,1.489911482834816,-1.8489781314849854,0.011263126579467823,-0.3023948926076858,1.710243372678757,-1.7499071528434753,0.2622644468999821,0.15600935723570308,0.21213204,0.21213204,6
436,1.710243372678757,-1.7499071528434753,0.2622644468999821,0.15600935723570308,1.523132036662102,-1.865138939833641,-0.27074573048143397,-0.15221996062077922,-0.21213204,-0.21213204,2
437,1.523132036662102,-1.865138939833641,-0.27074573048143397,-0.15221996062077922,1.2294646811008454,-1.87896199259758,-0.2920859867475296,-0.010531739715880315,-0.3,0.0,7
438,1.2294646811008454,-1.87896199259758,-0.2920859867475296,-0.010531739715880315,0.9728053705215454,-2.0290421285629274,-0.27633494225824295,-0.14404515030898213,-0.21213204,-0.21213204,2
439,0.9728053705215454,-2.0290421285629274,-0.27633494225824295,-0.14404515030898213,1.1521482330322266,-1.9222531116485597,0.2881406131081915,0.1562286226361268,0.21213204,0.21213204,6
440,1.1521482330322266,-1.9222531116485597,0.2881406131081915,0.1562286226361268,1.43399413459301,-1.7753074638128281,0.28051197849071285,0.1368832227971819,0.21213204,0.21213204,6
441,1.43399413459301,-1.7753074638128281,0.28051197849071285,0.1368832227971819,1.488506971549988,-2.014682642889023,0.014787954848961617,-0.2951198808949308,0.0,-0.3,1
442,1.488506971549988,-2.014682642889023,0.014787954848961617,-0.2951198808949308,1.4914286412715914,-2.0495928032875064,-0.0003914984249632513,0.0003145745851608007,0.0,0.0,0
443,1.4914286412715914,-2.0495928032875064,-0.0003914984249632513,0.0003145745851608007,1.4930554513692857,-1.7942376640081408,0.0033191107146443638,0.2788133020587878,0.0,0.3,5
444,1.4930554513692857,-1.7942376640081408,0.0033191107146443638,0.2788133020587878,1.2742361169338228,-1.9000338907957077,-0.2737463101101815,-0.15545089682964838,-0.21213204,-0.21213204,2
445,1.2742361169338228,-1.9000338907957077,-0.2737463101101815,-0.15545089682964838,0.9806020815730095,-1.9155615900278093,-0.2929674650793549,-0.0020912234379910403,-0.3,0.0,7
446,0.9806020815730095,-1.9155615900278093,-0.2929674650793549,-0.0020912234379910403,1.1678142580986024,-1.7933187904596328,0.281210319351471,0.1450596749423589,0.21213204,0.21213204,6
447,1.1678142580986024,-1.7933187904596328,0.281210319351471,0.1450596749423589,1.4401659447908401,-1.921600207090378,0.2876318991511094,-0.15444452851599852,0.21213204,-0.21213204,8
448,1.4401659447908401,-1.921600207090378,0.2876318991511094,-0.15444452851599852,1.7373169248342515,-1.9357111951589587,0.2979807828538622,-0.00022602903389574124,0.3,0.0,3
449,1.7373169248342515,-1.9357111951589587,0.2979807828538622,-0.00022602903389574124,1.7785382407426833,-1.9357920172214507,0.0009806092481856913,-0.0006485479242397022,0.0,0.0,0
450,1.7785382407426833,-1.9357920172214507,0.0009806092481856913,-0.0006485479242397022,1.7785173650979997,-1.935781139111519,0.0007543510144182287,-0.0009628146588880396,0.0,0.0,0
451,1.7785173650979997,-1.935781139111519,0.0007543510144182287,-0.0009628146588880396,1.7785577459573747,-1.9357766913175585,0.0002834708805951417,-0.003548258031067157,0.0,0.0,0
452,1.7785577459573747,-1.9357766913175585,0.0002834708805951417,-0.003548258031067157,2.0224091282844547,-1.801054010939598,0.2731240204161343,0.14192051497695754,0.21213204,0.21213204,6
453,2.0224091282844547,-1.801054010939598,0.2731240204161343,0.14192051497695754,2.063703611850739,-1.525066695189476,0.018435217242607264,0.2953755726817113,0.0,0.3,5
454,2.063703611850739,-1.525066695189476,0.018435217242607264,0.2953755726817113,1.8425991925001146,-1.6311309037923813,-0.2681997548664416,-0.1721527038249927,-0.21213204,-0.21213204,2
455,1.8425991925001146,-1.6311309037923813,-0.2681997548664416,-0.1721527038249927,1.5666846840381625,-1.790769683933258,-0.27933905898229433,-0.15358991256244856,-0.21213204,-0.21213204,2
456,1.5666846840381625,-1.790769683933258,-0.27933905898229433,-0.15358991256244856,1.5162332011699677,-1.569312145805359,0.0156669833407087,0.28210946528707403,0.0,0.3,5
457,1.5162332011699677,-1.569312145805359,0.0156669833407087,0.28210946528707403,1.520803541946411,-1.782327881526947,0.004135522993510104,-0.29759669913932485,0.0,-0.3,1
458,1.520803541946411,-1.782327881526947,0.004135522993510104,-0.29759669913932485,1.2997493811130523,-1.9679228530883792,-0.259653408457899,-0.15878381693125865,-0.21213204,-0.21213204,2
459,1.2997493811130523,-1.9679228530883792,-0.259653408457899,-0.15878381693125865,1.2500945176124574,-1.747359364271164,0.002197102335766413,0.2905784670449155,0.0,0.3,5
460,1.2500945176124574,-1.747359364271164,0.002197102335766413,0.2905784670449155,1.017620869231224,-1.5757856209993362,-0.2763151159377264,0.14198439484219927,-0.21213204,0.21213204,4
461,1.017620869231224,-1.5757856209993362,-0.2763151159377264,0.14198439484219927,1.251743695139885,-1.5482501598596572,0.25680004228917863,0.0011463414000651272,0.3,0.0,3
462,1.251743695139885,-1.5482501598596572,0.25680004228917863,0.0011463414000651272,1.3136748305082322,-1.7901114276170733,0.01547884744197554,-0.2917193214399114,0.0,-0.3,1
463,1.3136748305082322,-1.7901114276170733,0.01547884744197554,-0.2917193214399114,1.3161418866872787,-1.8244430653095245,0.00027944162612807133,0.00023726995520645638,0.0,0.0,0
464,1.3161418866872787,-1.8244430653095245,0.00027944162612807133,0.00023726995520645638,1.06643028588295,-1.7009108404397963,-0.28734339492920186,0.13417537754461767,-0.21213204,0.21213204,4
465,1.06643028588295,-1.7009108404397963,-0.28734339492920186,0.13417537754461767,1.031645687365532,-1.433208429312706,0.005558500213859264,0.2989823412057061,0.0,0.3,5
466,1.031645687365532,-1.433208429312706,0.005558500213859264,0.2989823412057061,0.8249392224907877,-1.5450587849617003,-0.2665456406969315,-0.13820436357983035,-0.21213204,-0.21213204,2
467,0.8249392224907877,-1.5450587849617003,-0.2665456406969315,-0.13820436357983035,0.5314509011387825,-1.563074600315094,-0.2982001615660748,-0.01085745389570473,-0.3,0.0,7
468,0.5314509011387825,-1.563074600315094,-0.2982001615660748,-0.01085745389570473,0.48728734757900244,-1.5640575017452238,0.0012099271287952722,0.0007535602856924702,0.0,0.0,0
469,0.48728734757900244,-1.5640575017452238,0.0012099271287952722,0.0007535602856924702,0.7307012493729591,-1.7111526998758317,0.26506394746041795,-0.1590109764418807,0.21213204,-0.21213204,8
470,0.7307012493729591,-1.7111526998758317,0.26506394746041795,-0.1590109764418807,0.4991771580159664,-1.729867026901245,-0.23015794849591423,-0.007527178004130107,-0.3,0.0,7
471,0.4991771580159664,-1.729867026901245,-0.23015794849591423,-0.007527178004130107,0.4494819428026676,-1.9885795964956283,0.0005545506169542852,-0.2932533964437076,0.0,-0.3,1
472,0.4494819428026676,-1.9885795964956283,0.0005545506169542852,-0.2932533964437076,0.4439306428730488,-1.7808853685855865,-0.016965739701256068,0.3035192234956783,0.0,0.3,5
473,0.4439306428730488,-1.7808853685855865,-0.016965739701256068,0.3035192234956783,0.23339530563354494,-1.8786979012250902,-0.27062992121543694,-0.14718995857927314,-0.21213204,-0.21213204,2
474,0.23339530563354494,-1.8786979012250902,-0.27062992121543694,-0.14718995857927314,-0.05663492761999369,-1.8873697142601014,-0.28740503525279,0.01149221568868751,-0.3,0.0,7
475,-0.05663492761999369,-1.8873697142601014,-0.28740503525279,0.01149221568868751,0.12699958396553995,-1.7446245759963994,0.2768835952346194,0.16612451147901675,0.21213204,0.21213204,6
476,0.12699958396553995,-1.7446245759963994,0.2768835952346194,0.16612451147901675,-0.05797288447245956,-1.8296005331754683,-0.28142754064511266,-0.12415608831992546,-0.21213204,-0.21213204,2
477,-0.05797288447245956,-1.8296005331754683,-0.28142754064511266,-0.12415608831992546,-0.32762072164416317,-1.6930438700199129,-0.23915025859598799,0.16618672251235173,-0.21213204,0.21213204,4
478,-0.32762072164416317,-1.6930438700199129,-0.23915025859598799,0.16618672251235173,-0.3722438452839852,-1.9164109886884693,-0.007343974274452618,-0.2813837729793728,0.0,-0.3,1
479,-0.3722438452839852,-1.9164109886884693,-0.007343974274452618,-0.2813837729793728,-0.6372628527045251,-1.9503375097036364,-0.27066868724982074,-0.0029100681716779167,-0.3,0.0,7
480,-0.6372628527045251,-1.9503375097036364,-0.27066868724982074,-0.0029100681716779167,-0.9330571462988855,-1.953053797841072,-0.30323528722331183,-0.003325184699339496,-0.3,0.0,7
481,-0.9330571462988855,-1.953053797841072,-0.30323528722331183,-0.003325184699339496,-0.9712206277370453,-1.71483897895813,0.004818165670913789,0.27469332028469207,0.0,0.3,5
482,-0.9712206277370453,-1.71483897895813,0.004818165670913789,0.27469332028469207,-0.7379174158930779,-1.8107653992652895,0.2848012109407095,-0.16501157735408137,0.21213204,-0.21213204,8
483,-0.7379174158930779,-1.8107653992652895,0.2848012109407095,-0.16501157735408137,-0.4760989434182645,-1.6849735055446626,0.24749191137288654,0.15666036904518246,0.21213204,0.21213204,6
484,-0.4760989434182645,-1.6849735055446626,0.24749191137288654,0.15666036904518246,-0.7121414123773575,-1.665542426800728,-0.250976810000131,-0.007502967486373415,-0.3,0.0,7
485,-0.7121414123773575,-1.665542426800728,-0.250976810000131,-0.007502967486373415,-0.48878461514115334,-1.6704654673814776,0.2107581001875268,-0.009363579047556176,0.3,0.0,3
486,-0.48878461514115334,-1.6704654673814776,0.2107581001875268,-0.009363579047556176,-0.6744285211324693,-1.550992887187004,-0.29034305027749213,0.13677565160259114,-0.21213204,0.21213204,4
487,-0.6744285211324693,-1.550992887187004,-0.29034305027749213,0.13677565160259114,-0.7258714673042298,-1.794809390282631,-0.0025859061515746727,-0.3039029767543414,0.0,-0.3,1
488,-0.7258714673042298,-1.794809390282631,-0.0025859061515746727,-0.3039029767543414,-0.46322286216616626,-1.8342300019025803,0.26955038793333724,-0.0028034980025052453,0.3,0.0,3
489,-0.46322286216616626,-1.8342300019025803,0.26955038793333724,-0.0028034980025052453,-0.1652396866440773,-1.8298557300090792,0.29723791189850285,0.01415910818769312,0.3,0.0,3
490,-0.1652396866440773,-1.8298557300090792,0.29723791189850285,0.01415910818769312,-0.39757702659368516,-1.8259919678211214,-0.25035948887046183,0.0029246359293858075,-0.3,0.0,7
491,-0.39757702659368516,-1.8259919678211214,-0.25035948887046183,0.0029246359293858075,-0.46134348284602167,-1.588554447937012,-0.010305443310721222,0.29322567327847854,0.0,0.3,5
492,-0.46134348284602167,-1.588554447937012,-0.010305443310721222,0.29322567327847854,-0.6757896623969079,-1.7111701110124589,-0.2644664488844536,-0.1616427907200859,-0.21213204,-0.21213204,2
493,-0.6757896623969079,-1.7111701110124589,-0.2644664488844536,-0.1616427907200859,-0.7105374891400338,-1.9917915680646896,0.007227361895879458,-0.2767806529221412,0.0,-0.3,1
494,-0.7105374891400338,-1.9917915680646896,0.007227361895879458,-0.2767806529221412,-0.7083963285803795,-2.025030373239517,-0.0008094216771501148,4.083795949734315e-05,0.0,0.0,0
495,-0.7083963285803795,-2.025030373239517,-0.0008094216771501148,4.083795949734315e-05,-0.7084082062840461,-2.0250283202171326,-7.336595059504608e-05,8.549804971765771e-05,0.0,0.0,0
496,-0.7084082062840461,-2.0250283202171326,-7.336595059504608e-05,8.549804971765771e-05,-0.708426933670044,-2.0250283699989318,0.00021059806084780996,-8.889961540004423e-05,0.0,0.0,0
497,-0.708426933670044,-2.0250283699989318,0.00021059806084780996,-8.889961540004423e-05,-0.9494359209179879,-1.9002684851646423,-0.2760908570665857,0.1314498278191735,-0.21213204,0.21213204,4
498,-0.9494359209179879,-1.9002684851646423,-0.2760908570665857,0.1314498278191735,-0.7642763517022133,-1.7530604870319368,0.269495721194159,0.1338029462827847,0.21213204,0.21213204,6
499,-0.7642763517022133,-1.7530604870319368,0.269495721194159,0.1338029462827847,-0.7161750610947608,-1.995387662124634,0.0031740167004825435,-0.2860585084784974,0.0,-0.3,1
500,-0.7161750610947608,-1.995387662124634,0.0031740167004825435,-0.2860585084784974,-0.938121955394745,-1.902876412343979,-0.27409225295594203,0.13002035302990547,-0.21213204,0.21213204,4
501,-0.938121955394745,-1.902876412343979,-0.27409225295594203,0.13002035302990547,-0.9759887265443803,-1.889343389058113,0.0005324139605823177,-0.0010883001561356282,0.0,0.0,0
502,-0.9759887265443803,-1.889343389058113,0.0005324139605823177,-0.0010883001561356282,-0.9725719197511674,-1.64087492954731,0.0052126015972906795,0.2808071406388422,0.0,0.3,5
503,-0.9725719197511674,-1.64087492954731,0.0052126015972906795,0.2808071406388422,-0.7449147786140442,-1.46699479367733,0.2774428591474147,0.14571335561765797,0.21213204,0.21213204,6
504,-0.7449147786140442,-1.46699479367733,0.2774428591474147,0.14571335561765797,-0.4682491286993027,-1.31303488509655,0.2849271872281204,0.14969722231570978,0.21213204,0.21213204,6
505,-0.4682491286993027,-1.31303488509655,0.2849271872281204,0.14969722231570978,-0.42448464142084125,-1.0473557322502136,0.002897831481905423,0.287551565384359,0.0,0.3,5
506,-0.42448464142084125,-1.0473557322502136,0.002897831481905423,0.287551565384359,-0.155636186504364,-1.0113118854761123,0.2672411078627513,0.005187421179230281,0.3,0.0,3
507,-0.155636186504364,-1.0113118854761123,0.2672411078627513,0.005187421179230281,0.14462329996228218,-1.0077941040039065,0.3097768853341202,0.003441397348585517,0.3,0.0,3
508,0.14462329996228218,-1.0077941040039065,0.3097768853341202,0.003441397348585517,-0.04661072700992227,-0.8784232908248901,-0.280310462977575,0.14701718095491473,-0.21213204,0.21213204,4
509,-0.04661072700992227,-0.8784232908248901,-0.280310462977575,0.14701718095491473,-0.32370903217792507,-0.7326105856180193,-0.27625369253733995,0.1439652040692333,-0.21213204,0.21213204,4
510,-0.32370903217792507,-0.7326105856180193,-0.27625369253733995,0.1439652040692333,-0.1405725383937359,-0.844050002849102,0.2781708986405429,-0.14141401880996587,0.21213204,-0.21213204,8
511,-0.1405725383937359,-0.844050002849102,0.2781708986405429,-0.14141401880996587,0.12437130276560784,-0.7081128978848458,0.2874928958250542,0.15480786959781045,0.21213204,0.21213204,6
512,0.12437130276560784,-0.7081128978848458,0.2874928958250542,0.15480786959781045,0.40347845683693884,-0.5535038738012314,0.284868615360823,0.15489353417879298,0.21213204,0.21213204,6
513,0.40347845683693884,-0.5535038738012314,0.284868615360823,0.15489353417879298,0.44129021760225295,-0.5399367470622063,-0.0005320642855679643,-0.0003127244729850969,0.0,0.0,0
514,0.44129021760225295,-0.5399367470622063,-0.0005320642855679643,-0.0003127244729850969,0.6806698515176773,-0.4090109917104245,0.27378881012697237,0.14810629456898988,0.21213204,0.21213204,6
515,0.6806698515176773,-0.4090109917104245,0.27378881012697237,0.14810629456898988,0.721748994588852,-0.133420673841238,0.008543083703942992,0.30991126246093526,0.0,0.3,5
516,0.721748994588852,-0.133420673841238,0.008543083703942992,0.30991126246093526,0.49383197168111803,0.05061064627170563,-0.27308228766126175,0.1481660779289247,-0.21213204,0.21213204,4
517,0.49383197168111803,0.05061064627170563,-0.27308228766126175,0.1481660779289247,0.7292584476470948,0.07834500742405653,0.25681455416447163,0.008840586115691891,0.3,0.0,3
518,0.7292584476470948,0.07834500742405653,0.25681455416447163,0.008840586115691891,0.5072144948720932,0.0828748489677906,-0.24936666376723512,0.00218789614324553,-0.3,0.0,7
519,0.5072144948720932,0.0828748489677906,-0.24936666376723512,0.00218789614324553,0.46205832703709604,0.08339368369579317,0.0027044416530088143,0.0014114189888222361,0.0,0.0,0
520,0.46205832703709604,0.08339368369579317,0.0027044416530088143,0.0014114189888222361,0.4619293067097664,0.08335516874194146,-0.0016726529665632428,-0.00011568289831552709,0.0,0.0,0
521,0.4619293067097664,0.08335516874194146,-0.0016726529665632428,-0.00011568289831552709,0.7396619170069695,0.08649857258647681,0.28187380713918364,0.0010620516538876299,0.3,0.0,3
522,0.7396619170069695,0.08649857258647681,0.28187380713918364,0.0010620516538876299,1.0211210305929184,-0.04543539794161916,0.2906757506728184,-0.12086432092545202,0.21213204,-0.21213204,8
523,1.0211210305929184,-0.04543539794161916,0.2906757506728184,-0.12086432092545202,1.3073475748300551,-0.16343809063732626,0.2674757236483749,-0.11785176954836521,0.21213204,-0.21213204,8
524,1.3073475748300551,-0.16343809063732626,0.2674757236483749,-0.11785176954836521,1.0739895343065262,-0.17742270812690258,-0.26370985096291766,0.0017890045151996866,-0.3,0.0,7
525,1.0739895343065262,-0.17742270812690258,-0.26370985096291766,0.0017890045151996866,1.0196837498664857,0.0709399754717946,-0.00015471673596090875,0.30699694557652324,0.0,0.3,5
526,1.0196837498664857,0.0709399754717946,-0.00015471673596090875,0.30699694557652324,0.7561161898612976,0.10846874129772188,-0.2798243861986086,0.0024814758502642352,-0.3,0.0,7
527,0.7561161898612976,0.10846874129772188,-0.2798243861986086,0.0024814758502642352,0.7182154152870178,0.3737932448625565,0.013418515547025821,0.3246048345438816,0.0,0.3,5
528,0.7182154152870178,0.3737932448625565,0.013418515547025821,0.3246048345438816,0.9345682686328888,0.2939531345605851,0.28154312840378926,-0.13176187112703744,0.21213204,-0.21213204,8
529,0.9345682686328888,0.2939531345605851,0.28154312840378926,-0.13176187112703744,1.1985234218358993,0.4237923587620258,0.2693235464613606,0.1567889340537652,0.21213204,0.21213204,6
530,1.1985234218358993,0.4237923587620258,0.2693235464613606,0.1567889340537652,1.4683556775093078,0.3138581935405731,0.2957672035492083,-0.13907243538474623,0.21213204,-0.21213204,8
531,1.4683556775093078,0.3138581935405731,0.2957672035492083,-0.13907243538474623,1.73471786005497,0.45461794433593755,0.29277652763194323,0.14629876937100864,0.21213204,0.21213204,6
532,1.73471786005497,0.45461794433593755,0.29277652763194323,0.14629876937100864,1.8007685937881472,0.23328280933201315,0.014638688028094395,-0.2747003228020765,0.0,-0.3,1
533,1.8007685937881472,0.23328280933201315,0.014638688028094395,-0.2747003228020765,1.8028378956556321,0.19659078739583494,-0.0009759392078415742,-0.0006272119233830324,0.0,0.0,0
534,1.8028378956556321,0.19659078739583494,-0.0009759392078415742,-0.0006272119233830324,1.8096368529319764,0.4640755329132081,0.00967191718114794,0.28432059401609655,0.0,0.3,5
535,1.8096368529319764,0.4640755329132081,0.00967191718114794,0.28432059401609655,2.0789470161914827,0.5033446651816368,0.26672165911971774,0.001985832478969611,0.3,0.0,3
536,2.0789470161914827,0.5033446651816368,0.26672165911971774,0.001985832478969611,2.118850864124298,0.5041891083955765,0.0026292429021334855,0.0014098911113357556,0.0,0.0,0
537,2.118850864124298,0.5041891083955765,0.0026292429021334855,0.0014098911113357556,1.8739935478925709,0.38285662673115733,-0.26093794077132176,-0.14185553494449654,-0.21213204,-0.21213204,2
538,1.8739935478925709,0.38285662673115733,-0.26093794077132176,-0.14185553494449654,2.1125052983283994,0.3622668571770191,0.24621853746364553,0.004436480380364779,0.3,0.0,3
539,2.1125052983283994,0.3622668571770191,0.24621853746364553,0.004436480380364779,2.166870679330826,0.13225796575546267,0.020645599237507604,-0.304373275279433,0.0,-0.3,1
540,2.166870679330826,0.13225796575546267,0.020645599237507604,-0.304373275279433,2.145829669523239,0.3222888575553894,-0.0170272532414942,0.3251864855121353,0.0,0.3,5
541,2.145829669523239,0.3222888575553894,-0.0170272532414942,0.3251864855121353,2.150765527200699,0.6166042090177537,0.006236972717077248,0.30159276202908486,0.0,0.3,5
542,2.150765527200699,0.6166042090177537,0.006236972717077248,0.30159276202908486,1.9312323859453202,0.528676865375042,-0.2586546414366142,-0.13227156229010295,-0.21213204,-0.21213204,2
543,1.9312323859453202,0.528676865375042,-0.2586546414366142,-0.13227156229010295,1.9194034857511522,0.2678086648762226,0.031798377629469625,-0.280762820960448,0.0,-0.3,1
544,1.9194034857511522,0.2678086648762226,0.031798377629469625,-0.280762820960448,1.6613521789073946,0.2348938777446747,-0.24870021239302303,0.00040648770910837843,-0.3,0.0,7
545,1.6613521789073946,0.2348938777446747,-0.24870021239302303,0.00040648770910837843,1.386266281747818,0.3811638921439648,-0.28343204678230277,0.1469007875355496,-0.21213204,0.21213204,4
546,1.386266281747818,0.3811638921439648,-0.28343204678230277,0.1469007875355496,1.5667706363916398,0.5272372038364411,0.2761513578460061,0.1498423098126794,0.21213204,0.21213204,6
547,1.5667706363916398,0.5272372038364411,0.2761513578460061,0.1498423098126794,1.8424898607015612,0.6692960545301438,0.2742101829018465,0.14013741160593476,0.21213204,0.21213204,6
548,1.8424898607015612,0.6692960545301438,0.2742101829018465,0.14013741160593476,1.8788731075048446,0.9435309567928315,0.017168381712157333,0.3002375540247019,0.0,0.3,5
549,1.8788731075048446,0.9435309567928315,0.017168381712157333,0.3002375540247019,1.6707991658210755,0.8514511205196381,-0.25892457172957634,-0.1304358185151045,-0.21213204,-0.21213204,2
550,1.6707991658210755,0.8514511205196381,-0.25892457172957634,-0.1304358185151045,1.6227378394126895,1.0828712883234026,0.006480140490033118,0.28811542484431174,0.0,0.3,5
551,1.6227378394126895,1.0828712883234026,0.006480140490033118,0.28811542484431174,1.6424933884859083,0.873061207652092,0.016618900475604038,-0.3012098064747952,0.0,-0.3,1
552,1.6424933884859083,0.873061207652092,0.016618900475604038,-0.3012098064747952,1.6429285949945451,0.8382529119968414,0.0023830351109856464,0.001979406222586994,0.0,0.0,0
553,1.6429285949945451,0.8382529119968414,0.0023830351109856464,0.001979406222586994,1.366243251514435,0.8383703406214713,-0.2924919596616097,0.0006502393800792068,-0.3,0.0,7
554,1.366243251514435,0.8383703406214713,-0.2924919596616097,0.0006502393800792068,1.5478233999967577,0.7109562837243081,0.2907123040799636,-0.13934437637753794,0.21213204,-0.21213204,8
555,1.5478233999967577,0.7109562837243081,0.2907123040799636,-0.13934437637753794,1.845995571947098,0.7008919323801994,0.2868624626163493,0.0025371802449104092,0.3,0.0,3
556,1.845995571947098,0.7008919323801994,0.2868624626163493,0.0025371802449104092,1.65054147439003,0.8221819695949554,-0.2926871543545646,0.14003556572363995,-0.21213204,0.21213204,4
557,1.65054147439003,0.8221819695949554,-0.2926871543545646,0.14003556572363995,1.3654080824136736,0.9591895252108575,-0.2793139311572355,0.1359211763030207,-0.21213204,0.21213204,4
558,1.3654080824136736,0.9591895252108575,-0.2793139311572355,0.1359211763030207,1.1000351084709168,0.8207011440753937,-0.25960493990618766,-0.14608247953134304,-0.21213204,-0.21213204,2
559,1.1000351084709168,0.8207011440753937,-0.25960493990618766,-0.14608247953134304,0.8044634297847748,0.8008868268847467,-0.2940565220541007,-0.0031172938610323233,-0.3,0.0,7
560,0.8044634297847748,0.8008868268847467,-0.2940565220541007,-0.0031172938610323233,0.7627239634037019,0.5526882375717164,0.01061454949032817,-0.29531870701276924,0.0,-0.3,1
561,0.7627239634037019,0.5526882375717164,0.01061454949032817,-0.29531870701276924,1.0007090871930122,0.3899529882192612,0.2796612146115541,-0.12817310525487866,0.21213204,-0.21213204,8
562,1.0007090871930122,0.3899529882192612,0.2796612146115541,-0.12817310525487866,1.0483945236206056,0.14652068565785886,0.004387633615682992,-0.2514052385782701,0.0,-0.3,1
563,1.0483945236206056,0.14652068565785886,0.004387633615682992,-0.2514052385782701,1.2875464878797533,0.0006007195424987005,0.2856744728743634,-0.11611047118822582,0.21213204,-0.21213204,8
564,1.2875464878797533,0.0006007195424987005,0.2856744728743634,-0.11611047118822582,1.5876933103084565,-0.003666806340357289,0.32614252323536813,0.00366297617346174,0.3,0.0,3
565,1.5876933103084565,-0.003666806340357289,0.32614252323536813,0.00366297617346174,1.3615536447525025,5.393269383348525e-05,-0.24295096572799801,0.005200043808405137,-0.3,0.0,7
566,1.3615536447525025,5.393269383348525e-05,-0.24295096572799801,0.005200043808405137,1.0630713695049288,0.005229666187614203,-0.2802621176882285,0.00279235635776588,-0.3,0.0,7
567,1.0630713695049288,0.005229666187614203,-0.2802621176882285,0.00279235635776588,1.0154818612098695,0.25793183506131173,-0.0011042993660209954,0.2894650896719364,0.0,0.3,5
568,1.0154818612098695,0.25793183506131173,-0.0011042993660209954,0.2894650896719364,1.0210831514596939,0.07005820745825768,-0.0060094308832629615,-0.2532739440304579,0.0,-0.3,1
569,1.0210831514596939,0.07005820745825768,-0.0060094308832629615,-0.2532739440304579,1.2856127664566042,0.04893252052962781,0.2683025560783461,0.006037052969763622,0.3,0.0,3
570,1.2856127664566042,0.04893252052962781,0.2683025560783461,0.006037052969763622,1.0958135521888734,0.1797898277103901,-0.2748714939112033,0.15556759103047205,-0.21213204,0.21213204,4
571,1.0958135521888734,0.1797898277103901,-0.2748714939112033,0.15556759103047205,1.0540913980484008,-0.018934520236775276,0.0035769548184409563,-0.25592632805182847,0.0,-0.3,1
572,1.0540913980484008,-0.018934520236775276,0.0035769548184409563,-0.25592632805182847,1.2827225011825563,0.08527151957154275,0.2650308271528679,0.15676137542221408,0.21213204,0.21213204,6
573,1.2827225011825563,0.08527151957154275,0.2650308271528679,0.15676137542221408,1.3164603703022004,0.10089590354263783,-0.00012279792455124734,-0.00011786451572227204,0.0,0.0,0
574,1.3164603703022004,0.10089590354263783,-0.00012279792455124734,-0.00011786451572227204,1.3164433248996736,0.10089811397492886,-0.00039756942783976585,0.0003293913209418939,0.0,0.0,0
575,1.3164433248996736,0.10089811397492886,-0.00039756942783976585,0.0003293913209418939,1.3169154132127763,-0.12315531064718963,0.006961920074914044,-0.25489555253271906,0.0,-0.3,1
576,1.3169154132127763,-0.12315531064718963,0.006961920074914044,-0.25489555253271906,1.3097379722833635,0.11156793186068535,0.005351452226710721,0.3045266273010515,0.0,0.3,5
577,1.3097379722833635,0.11156793186068535,0.005351452226710721,0.3045266273010515,1.311407373070717,0.1508891125947237,0.0005342917357569925,0.0005104391244163446,0.0,0.0,0
578,1.311407373070717,0.1508891125947237,0.0005342917357569925,0.0005104391244163446,1.305992007303238,0.41999479358196257,0.001797454118207939,0.29391891211262405,0.0,0.3,5
579,1.305992007303238,0.41999479358196257,0.001797454118207939,0.29391891211262405,1.0684963070392608,0.5990906457185745,-0.30480277213248325,0.14674163626356646,-0.21213204,0.21213204,4
580,1.0684963070392608,0.5990906457185745,-0.30480277213248325,0.14674163626356646,1.0251806211709977,0.3794376406013966,0.008838425027995273,-0.29728731498022953,0.0,-0.3,1
581,1.0251806211709977,0.3794376406013966,0.008838425027995273,-0.29728731498022953,1.2939324372529986,0.3525115888476372,0.29199316115625135,0.007428382533530486,0.3,0.0,3
582,1.2939324372529986,0.3525115888476372,0.29199316115625135,0.007428382533530486,1.337869835114479,0.35361573013663294,-0.0013017288597834105,-0.0018579147528041138,0.0,0.0,0
583,1.337869835114479,0.35361573013663294,-0.0013017288597834105,-0.0018579147528041138,1.0872707148075105,0.48693220941424376,-0.28643615539415385,0.14325101557480066,-0.21213204,0.21213204,4
584,1.0872707148075105,0.48693220941424376,-0.28643615539415385,0.14325101557480066,0.8076044631242753,0.6311796681523323,-0.2915609501557066,0.14951508735465843,-0.21213204,0.21213204,4
585,0.8076044631242753,0.6311796681523323,-0.2915609501557066,0.14951508735465843,0.9895153432726861,0.7808894465088845,0.291270593043307,0.13443954466459626,0.21213204,0.21213204,6
586,0.9895153432726861,0.7808894465088845,0.291270593043307,0.13443954466459626,0.8001800682663918,0.6712261360764504,-0.2782240686619845,-0.15294971885745176,-0.21213204,-0.21213204,2
587,0.8001800682663918,0.6712261360764504,-0.2782240686619845,-0.15294971885745176,1.0333051450252533,0.6502557144641877,0.2587003590951551,0.00032331531963230155,0.3,0.0,3
588,1.0333051450252533,0.6502557144641877,0.2587003590951551,0.00032331531963230155,1.0836794226169588,0.4132892857074738,-0.0002700910785871384,-0.24562179921019536,0.0,-0.3,1
589,1.0836794226169588,0.4132892857074738,-0.0002700910785871384,-0.24562179921019536,0.851322646200657,0.5206330609560013,-0.26805603775813325,0.14411864077094366,-0.21213204,0.21213204,4
590,0.851322646200657,0.5206330609560013,-0.26805603775813325,0.14411864077094366,1.0432277096033098,0.42794984381198886,0.2776193483738854,-0.11352966218734434,0.21213204,-0.21213204,8
591,1.0432277096033098,0.42794984381198886,0.2776193483738854,-0.11352966218734434,1.3262475212812423,0.29543005141019824,0.27447028077747787,-0.12108714390421906,0.21213204,-0.21213204,8
592,1.3262475212812423,0.29543005141019824,0.27447028077747787,-0.12108714390421906,1.0936925966978075,0.2779374511897564,-0.2479249567780391,-0.004518404446152492,-0.3,0.0,7
593,1.0936925966978075,0.2779374511897564,-0.2479249567780391,-0.004518404446152492,1.2820268827676775,0.17482546317577366,0.2684774674723039,-0.11054229500577381,0.21213204,-0.21213204,8
594,1.2820268827676775,0.17482546317577366,0.2684774674723039,-0.11054229500577381,1.325549712061882,0.42234994255304337,-0.004421640319622125,0.30783317572541546,0.0,0.3,5
595,1.325549712061882,0.42234994255304337,-0.004421640319622125,0.30783317572541546,1.589271800518036,0.4631968034982682,0.2618001065609602,0.006971094417775427,0.3,0.0,3
596,1.589271800518036,0.4631968034982682,0.2618001065609602,0.006971094417775427,1.651113248229027,0.22280750495791438,0.007553811638959311,-0.28512796312083744,0.0,-0.3,1
597,1.651113248229027,0.22280750495791438,0.007553811638959311,-0.28512796312083744,1.647929200100899,0.43347829968333246,0.003586720703133546,0.2922923745071742,0.0,0.3,5
598,1.647929200100899,0.43347829968333246,0.003586720703133546,0.2922923745071742,1.3841071158170704,0.46813870228528975,-0.2721106410613885,0.000586351854761753,-0.3,0.0,7
599,1.3841071158170704,0.46813870228528975,-0.2721106410613885,0.000586351854761753,1.5616641882181168,0.5938378069758415,0.260835655977965,0.1589565803388297,0.21213204,0.21213204,6
600,1.5616641882181168,0.5938378069758415,0.260835655977965,0.1589565803388297,1.5941952363967897,0.8613431466221809,-0.00427046262379341,0.27936202471682353,0.0,0.3,5
601,1.5941952363967897,0.8613431466221809,-0.00427046262379341,0.27936202471682353,1.8180293280601503,1.0513045776844026,0.26781209831361896,0.17090500532641825,0.21213204,0.21213204,6
602,1.8180293280601503,1.0513045776844026,0.26781209831361896,0.17090500532641825,2.0918546766757964,0.9304944590806962,0.30388505364279034,-0.1475635913712193,0.21213204,-0.21213204,8
603,2.0918546766757964,0.9304944590806962,0.30388505364279034,-0.1475635913712193,2.136200421333313,1.153905804347992,-0.0014869642977955492,0.27585454604549486,0.0,0.3,5
604,2.136200421333313,1.153905804347992,-0.0014869642977955492,0.27585454604549486,1.8741350204229357,1.1861097672224046,-0.2543838866236733,0.0019365101472757853,-0.3,0.0,7
605,1.8741350204229357,1.1861097672224046,-0.2543838866236733,0.0019365101472757853,1.607108062362671,1.3248360723972321,-0.2818391933224405,0.15655184861450183,-0.21213204,0.21213204,4
606,1.607108062362671,1.3248360723972321,-0.2818391933224405,0.15655184861450183,1.5705606508493424,1.0871048376321792,0.01359850362028872,-0.3156723243768389,0.0,-0.3,1
607,1.5705606508493424,1.0871048376321792,0.01359850362028872,-0.3156723243768389,1.3090714400291446,1.0514041030406953,-0.2723842522367356,-0.009546719721930948,-0.3,0.0,7
608,1.3090714400291446,1.0514041030406953,-0.2723842522367356,-0.009546719721930948,1.259669405221939,0.7905265185832977,-0.006492358122619548,-0.31486402613313075,0.0,-0.3,1
609,1.259669405221939,0.7905265185832977,-0.006492358122619548,-0.31486402613313075,1.259221879339218,0.7553065240621567,-0.0004170087912423125,-0.003217693782940446,0.0,0.0,0
610,1.259221879339218,0.7553065240621567,-0.0004170087912423125,-0.003217693782940446,1.0105649056196213,0.8757147440314292,-0.28177245725319433,0.13048652730560018,-0.21213204,0.21213204,4
611,1.0105649056196213,0.8757147440314292,-0.28177245725319433,0.13048652730560018,0.988302563071251,1.119152247095108,0.008385755702526665,0.2654666639481667,0.0,0.3,5
612,0.988302563071251,1.119152247095108,0.008385755702526665,0.2654666639481667,1.2242507966279983,1.0046631829023362,0.2838378785011222,-0.14960873621531073,0.21213204,-0.21213204,8
613,1.2242507966279983,1.0046631829023362,0.2838378785011222,-0.14960873621531073,0.9919030759692192,0.9757391090631485,-0.25370619035937614,-0.00961163147840857,-0.3,0.0,7
614,0.9919030759692192,0.9757391090631485,-0.25370619035937614,-0.00961163147840857,0.71843643065691,0.8185030995726585,-0.27959327182900995,-0.1678022601631864,-0.21213204,-0.21213204,2
615,0.71843643065691,0.8185030995726585,-0.27959327182900995,-0.1678022601631864,0.6796042683124544,0.8021736665248871,0.00444422190019309,-0.003059350779096778,0.0,0.0,0
616,0.6796042683124544,0.8021736665248871,0.00444422190019309,-0.003059350779096778,0.40644639312624936,0.7971648026227951,-0.2741918073492693,-0.003912327490012076,-0.3,0.0,7
617,0.40644639312624936,0.7971648026227951,-0.2741918073492693,-0.003912327490012076,0.11314551920145752,0.7956226052880288,-0.29676780847567924,-0.004388032284746447,-0.3,0.0,7
618,0.11314551920145752,0.7956226052880288,-0.29676780847567924,-0.004388032284746447,-0.13985525768995283,0.6575267039060593,-0.27174980257197556,-0.131532227233653,-0.21213204,-0.21213204,2
619,-0.13985525768995283,0.6575267039060593,-0.27174980257197556,-0.131532227233653,-0.16484604662656785,0.40667174744009976,0.0095398017103253,-0.2774521141635828,0.0,-0.3,1
620,-0.16484604662656785,0.40667174744009976,0.0095398017103253,-0.2774521141635828,-0.1646072662293911,0.37233292051553724,-0.0006107000146616116,0.0006109626195767481,0.0,0.0,0
621,-0.1646072662293911,0.37233292051553724,-0.0006107000146616116,0.0006109626195767481,-0.4376600550413131,0.3731335949718953,-0.2857500332614033,-0.0028149188665228956,-0.3,0.0,7
622,-0.4376600550413131,0.3731335949718953,-0.2857500332614033,-0.0028149188665228956,-0.21181855556666854,0.3745455605506897,0.2391282303274135,0.0020278046889176016,0.3,0.0,3
623,-0.21181855556666854,0.3745455605506897,0.2391282303274135,0.0020278046889176016,-0.3979497100293637,0.2496519636452198,-0.26593263408512535,-0.15422246117484498,-0.21213204,-0.21213204,2
624,-0.3979497100293637,0.2496519636452198,-0.26593263408512535,-0.15422246117484498,-0.42162880635857586,-0.017553767405450345,0.010929974304428516,-0.2835576064277841,0.0,-0.3,1
625,-0.42162880635857586,-0.017553767405450345,0.010929974304428516,-0.2835576064277841,-0.3998103500485421,-0.3153005850791931,0.03820884759422879,-0.2824877466189921,0.0,-0.3,1
626,-0.3998103500485421,-0.3153005850791931,0.03820884759422879,-0.2824877466189921,-0.17341960197389125,-0.20972410959303378,0.2799978863362067,0.14853690571718786,0.21213204,0.21213204,6
627,-0.17341960197389125,-0.20972410959303378,0.2799978863362067,0.14853690571718786,0.08894425072520973,-0.3424164144814014,0.283155986928805,-0.130167266384191,0.21213204,-0.21213204,8
628,0.08894425072520973,-0.3424164144814014,0.283155986928805,-0.130167266384191,-0.13805311881899834,-0.3640240842461586,-0.25253166180298203,0.00362488189116424,-0.3,0.0,7
629,-0.13805311881899834,-0.3640240842461586,-0.25253166180298203,0.00362488189116424,0.03912411612570286,-0.23134990882575515,0.28849714462358267,0.1571795874257108,0.21213204,0.21213204,6
630,0.03912411612570286,-0.23134990882575515,0.28849714462358267,0.1571795874257108,-0.19255834942460062,-0.21143707714676857,-0.24912811544475605,-0.004268886329318339,-0.3,0.0,7
631,-0.19255834942460062,-0.21143707714676857,-0.24912811544475605,-0.004268886329318339,-0.23820447897017002,-0.21145611287355423,-5.167671953225403e-05,-0.0005753721360832558,0.0,0.0,0
632,-0.23820447897017002,-0.21145611287355423,-5.167671953225403e-05,-0.0005753721360832558,-0.48161890833973886,-0.07814036120623351,-0.28348557653738143,0.16223332098708587,-0.21213204,0.21213204,4
633,-0.48161890833973886,-0.07814036120623351,-0.28348557653738143,0.16223332098708587,-0.7777969818234444,-0.06730147354751825,-0.30406903946782343,-0.0006074020488426731,-0.3,0.0,7
634,-0.7777969818234444,-0.06730147354751825,-0.30406903946782343,-0.0006074020488426731,-0.8345639117479325,0.18037088269591334,-0.0010463957881855725,0.3005800957185679,0.0,0.3,5
635,-0.8345639117479325,0.18037088269591334,-0.0010463957881855725,0.3005800957185679,-0.5676434654116631,0.22180724718868733,0.2750188021680819,-0.0022206607181762626,0.3,0.0,3
636,-0.5676434654116631,0.22180724718868733,0.2750188021680819,-0.0022206607181762626,-0.7546952638745308,0.35465819138884547,-0.2862519639257092,0.1580212489019786,-0.21213204,0.21213204,4
637,-0.7546952638745308,0.35465819138884547,-0.2862519639257092,0.1580212489019786,-0.570064042043686,0.5053862064599991,0.2808892730016813,0.14761970889719658,0.21213204,0.21213204,6
638,-0.570064042043686,0.5053862064599991,0.2808892730016813,0.14761970889719658,-0.27236515393257144,0.5201660766243935,0.2997018445932012,0.004071366605543325,0.3,0.0,3
639,-0.27236515393257144,0.5201660766243935,0.2997018445932012,0.004071366605543325,-0.4597245266079903,0.6462133146882056,-0.28111170771589206,0.1501708827662776,-0.21213204,0.21213204,4
640,-0.4597245266079903,0.6462133146882056,-0.28111170771589206,0.1501708827662776,-0.22347559956610205,0.6685982431530952,0.2491596676537971,0.0059560666403752445,0.3,0.0,3
641,-0.22347559956610205,0.6685982431530952,0.2491596676537971,0.0059560666403752445,-0.45064333899021153,0.6692352111816406,-0.26197845231860406,-0.0017480194526290405,-0.3,0.0,7
642,-0.45064333899021153,0.6692352111816406,-0.26197845231860406,-0.0017480194526290405,-0.26760571658015253,0.7911151916980743,0.2950663820057514,0.16377108493657766,0.21213204,0.21213204,6
643,-0.26760571658015253,0.7911151916980743,0.2950663820057514,0.16377108493657766,-0.23076496689617634,0.8062846093297006,0.0012802595401044039,0.001170756034194427,0.0,0.0,0
644,-0.23076496689617634,0.8062846093297006,0.0012802595401044039,0.001170756034194427,-0.23310539595186713,1.0636423498153686,-0.0033359281767550973,0.2860745197736116,0.0,0.3,5
645,-0.23310539595186713,1.0636423498153686,-0.0033359281767550973,0.2860745197736116,-0.44563966494202617,0.9591442218661309,-0.27155809127028124,-0.1569426930772842,-0.21213204,-0.21213204,2
646,-0.44563966494202617,0.9591442218661309,-0.27155809127028124,-0.1569426930772842,-0.24671689196527005,0.8074290428996086,0.27193752256960935,-0.1504802102645849,0.21213204,-0.21213204,8
647,-0.24671689196527005,0.8074290428996086,0.27193752256960935,-0.1504802102645849,-0.2002783753871918,1.037103585290909,0.005007239142692481,0.2847410021479174,0.0,0.3,5
648,-0.2002783753871918,1.037103585290909,0.005007239142692481,0.2847410021479174,-0.40904569590687756,0.9392508965253831,-0.2707204461037528,-0.14561103320028485,-0.21213204,-0.21213204,2
649,-0.40904569590687756,0.9392508965253831,-0.2707204461037528,-0.14561103320028485,-0.4454457403123379,1.1653059497594833,0.018594919782135955,0.294107564183852,0.0,0.3,5
650,-0.4454457403123379,1.1653059497594833,0.018594919782135955,0.294107564183852,-0.4424169316709042,1.1991766502141952,-0.0005137742479915922,-6.52583495795943e-05,0.0,0.0,0
651,-0.4424169316709042,1.1991766502141952,-0.0005137742479915922,-6.52583495795943e-05,-0.16438037034571173,1.197916875553131,0.27089756158061046,-0.00308601870668574,0.3,0.0,3
652,-0.16438037034571173,1.197916875553131,0.27089756158061046,-0.00308601870668574,-0.11393911746442319,1.1981244850873949,0.00022054148435908852,8.521657051325878e-05,0.0,0.0,0
653,-0.11393911746442319,1.1981244850873949,0.00022054148435908852,8.521657051325878e-05,-0.1145380761831999,0.9383764184355736,0.007738223684148228,-0.292641764145947,0.0,-0.3,1
654,-0.1145380761831999,0.9383764184355736,0.007738223684148228,-0.292641764145947,0.11333358878344296,1.0412633872509005,0.28727741617307473,0.16106884832576587,0.21213204,0.21213204,6
655,0.11333358878344296,1.0412633872509005,0.28727741617307473,0.16106884832576587,0.16726390638053418,0.8173387581110001,0.01576194613123036,-0.29548282524937525,0.0,-0.3,1
656,0.16726390638053418,0.8173387581110001,0.01576194613123036,-0.29548282524937525,0.3871358486771584,0.9123296620845794,0.25825367883487726,0.13340153001324337,0.21213204,0.21213204,6
657,0.3871358486771584,0.9123296620845794,0.25825367883487726,0.13340153001324337,0.6796721331954003,0.9245047168016434,0.2968795874631496,-0.001576682865614112,0.3,0.0,3
658,0.6796721331954003,0.9245047168016434,0.2968795874631496,-0.001576682865614112,0.7306139559984208,0.6680860646367073,0.0005614918600353605,-0.29276430279887367,0.0,-0.3,1
659,0.7306139559984208,0.6680860646367073,0.0005614918600353605,-0.29276430279887367,0.5126932294249535,0.7745904294848442,-0.28863918851242265,0.13644939153612787,-0.21213204,0.21213204,4
660,0.5126932294249535,0.7745904294848442,-0.28863918851242265,0.13644939153612787,0.7468528783798218,0.7907506401181221,0.2453038186239956,0.0006531732743185038,0.3,0.0,3
661,0.7468528783798218,0.7907506401181221,0.2453038186239956,0.0006531732743185038,1.0469885061979294,0.7884067445874214,0.3091312231064169,-0.005417867713158447,0.3,0.0,3
662,1.0469885061979294,0.7884067445874214,0.3091312231064169,-0.005417867713158447,1.0911282928466797,1.0244192490577697,-0.009429564339741637,0.25743167293437524,0.0,0.3,5
663,1.0911282928466797,1.0244192490577697,-0.009429564339741637,0.25743167293437524,1.3560522356271743,1.0506303405046462,0.27188551984605186,-0.006458598586585682,0.3,0.0,3
664,1.3560522356271743,1.0506303405046462,0.27188551984605186,-0.006458598586585682,1.637277168440819,0.9038287039041519,0.2963286160159845,-0.1478372555971645,0.21213204,-0.21213204,8
665,1.637277168440819,0.9038287039041519,0.2963286160159845,-0.1478372555971645,1.9373206516742707,0.8909803100228311,0.3082867788357908,-0.006384591443190951,0.3,0.0,3
666,1.9373206516742707,0.8909803100228311,0.3082867788357908,-0.006384591443190951,1.7442983232736589,0.7749806200504303,-0.27975698894291334,-0.14087914741123148,-0.21213204,-0.21213204,2
667,1.7442983232736589,0.7749806200504303,-0.27975698894291334,-0.14087914741123148,1.4478489198207858,0.7611469580650331,-0.30321608043867476,-0.009340554894595477,-0.3,0.0,7
668,1.4478489198207858,0.7611469580650331,-0.30321608043867476,-0.009340554894595477,1.1502536172628404,0.7584682245612144,-0.30044087123987806,-0.0060993826813945115,-0.3,0.0,7
669,1.1502536172628404,0.7584682245612144,-0.30044087123987806,-0.0060993826813945115,0.8528799760580064,0.752956687116623,-0.2947668984166644,-0.013603136298578525,-0.3,0.0,7
670,0.8528799760580064,0.752956687116623,-0.2947668984166644,-0.013603136298578525,0.8122796990513802,0.7524138140678406,0.007006486008953338,-0.003573470068111095,0.0,0.0,0
671,0.8122796990513802,0.7524138140678406,0.007006486008953338,-0.003573470068111095,0.8122835736513139,0.7524239071130753,0.005303724845929874,-0.0019509461936231222,0.0,0.0,0
672,0.8122835736513139,0.7524239071130753,0.005303724845929874,-0.0019509461936231222,0.5637777960538864,0.8696450108647347,-0.2960991058641083,0.14893543860550612,-0.21213204,0.21213204,4
673,0.5637777960538864,0.8696450108647347,-0.2960991058641083,0.14893543860550612,0.7939492934584619,0.8929824297666551,0.2729004852184574,-0.0006261096612186226,0.3,0.0,3
674,0.7939492934584619,0.8929824297666551,0.2729004852184574,-0.0006261096612186226,1.0954412185430529,0.8889938170552255,0.3206668890147444,-0.009976818448307733,0.3,0.0,3
675,1.0954412185430529,0.8889938170552255,0.3206668890147444,-0.009976818448307733,1.3588588459491728,1.020875963997841,0.2704141385989003,0.12957877882538205,0.21213204,0.21213204,6
676,1.3588588459491728,1.020875963997841,0.2704141385989003,0.12957877882538205,1.6295040029764178,0.8825535205960274,0.2923310965752136,-0.14315930200228866,0.21213204,-0.21213204,8
677,1.6295040029764178,0.8825535205960274,0.2923310965752136,-0.14315930200228866,1.435658816099167,0.7420685642242432,-0.2887219667324048,-0.1512012629454548,-0.21213204,-0.21213204,2
678,1.435658816099167,0.7420685642242432,-0.2887219667324048,-0.1512012629454548,1.1623153584957124,0.8635875457525254,-0.27825522837454,0.13796354439463754,-0.21213204,0.21213204,4
679,1.1623153584957124,0.8635875457525254,-0.27825522837454,0.13796354439463754,1.3503510157823564,0.7502480142951012,0.2826614824932976,-0.14487921270050905,0.21213204,-0.21213204,8
680,1.3503510157823564,0.7502480142951012,0.2826614824932976,-0.14487921270050905,1.1562979413032533,0.6054407394170761,-0.2834748442695679,-0.1453909592326607,-0.21213204,-0.21213204,2
681,1.1562979413032533,0.6054407394170761,-0.2834748442695679,-0.1453909592326607,1.0981834075689316,0.830682998263836,-0.0032767655798919652,0.27486159031843155,0.0,0.3,5
682,1.0981834075689316,0.830682998263836,-0.0032767655798919652,0.27486159031843155,1.3272055140256882,0.9932892032623292,0.2698238333606712,0.14152300934014186,0.21213204,0.21213204,6
683,1.3272055140256882,0.9932892032623292,0.2698238333606712,0.14152300934014186,1.0948883719682696,1.0052774580717088,-0.2572527044740511,-0.015372304892539577,-0.3,0.0,7
684,1.0948883719682696,1.0052774580717088,-0.2572527044740511,-0.015372304892539577,1.0496704280614853,1.0036367722988129,0.0017150600180090665,0.0002741944748301419,0.0,0.0,0
685,1.0496704280614853,1.0036367722988129,0.0017150600180090665,0.0002741944748301419,1.0466278092622758,1.2365141410827638,-0.0025077664726431753,0.27188782520555504,0.0,0.3,5
686,1.0466278092622758,1.2365141410827638,-0.0025077664726431753,0.27188782520555504,1.2812114666223526,1.4046326509475708,0.2817843819003437,0.15017990144355822,0.21213204,0.21213204,6
687,1.2812114666223526,1.4046326509475708,0.2817843819003437,0.15017990144355822,1.0867827977657318,1.55814487054348,-0.28186219967864146,0.1544018534242075,-0.21213204,0.21213204,4
688,1.0867827977657318,1.55814487054348,-0.28186219967864146,0.1544018534242075,0.8112757211685181,1.7149407804250716,-0.26535710919413125,0.1559522901217977,-0.21213204,0.21213204,4
689,0.8112757211685181,1.7149407804250716,-0.26535710919413125,0.1559522901217977,0.5417746452450752,1.8723570174455644,-0.2687801373281013,0.15549209258965577,-0.21213204,0.21213204,4
690,0.5417746452450752,1.8723570174455644,-0.2687801373281013,0.15549209258965577,0.2721265492975712,2.0263961106300354,-0.27353452720430455,0.14746938611453497,-0.21213204,0.21213204,4
691,0.2721265492975712,2.0263961106300354,-0.27353452720430455,0.14746938611453497,0.4763868988394737,1.9102009659528736,0.285537854992394,-0.1510929303867705,0.21213204,-0.21213204,8
692,0.4763868988394737,1.9102009659528736,0.285537854992394,-0.1510929303867705,0.7786386822223663,1.901888246369362,0.30837849034523235,0.00208811964473892,0.3,0.0,3
693,0.7786386822223663,1.901888246369362,0.30837849034523235,0.00208811964473892,1.0520418533563614,1.7656199444770815,0.29133467030766313,-0.1259296708384526,0.21213204,-0.21213204,8
694,1.0520418533563614,1.7656199444770815,0.29133467030766313,-0.1259296708384526,1.0935195831537248,1.5162453176021577,0.01389884974889996,-0.273510926079124,0.0,-0.3,1
695,1.0935195831537248,1.5162453176021577,0.01389884974889996,-0.273510926079124,1.3631073065042498,1.4878095822334292,0.2688533167653117,0.0024760468213511255,0.3,0.0,3
696,1.3631073065042498,1.4878095822334292,0.2688533167653117,0.0024760468213511255,1.4056617847204207,1.4884620472669603,0.001724458423076321,0.0006144311861836689,0.0,0.0,0
697,1.4056617847204207,1.4884620472669603,0.001724458423076321,0.0006144311861836689,1.683255363082886,1.4877378113031388,0.2897212382961381,0.0023764632475931457,0.3,0.0,3
698,1.683255363082886,1.4877378113031388,0.2897212382961381,0.0023764632475931457,1.9878589563608169,1.4895510607481004,0.3299216285711005,-0.0010426119849964366,0.3,0.0,3
699,1.9878589563608169,1.4895510607481004,0.3299216285711005,-0.0010426119849964366,1.7999143622875216,1.3719009557962418,-0.2788726265234678,-0.1446330872100557,-0.21213204,-0.21213204,2
700,1.7999143622875216,1.3719009557962418,-0.2788726265234678,-0.1446330872100557,1.760539300918579,1.6054856251239777,0.013391120686648196,0.30218626230227874,0.0,0.3,5
701,1.760539300918579,1.6054856251239777,0.013391120686648196,0.30218626230227874,1.7673336473226546,1.391273509955406,0.02911366108814082,-0.28417345380819786,0.0,-0.3,1
702,1.7673336473226546,1.391273509955406,0.02911366108814082,-0.28417345380819786,1.7701676421880723,1.360476844072342,0.0012670994850199045,-0.0036076693007882073,0.0,0.0,0
703,1.7701676421880723,1.360476844072342,0.0012670994850199045,-0.0036076693007882073,1.5356440952062607,1.4963168437480927,-0.2803411078231032,0.15253312584886333,-0.21213204,0.21213204,4
704,1.5356440952062607,1.4963168437480927,-0.2803411078231032,0.15253312584886333,1.2806733021736147,1.3664653819561003,-0.27582386577203083,-0.14892699299959739,-0.21213204,-0.21213204,2
705,1.2806733021736147,1.3664653819561003,-0.27582386577203083,-0.14892699299959739,1.014597834253311,1.4951186890363695,-0.27383129411507445,0.14595301815983744,-0.21213204,0.21213204,4
706,1.014597834253311,1.4951186890363695,-0.27383129411507445,0.14595301815983744,1.2035974272489547,1.6541504183769227,0.273702564438442,0.1537355435494411,0.21213204,0.21213204,6
707,1.2035974272489547,1.6541504183769227,0.273702564438442,0.1537355435494411,1.251488709664345,1.437948221421242,-0.001196977394998276,-0.2762838025931289,0.0,-0.3,1
708,1.251488709664345,1.437948221421242,-0.001196977394998276,-0.2762838025931289,1.5199697459220887,1.4045007184743883,0.2880882143500321,0.011569140766288387,0.3,0.0,3
709,1.5199697459220887,1.4045007184743883,0.2880882143500321,0.011569140766288387,1.826269138288498,1.4086322189092637,0.32392217478676844,0.0048429679374501974,0.3,0.0,3
710,1.826269138288498,1.4086322189092637,0.32392217478676844,0.0048429679374501974,2.095993627929688,1.2654233419656753,0.2819792139156371,-0.13991345003313385,0.21213204,-0.21213204,8
711,2.095993627929688,1.2654233419656753,0.2819792139156371,-0.13991345003313385,2.1384752172470094,1.4960241938114165,-0.006283184314545253,0.29105250279687556,0.0,0.3,5
712,2.1384752172470094,1.4960241938114165,-0.006283184314545253,0.29105250279687556,2.129003921031952,1.2855635456562045,-0.011100378977716291,-0.29303736315536943,0.0,-0.3,1
713,2.129003921031952,1.2855635456562045,-0.011100378977716291,-0.29303736315536943,2.1341117690563203,0.9860218150496484,0.03282817397911051,-0.31379297115732596,0.0,-0.3,1
714,2.1341117690563203,0.9860218150496484,0.03282817397911051,-0.31379297115732596,1.9053579578876494,0.8145629385352134,-0.2847330744458966,-0.1463012899984151,-0.21213204,-0.21213204,2
715,1.9053579578876494,0.8145629385352134,-0.2847330744458966,-0.1463012899984151,1.6427432598590852,0.9475253994584083,-0.26679722641972675,0.15428637995812186,-0.21213204,0.21213204,4
716,1.6427432598590852,0.9475253994584083,-0.26679722641972675,0.15428637995812186,1.8322513097524642,1.1023125176906587,0.29751716586468885,0.14750922585776013,0.21213204,0.21213204,6
717,1.8322513097524642,1.1023125176906587,0.29751716586468885,0.14750922585776013,2.1145642614841464,1.2542026634454726,0.2730752160715265,0.15644917760197952,0.21213204,0.21213204,6
718,2.1145642614841464,1.2542026634454726,0.2730752160715265,0.15644917760197952,2.1525873356342315,1.2693953696012497,-0.0011485546664800452,-0.00015159069602660273,0.0,0.0,0
719,2.1525873356342315,1.2693953696012497,-0.0011485546664800452,-0.00015159069602660273,2.152386639976502,1.26956600522995,-0.013327973915011677,0.0130635826539285,0.0,0.0,0
720,2.152386639976502,1.26956600522995,-0.013327973915011677,0.0130635826539285,1.916720323252678,1.1385378248214724,-0.2682404645960588,-0.15635143671604712,-0.21213204,-0.21213204,2
721,1.916720323252678,1.1385378248214724,-0.2682404645960588,-0.15635143671604712,1.8782703707218171,1.3757516503334046,0.015520864160152357,0.3011683392087442,0.0,0.3,5
722,1.8782703707218171,1.3757516503334046,0.015520864160152357,0.3011683392087442,1.88677507185936,1.673728194761276,0.01736408400142422,0.3243836821931034,0.0,0.3,5
723,1.88677507185936,1.673728194761276,0.01736408400142422,0.3243836821931034,1.6545145240306856,1.8623778228521348,-0.28048498689428447,0.1537986756796968,-0.21213204,0.21213204,4
724,1.6545145240306856,1.8623778228521348,-0.28048498689428447,0.1537986756796968,1.3784446124076843,2.009489862155914,-0.2860641198906466,0.16793990411021348,-0.21213204,0.21213204,4
725,1.3784446124076843,2.009489862155914,-0.2860641198906466,0.16793990411021348,1.610942422056198,2.0345834857463836,0.26015289422364724,-0.004312245810018804,0.3,0.0,3
726,1.610942422056198,2.0345834857463836,0.26015289422364724,-0.004312245810018804,1.9123147492647175,2.0371366272449496,0.3114451510717736,0.0059622477454013695,0.3,0.0,3
727,1.9123147492647175,2.0371366272449496,0.3114451510717736,0.0059622477454013695,1.7250466455698013,1.9026914576530456,-0.28214312324325497,-0.17007289201634299,-0.21213204,-0.21213204,2
728,1.7250466455698013,1.9026914576530456,-0.28214312324325497,-0.17007289201634299,1.693914011311531,1.613355296134949,0.0003121019373394546,-0.307719563633244,0.0,-0.3,1
729,1.693914011311531,1.613355296134949,0.0003121019373394546,-0.307719563633244,1.4727675777673723,1.7163956645965577,-0.26049745709107136,0.13388165994599804,-0.21213204,0.21213204,4
730,1.4727675777673723,1.7163956645965577,-0.26049745709107136,0.13388165994599804,1.1827946727752687,1.7345473399162294,-0.3001063302006215,0.009190956366595098,-0.3,0.0,7
731,1.1827946727752687,1.7345473399162294,-0.3001063302006215,0.009190956366595098,0.8910874400615693,1.7402029613256456,-0.2870068265675257,0.0017354741091108604,-0.3,0.0,7
732,0.8910874400615693,1.7402029613256456,-0.2870068265675257,0.0017354741091108604,0.6324773482680321,1.604722905635834,-0.2794312709495015,-0.14075582291756833,-0.21213204,-0.21213204,2
733,0.6324773482680321,1.604722905635834,-0.2794312709495015,-0.14075582291756833,0.813671907901764,1.7275893108606337,0.28521729399478696,0.16082970945561717,0.21213204,0.21213204,6
734,0.813671907901764,1.7275893108606337,0.28521729399478696,0.16082970945561717,0.5870727473497391,1.7531374912261966,-0.24509919084802279,-0.00046830591558105186,-0.3,0.0,7
735,0.5870727473497391,1.7531374912261966,-0.24509919084802279,-0.00046830591558105186,0.3262432474970818,1.616275022220612,-0.2866200090825178,-0.17264236455627588,-0.21213204,-0.21213204,2
736,0.3262432474970818,1.616275022220612,-0.2866200090825178,-0.17264236455627588,0.2908502319574356,1.8555801913499834,0.02609698451050009,0.3118881659277431,0.0,0.3,5
737,0.2908502319574356,1.8555801913499834,0.02609698451050009,0.3118881659277431,0.3060391336858273,2.1580917481422426,0.00022647762345383575,0.2882450221129172,0.0,0.3,5
738,0.3060391336858273,2.1580917481422426,0.00022647762345383575,0.2882450221129172,0.04602039215788245,2.189286308908463,-0.26904085594577565,-0.0015386377711073408,-0.3,0.0,7
739,0.04602039215788245,2.189286308908463,-0.26904085594577565,-0.0015386377711073408,-0.21668851932883262,2.0386216618537905,-0.258836457886724,-0.15300923644488512,-0.21213204,-0.21213204,2
740,-0.21668851932883262,2.0386216618537905,-0.258836457886724,-0.15300923644488512,-0.5053624596714974,2.02762619433403,-0.2968944756341959,0.0043084903585291654,-0.3,0.0,7
741,-0.5053624596714974,2.02762619433403,-0.2968944756341959,0.0043084903585291654,-0.7624168309926987,1.878027522587776,-0.2771270127977849,-0.14315845801757965,-0.21213204,-0.21213204,2
742,-0.7624168309926987,1.878027522587776,-0.2771270127977849,-0.14315845801757965,-0.5246110252141953,1.8551798704624176,0.24336477229828082,0.0029493762021682766,0.3,0.0,3
743,-0.5246110252141953,1.8551798704624176,0.24336477229828082,0.0029493762021682766,-0.2412436643689871,1.7141709236621856,0.2852561359632009,-0.14900736359805306,0.21213204,-0.21213204,8
744,-0.2412436643689871,1.7141709236621856,0.2852561359632009,-0.14900736359805306,-0.20463706779778007,1.700046873021126,0.00012987640299286538,0.0005101373851214663,0.0,0.0,0
745,-0.20463706779778007,1.700046873021126,0.00012987640299286538,0.0005101373851214663,-0.47524345318675043,1.702777709364891,-0.2931136181913199,0.0006034629242497704,-0.3,0.0,7
746,-0.47524345318675043,1.702777709364891,-0.2931136181913199,0.0006034629242497704,-0.7734159364700317,1.7047819786787033,-0.30724222997529854,0.0014119376602950598,-0.3,0.0,7
747,-0.7734159364700317,1.7047819786787033,-0.30724222997529854,0.0014119376602950598,-0.5826785765767097,1.586555293226242,0.27917518988215334,-0.12874683308659787,0.21213204,-0.21213204,8
748,-0.5826785765767097,1.586555293226242,0.27917518988215334,-0.12874683308659787,-0.5302155279755593,1.3295899601697923,0.02376364237975448,-0.28411667878236524,0.0,-0.3,1
749,-0.5302155279755593,1.3295899601697923,0.02376364237975448,-0.28411667878236524,-0.51393049929142,1.5584010693073274,0.025316920745386922,0.3200779488835158,0.0,0.3,5
750,-0.51393049929142,1.5584010693073274,0.025316920745386922,0.3200779488835158,-0.5112693713068962,1.595860917043686,-0.00018425486585217494,0.00018213769552864338,0.0,0.0,0
751,-0.5112693713068962,1.595860917043686,-0.00018425486585217494,0.00018213769552864338,-0.5112997335910797,1.5958561792373658,-0.0001911664211700655,0.0001920253658238864,0.0,0.0,0
752,-0.5112997335910797,1.5958561792373658,-0.0001911664211700655,0.0001920253658238864,-0.7525589615941047,1.7349156591176986,-0.2616403258944198,0.15421973758198557,-0.21213204,0.21213204,4
753,-0.7525589615941047,1.7349156591176986,-0.2616403258944198,0.15421973758198557,-0.7889007081985474,2.0177649974823,-0.002652887545505595,0.290608501405149,0.0,0.3,5
754,-0.7889007081985474,2.0177649974823,-0.002652887545505595,0.290608501405149,-0.7894507476329804,2.0523607668876647,-0.00028651666248468013,-0.00024383980989235582,0.0,0.0,0
755,-0.7894507476329804,2.0523607668876647,-0.00028651666248468013,-0.00024383980989235582,-1.027271209359169,1.9271189529657367,-0.2606253092266969,-0.13883755440268838,-0.21213204,-0.21213204,2
756,-1.027271209359169,1.9271189529657367,-0.2606253092266969,-0.13883755440268838,-1.0621182425022127,1.9131352361440659,8.899130127580098e-05,0.0001901750717016004,0.0,0.0,0
757,-1.0621182425022127,1.9131352361440659,8.899130127580098e-05,0.0001901750717016004,-1.0508805049896242,1.638707673406601,0.003464821569773523,-0.30683988789548305,0.0,-0.3,1
758,-1.0508805049896242,1.638707673406601,0.003464821569773523,-0.30683988789548305,-1.0520908977985384,1.8253937040328978,-0.00470414788008841,0.2769149160588118,0.0,0.3,5
759,-1.0520908977985384,1.8253937040328978,-0.00470414788008841,0.2769149160588118,-1.2800455572128295,1.9848131214380267,-0.2654458183429627,0.13726808086907258,-0.21213204,0.21213204,4
760,-1.2800455572128295,1.9848131214380267,-0.2654458183429627,0.13726808086907258,-1.306050976538658,1.7334570323228837,0.02287445136205688,-0.3208229892608799,0.0,-0.3,1
761,-1.306050976538658,1.7334570323228837,0.02287445136205688,-0.3208229892608799,-1.3023625813245772,1.6963205394983292,0.0005950979030054117,-0.000449517251234686,0.0,0.0,0
762,-1.3023625813245772,1.6963205394983292,0.0005950979030054117,-0.000449517251234686,-1.2959606105089188,1.4162703146219255,0.0010601679374283822,-0.33613621814996514,0.0,-0.3,1
763,-1.2959606105089188,1.4162703146219255,0.0010601679374283822,-0.33613621814996514,-1.087955745124817,1.503091164660454,0.28666112444810926,0.13167372394609625,0.21213204,0.21213204,6
764,-1.087955745124817,1.503091164660454,0.28666112444810926,0.13167372394609625,-1.0511645126581193,1.7453994851112367,-0.006375490856571625,0.26153642090024437,0.0,0.3,5
765,-1.0511645126581193,1.7453994851112367,-0.006375490856571625,0.26153642090024437,-1.043434487080574,1.5103839900493623,-0.001853095887755393,-0.31372358607116435,0.0,-0.3,1
766,-1.043434487080574,1.5103839900493623,-0.001853095887755393,-0.31372358607116435,-1.0407575095653536,1.7004216883182528,-0.004566177509411653,0.25399310205655223,0.0,0.3,5
767,-1.0407575095653536,1.7004216883182528,-0.004566177509411653,0.25399310205655223,-1.3010351322412492,1.7196180765867237,-0.26322801089910086,-0.008455971828895957,-0.3,0.0,7
768,-1.3010351322412492,1.7196180765867237,-0.26322801089910086,-0.008455971828895957,-1.3420992790699007,1.4453034329652787,-0.003116885331140066,-0.32206950889477526,0.0,-0.3,1
769,-1.3420992790699007,1.4453034329652787,-0.003116885331140066,-0.32206950889477526,-1.1097035730600358,1.2489664319992066,0.28140791490712114,-0.1634841558879012,0.21213204,-0.21213204,8
770,-1.1097035730600358,1.2489664319992066,0.28140791490712114,-0.1634841558879012,-0.8285448343038558,1.0884112460851671,0.2617496058385738,-0.17363072912854424,0.21213204,-0.21213204,8
771,-0.8285448343038558,1.0884112460851671,0.2617496058385738,-0.17363072912854424,-0.5512791360139847,1.216864038181305,0.2897209443391098,0.14938845338739182,0.21213204,0.21213204,6
772,-0.5512791360139847,1.216864038181305,0.2897209443391098,0.14938845338739182,-0.2679440450906754,1.3715044901609423,0.2568909014898402,0.17651667470768226,0.21213204,0.21213204,6
773,-0.2679440450906754,1.3715044901609423,0.2568909014898402,0.17651667470768226,-0.4938010150074959,1.3991605424642564,-0.2507021583023794,0.0030195463749175633,-0.3,0.0,7
774,-0.4938010150074959,1.3991605424642564,-0.2507021583023794,0.0030195463749175633,-0.5376258658528328,1.399808485841751,-5.8851767890744666e-05,0.0005170143672061138,0.0,0.0,0
775,-0.5376258658528328,1.399808485841751,-5.8851767890744666e-05,0.0005170143672061138,-0.2590081392347813,1.40212629404068,0.2896579600044806,0.0013764552244337682,0.3,0.0,3
776,-0.2590081392347813,1.40212629404068,0.2896579600044806,0.0013764552244337682,-0.48025839266777043,1.4025295540094376,-0.24994329900292236,0.0016408291591743789,-0.3,0.0,7
777,-0.48025839266777043,1.4025295540094376,-0.24994329900292236,0.0016408291591743789,-0.7747970185041427,1.406413083124161,-0.31336232473239023,0.002763368006816617,-0.3,0.0,7
778,-0.7747970185041427,1.406413083124161,-0.31336232473239023,0.002763368006816617,-0.8120062779068946,1.662935670733452,0.00794440258180978,0.31370714940783584,0.0,0.3,5
779,-0.8120062779068946,1.662935670733452,0.00794440258180978,0.31370714940783584,-1.030080653500557,1.8412997162580491,-0.2746152983826767,0.1391279368354433,-0.21213204,0.21213204,4
780,-1.030080653500557,1.8412997162580491,-0.2746152983826767,0.1391279368354433,-1.0532585351228714,2.0981315101146696,0.00021424273197985305,0.29269781867849703,0.0,0.3,5
781,-1.0532585351228714,2.0981315101146696,0.00021424273197985305,0.29269781867849703,-1.0542324156284333,2.1304403613567353,0.0002140721616822662,-0.00027999922567816725,0.0,0.0,0
782,-1.0542324156284333,2.1304403613567353,0.0002140721616822662,-0.00027999922567816725,-0.7776285359978677,2.128439354991913,0.29304935230624746,0.004008844696425363,0.3,0.0,3
783,-0.7776285359978677,2.128439354991913,0.29304935230624746,0.004008844696425363,-0.502305555689335,1.9812253188371662,0.28732999246281127,-0.14084123053682596,0.21213204,-0.21213204,8
784,-0.502305555689335,1.9812253188371662,0.28732999246281127,-0.14084123053682596,-0.46223243643045425,1.7019099814891814,0.01788994198605868,-0.2945315827187024,0.0,-0.3,1
785,-0.46223243643045425,1.7019099814891814,0.01788994198605868,-0.2945315827187024,-0.7219045357823373,1.6729479790687563,-0.27187900974051715,0.004681980372236331,-0.3,0.0,7
786,-0.7219045357823373,1.6729479790687563,-0.27187900974051715,0.004681980372236331,-0.7589334245681764,1.6731398282527925,-0.001455700951162701,0.0008560650946841835,0.0,0.0,0
787,-0.7589334245681764,1.6731398282527925,-0.001455700951162701,0.0008560650946841835,-0.5074769102811814,1.555854822087288,0.28829847746787174,-0.1371994385038474,0.21213204,-0.21213204,8
788,-0.5074769102811814,1.555854822087288,0.28829847746787174,-0.1371994385038474,-0.7346147373557091,1.538699934267998,-0.2547484925116203,0.002560206929363085,-0.3,0.0,7
789,-0.7346147373557091,1.538699934267998,-0.2547484925116203,0.002560206929363085,-0.775621679019928,1.3046577177047731,0.023479825885110203,-0.2875793782016978,0.0,-0.3,1
790,-0.775621679019928,1.3046577177047731,0.023479825885110203,-0.2875793782016978,-0.5028512408673763,1.2773368250608446,0.280985258713402,-0.003758665950174109,0.3,0.0,3
791,-0.5028512408673763,1.2773368250608446,0.280985258713402,-0.003758665950174109,-0.7269784962654113,1.2788516406059265,-0.24904619433709327,-0.0020224330484632544,-0.3,0.0,7
792,-0.7269784962654113,1.2788516406059265,-0.24904619433709327,-0.0020224330484632544,-0.7716708062648773,1.2788193878889085,0.0069644972354352816,-0.0001393533325226444,0.0,0.0,0
793,-0.7716708062648773,1.2788193878889085,0.0069644972354352816,-0.0001393533325226444,-1.0096516500234605,1.4109465181350709,-0.27612516769548456,0.13587471856750152,-0.21213204,0.21213204,4
794,-1.0096516500234605,1.4109465181350709,-0.27612516769548456,0.13587471856750152,-0.8221242029309273,1.560163764500618,0.2784760250872241,0.15837310220043524,0.21213204,0.21213204,6
795,-0.8221242029309273,1.560163764500618,0.2784760250872241,0.15837310220043524,-0.5541321650743485,1.4386037074804308,0.29878826741720205,-0.12697965109414,0.21213204,-0.21213204,8
796,-0.5541321650743485,1.4386037074804308,0.29878826741720205,-0.12697965109414,-0.2514573621243239,1.4286871631622318,0.3154483715114449,0.0024193881829024672,0.3,0.0,3
797,-0.2514573621243239,1.4286871631622318,0.3154483715114449,0.0024193881829024672,-0.4328451850116253,1.3021150397062302,-0.2450149136294994,-0.1800794597224837,-0.21213204,-0.21213204,2
798,-0.4328451850116253,1.3021150397062302,-0.2450149136294994,-0.1800794597224837,-0.4436487625718117,1.032110284972191,0.02189622693900037,-0.30176560409201986,0.0,-0.3,1
799,-0.4436487625718117,1.032110284972191,0.02189622693900037,-0.30176560409201986,-0.44226060011982915,0.9964655932664871,0.0004730065161974784,0.00013592445973345624,0.0,0.0,0
800,-0.44226060011982915,0.9964655932664871,0.0004730065161974784,0.00013592445973345624,-0.19700421947240832,1.1269339925289155,0.27817860363942215,0.1448198728893856,0.21213204,0.21213204,6
801,-0.19700421947240832,1.1269339925289155,0.27817860363942215,0.1448198728893856,0.08044138249605895,1.2716552639007568,0.27283948868012947,0.14597579565922297,0.21213204,0.21213204,6
802,0.08044138249605895,1.2716552639007568,0.27283948868012947,0.14597579565922297,-0.10382445488125086,1.1597113065481186,-0.275530904970101,-0.14441659966533524,-0.21213204,-0.21213204,2
803,-0.10382445488125086,1.1597113065481186,-0.275530904970101,-0.14441659966533524,-0.35993993922472,1.2862711910247806,-0.2634518455438774,0.14794728220336711,-0.21213204,0.21213204,4
804,-0.35993993922472,1.2862711910247806,-0.2634518455438774,0.14794728220336711,-0.6479534802794457,1.3003189457893372,-0.2921414688236208,0.002862682107421506,-0.3,0.0,7
805,-0.6479534802794457,1.3003189457893372,-0.2921414688236208,0.002862682107421506,-0.4509977907121182,1.435716045665741,0.2906708133422434,0.16513750486488452,0.21213204,0.21213204,6
806,-0.4509977907121182,1.435716045665741,0.2906708133422434,0.16513750486488452,-0.6314044090867044,1.3390505556344987,-0.2738883349431738,-0.13663490964947347,-0.21213204,-0.21213204,2
807,-0.6314044090867044,1.3390505556344987,-0.2738883349431738,-0.13663490964947347,-0.4279806815385819,1.1981714081048964,0.29407949536626754,-0.1434372513483513,0.21213204,-0.21213204,8
808,-0.4279806815385819,1.1981714081048964,0.29407949536626754,-0.1434372513483513,-0.16847159468233586,1.3327400571346284,0.24576593222228893,0.14236350556652333,0.21213204,0.21213204,6
809,-0.16847159468233586,1.3327400571346284,0.24576593222228893,0.14236350556652333,-0.12562496700882914,1.3453457071304322,-0.0003456771849804827,0.0011029959917156164,0.0,0.0,0
810,-0.12562496700882914,1.3453457071304322,-0.0003456771849804827,0.0011029959917156164,0.11636851023435593,1.473682717561722,0.28610320582066623,0.15138238819795263,0.21213204,0.21213204,6
811,0.11636851023435593,1.473682717561722,0.28610320582066623,0.15138238819795263,0.16195758198201657,1.2344333098173144,-0.013535813504656786,-0.3005089366613532,0.0,-0.3,1
812,0.16195758198201657,1.2344333098173144,-0.013535813504656786,-0.3005089366613532,-0.06917645768225193,1.05487517619133,-0.2787320928760098,-0.15750460186108847,-0.21213204,-0.21213204,2
813,-0.06917645768225193,1.05487517619133,-0.2787320928760098,-0.15750460186108847,-0.3628419936001301,1.040309685754776,-0.295254285549823,0.0015702345219858322,-0.3,0.0,7
814,-0.3628419936001301,1.040309685754776,-0.295254285549823,0.0015702345219858322,-0.12671560197323561,1.0400330177545547,0.24177438244367733,0.002135918915107575,0.3,0.0,3
815,-0.12671560197323561,1.0400330177545547,0.24177438244367733,0.002135918915107575,0.17497968950867654,1.0443892765998841,0.3113276613213379,0.007637230346018127,0.3,0.0,3
816,0.17497968950867654,1.0443892765998841,0.3113276613213379,0.007637230346018127,0.22287631056904794,0.7946080789804459,0.022060495776021358,-0.3041281048174387,0.0,-0.3,1
817,0.22287631056904794,0.7946080789804459,0.022060495776021358,-0.3041281048174387,-0.0003234057998750359,0.8932354844570161,-0.2765691786777062,0.1471314737756459,-0.21213204,0.21213204,4
818,-0.0003234057998750359,0.8932354844570161,-0.2765691786777062,0.1471314737756459,0.19350076410472394,0.7894363414406778,0.30421567041531344,-0.144145101633202,0.21213204,-0.21213204,8
819,0.19350076410472394,0.7894363414406778,0.30421567041531344,-0.144145101633202,-0.02954843813180924,0.7703896469950676,-0.2544896066945107,0.0022356008517956045,-0.3,0.0,7
820,-0.02954843813180924,0.7703896469950676,-0.2544896066945107,0.0022356008517956045,-0.2937857758283615,0.6333273412227631,-0.2726086350651202,-0.14736792019994172,-0.21213204,-0.21213204,2
821,-0.2937857758283615,0.6333273412227631,-0.2726086350651202,-0.14736792019994172,-0.5887862021803857,0.6186298218131066,-0.29927832085263484,-0.003820554180355329,-0.3,0.0,7
822,-0.5887862021803857,0.6186298218131066,-0.29927832085263484,-0.003820554180355329,-0.8872417182564737,0.615944565308094,-0.28549921938478523,0.0012792369273018347,-0.3,0.0,7
823,-0.8872417182564737,0.615944565308094,-0.28549921938478523,0.0012792369273018347,-0.7039088861465453,0.7440194330692292,0.2752134051508117,0.14363693922592005,0.21213204,0.21213204,6
824,-0.7039088861465453,0.7440194330692292,0.2752134051508117,0.14363693922592005,-0.9371953225374221,0.7641390259861947,-0.26042768404557526,0.0025095263801399826,-0.3,0.0,7
825,-0.9371953225374221,0.7641390259861947,-0.26042768404557526,0.0025095263801399826,-0.9867531877040864,0.9963693300008775,-0.001259261519820811,0.2669556195250341,0.0,0.3,5
826,-0.9867531877040864,0.9963693300008775,-0.001259261519820811,0.2669556195250341,-0.7524517205238342,1.166075665807724,0.2886329044888061,0.1617815510268683,0.21213204,0.21213204,6
827,-0.7524517205238342,1.166075665807724,0.2886329044888061,0.1617815510268683,-0.7051882891654969,1.452676853966713,0.009413605935807479,0.3193979935268328,0.0,0.3,5
828,-0.7051882891654969,1.452676853966713,0.009413605935807479,0.3193979935268328,-0.6947067432761193,1.2579405445575715,0.01692453886239892,-0.28512010427211776,0.0,-0.3,1
829,-0.6947067432761193,1.2579405445575715,0.01692453886239892,-0.28512010427211776,-0.9528539402604103,1.2264359474897386,-0.26402309179433114,-0.002932057267220993,-0.3,0.0,7
830,-0.9528539402604103,1.2264359474897386,-0.26402309179433114,-0.002932057267220993,-0.7627713696837426,1.354692775964737,0.2971586052110872,0.1622443697250595,0.21213204,0.21213204,6
831,-0.7627713696837426,1.354692775964737,0.2971586052110872,0.1622443697250595,-0.49038668694496157,1.2279062962055205,0.30265331879621604,-0.1318685762621094,0.21213204,-0.21213204,8
832,-0.49038668694496157,1.2279062962055205,0.30265331879621604,-0.1318685762621094,-0.4511377939879894,1.216017024874687,0.00016474258706229052,-0.0007234345684526285,0.0,0.0,0
833,-0.4511377939879894,1.216017024874687,0.00016474258706229052,-0.0007234345684526285,-0.45118654053211216,1.2160314653396607,-0.0008631990248928138,0.0005457753660325906,0.0,0.0,0
834,-0.45118654053211216,1.2160314653396607,-0.0008631990248928138,0.0005457753660325906,-0.6921241872549058,1.349254941034317,-0.2736796776851152,0.14678374253833013,-0.21213204,0.21213204,4
835,-0.6921241872549058,1.349254941034317,-0.2736796776851152,0.14678374253833013,-0.9649389585733414,1.5026041955232623,-0.25517068079418354,0.16570221723057643,-0.21213204,0.21213204,4
836,-0.9649389585733414,1.5026041955232623,-0.25517068079418354,0.16570221723057643,-1.226509840297699,1.364066115164757,-0.2758501502481797,-0.16362658244111986,-0.21213204,-0.21213204,2
837,-1.226509840297699,1.364066115164757,-0.2758501502481797,-0.16362658244111986,-1.2645314459323882,1.0665701450109482,-0.010918950638283575,-0.3261954899958266,0.0,-0.3,1
838,-1.2645314459323882,1.0665701450109482,-0.010918950638283575,-0.3261954899958266,-1.4882930107593537,0.8733771736264229,-0.24684604389911402,-0.14734899282296213,-0.21213204,-0.21213204,2
839,-1.4882930107593537,0.8733771736264229,-0.24684604389911402,-0.14734899282296213,-1.7485615126848222,0.9992880612969397,-0.2741170560627957,0.14699512925035818,-0.21213204,0.21213204,4
840,-1.7485615126848222,0.9992880612969397,-0.2741170560627957,0.14699512925035818,-1.7729174900770188,1.2747944647789,0.0003993027219353789,0.30639957675986534,0.0,0.3,5
841,-1.7729174900770188,1.2747944647789,0.0003993027219353789,0.30639957675986534,-1.984351106452942,1.1699439849615096,-0.2699392946993221,-0.14881037238770628,-0.21213204,-0.21213204,2
842,-1.984351106452942,1.1699439849615096,-0.2699392946993221,-0.14881037238770628,-1.7431181587219238,1.1480251660108567,0.26368247610732704,-0.0035180509911229363,0.3,0.0,3
843,-1.7431181587219238,1.1480251660108567,0.26368247610732704,-0.0035180509911229363,-1.4381507692098618,1.148493462777138,0.32429595786737586,-0.0030531806131418133,0.3,0.0,3
844,-1.4381507692098618,1.148493462777138,0.32429595786737586,-0.0030531806131418133,-1.6680594308137893,1.1449922934293746,-0.25567953693232903,-0.002438471352929815,-0.3,0.0,7
845,-1.6680594308137893,1.1449922934293746,-0.25567953693232903,-0.002438471352929815,-1.7066794631004336,1.1446252562046053,0.00035161900215446374,-0.00011789624958925707,0.0,0.0,0
846,-1.7066794631004336,1.1446252562046053,0.00035161900215446374,-0.00011789624958925707,-1.6940883150815962,0.878225650548935,0.02060461752872327,-0.3125748280959557,0.0,-0.3,1
847,-1.6940883150815962,0.878225650548935,0.02060461752872327,-0.3125748280959557,-1.692572288799286,0.557860489344597,0.0031449909582290524,-0.31809711236660154,0.0,-0.3,1
848,-1.692572288799286,0.557860489344597,0.0031449909582290524,-0.31809711236660154,-1.4245212350130083,0.52063779296875,0.26972913168956714,-0.0013950140513012566,0.3,0.0,3
849,-1.4245212350130083,0.52063779296875,0.26972913168956714,-0.0013950140513012566,-1.1492032065153124,0.3760025858104229,0.2875771726007129,-0.13861298338877595,0.21213204,-0.21213204,8
850,-1.1492032065153124,0.3760025858104229,0.2875771726007129,-0.13861298338877595,-0.8502406041622163,0.36826614922285084,0.3084522224490102,0.00597638640420533,0.3,0.0,3
851,-0.8502406041622163,0.36826614922285084,0.3084522224490102,0.00597638640420533,-0.8089948130488396,0.6150911198735237,-0.004454365444726858,0.29348008339543413,0.0,0.3,5
852,-0.8089948130488396,0.6150911198735237,-0.004454365444726858,0.29348008339543413,-0.5446557941794395,0.6472209817051887,0.27653636678887117,-0.001280027676874409,0.3,0.0,3
853,-0.5446557941794395,0.6472209817051887,0.27653636678887117,-0.001280027676874409,-0.28015540285706525,0.7971945331692696,0.28268431331244337,0.15023077942481122,0.21213204,0.21213204,6
854,-0.28015540285706525,0.7971945331692696,0.28268431331244337,0.15023077942481122,-0.46329286027550703,0.9464381943106652,-0.2685170937527171,0.14537504400192908,-0.21213204,0.21213204,4
855,-0.46329286027550703,0.9464381943106652,-0.2685170937527171,0.14537504400192908,-0.7373780308127403,1.0921251885890961,-0.2736179940245749,0.15179330159473867,-0.21213204,0.21213204,4
856,-0.7373780308127403,1.0921251885890961,-0.2736179940245749,0.15179330159473867,-0.9979302243828774,0.9501160600185395,-0.28338343086309525,-0.16427094585166124,-0.21213204,-0.21213204,2
857,-0.9979302243828774,0.9501160600185395,-0.28338343086309525,-0.16427094585166124,-1.2937241533756259,0.9312657472014427,-0.3042382931008233,-0.005019805402086975,-0.3,0.0,7
858,-1.2937241533756259,0.9312657472014427,-0.3042382931008233,-0.005019805402086975,-1.554960927128792,0.7773192865967751,-0.2746001056330528,-0.1569906722021199,-0.21213204,-0.21213204,2
859,-1.554960927128792,0.7773192865967751,-0.2746001056330528,-0.1569906722021199,-1.3612895874500275,0.8769114679217339,0.28798719326797845,0.1394942216389182,0.21213204,0.21213204,6
860,-1.3612895874500275,0.8769114679217339,0.28798719326797845,0.1394942216389182,-1.5468455143213273,1.0221145713090896,-0.27571518677724477,0.1459713099863614,-0.21213204,0.21213204,4
861,-1.5468455143213273,1.0221145713090896,-0.27571518677724477,0.1459713099863614,-1.3416081191301346,0.9076905064463616,0.2624390095205078,-0.16496506101599495,0.21213204,-0.21213204,8
862,-1.3416081191301346,0.9076905064463616,0.2624390095205078,-0.16496506101599495,-1.5736583968162536,0.8812647596240043,-0.26605153014043914,-0.0028601928082546513,-0.3,0.0,7
863,-1.5736583968162536,0.8812647596240043,-0.26605153014043914,-0.0028601928082546513,-1.603944844031334,0.6210280904173852,0.01850892672847762,-0.31604084354733664,0.0,-0.3,1
864,-1.603944844031334,0.6210280904173852,0.01850892672847762,-0.31604084354733664,-1.5933698840141297,0.30761047244668005,0.01389345626654464,-0.3253091995270984,0.0,-0.3,1
865,-1.5933698840141297,0.30761047244668005,0.01389345626654464,-0.3253091995270984,-1.3272059749603273,0.26728165230154993,0.2695871229737801,3.6271481860548145e-06,0.3,0.0,3
866,-1.3272059749603273,0.26728165230154993,0.2695871229737801,3.6271481860548145e-06,-1.2819923145771028,8.656034700106846e-05,-0.006323615874671781,-0.3327546144842611,0.0,-0.3,1
867,-1.2819923145771028,8.656034700106846e-05,-0.006323615874671781,-0.3327546144842611,-1.2880707877635957,-0.30091785022020345,-0.004572525115035813,-0.29675371216256174,0.0,-0.3,1
868,-1.2880707877635957,-0.30091785022020345,-0.004572525115035813,-0.29675371216256174,-1.0255737687349322,-0.3314412845730782,0.26901721115615956,0.005646232824778596,0.3,0.0,3
869,-1.0255737687349322,-0.3314412845730782,0.26901721115615956,0.005646232824778596,-1.2093957036972047,-0.4325861692786217,-0.28226308716511844,-0.13097648664516634,-0.21213204,-0.21213204,2
870,-1.2093957036972047,-0.4325861692786217,-0.28226308716511844,-0.13097648664516634,-1.2476114230632782,-0.6740537608504296,-0.009242280028923886,-0.26707446399531903,0.0,-0.3,1
871,-1.2476114230632782,-0.6740537608504296,-0.009242280028923886,-0.26707446399531903,-1.2593437298536303,-0.4345322181224823,-0.00013314637313809866,0.32934916279277143,0.0,0.3,5
872,-1.2593437298536303,-0.4345322181224823,-0.00013314637313809866,0.32934916279277143,-1.5248519293308258,-0.39313456995487217,-0.26472332496658935,0.0024472117009350777,-0.3,0.0,7
873,-1.5248519293308258,-0.39313456995487217,-0.26472332496658935,0.0024472117009350777,-1.2950781417369843,-0.38484516847133643,0.22801697607044868,0.0068604688511146985,0.3,0.0,3
874,-1.2950781417369843,-0.38484516847133643,0.22801697607044868,0.0068604688511146985,-1.4845188899993897,-0.2472183541417122,-0.2590246124315765,0.14058994225957838,-0.21213204,0.21213204,4
875,-1.4845188899993897,-0.2472183541417122,-0.2590246124315765,0.14058994225957838,-1.5371106236457823,-0.4704741993129254,-0.005633816679424086,-0.29109347058474827,0.0,-0.3,1
876,-1.5371106236457823,-0.4704741993129254,-0.005633816679424086,-0.29109347058474827,-1.5418123593330384,-0.7617434249043464,-0.006504577676580411,-0.29304979099995515,0.0,-0.3,1
877,-1.5418123593330384,-0.7617434249043464,-0.006504577676580411,-0.29304979099995515,-1.5305955856084825,-1.0547519499063494,0.00793413558577387,-0.2801883154125112,0.0,-0.3,1
878,-1.5305955856084825,-1.0547519499063494,0.00793413558577387,-0.2801883154125112,-1.5148253261327744,-1.3446556845903397,0.026718371889534763,-0.2946574993385322,0.0,-0.3,1
879,-1.5148253261327744,-1.3446556845903397,0.026718371889534763,-0.2946574993385322,-1.2799267400503158,-1.5242430044651032,0.28930033167722374,-0.14281516281441997,0.21213204,-0.21213204,8
880,-1.2799267400503158,-1.5242430044651032,0.28930033167722374,-0.14281516281441997,-1.4623840005874635,-1.6812746417284015,-0.2731063111313531,-0.16684944593196907,-0.21213204,-0.21213204,2
881,-1.4623840005874635,-1.6812746417284015,-0.2731063111313531,-0.16684944593196907,-1.5009807776451112,-1.4514675869464875,0.02284541955799082,0.3084848861269734,0.0,0.3,5
882,-1.5009807776451112,-1.4514675869464875,0.02284541955799082,0.3084848861269734,-1.2729089963436129,-1.5558306386709213,0.2729786885560586,-0.14942703093815213,0.21213204,-0.21213204,8
883,-1.2729089963436129,-1.5558306386709213,0.2729786885560586,-0.14942703093815213,-1.4979619458675386,-1.5831698367834093,-0.24410187406546593,-0.004727080693139521,-0.3,0.0,7
884,-1.4979619458675386,-1.5831698367834093,-0.24410187406546593,-0.004727080693139521,-1.3092881618738175,-1.720336934709549,0.2989792905824929,-0.14217141566920818,0.21213204,-0.21213204,8
885,-1.3092881618738175,-1.720336934709549,0.2989792905824929,-0.14217141566920818,-1.0047446112394334,-1.729145349574089,0.3144539844636155,-0.0002684859911279002,0.3,0.0,3
886,-1.0047446112394334,-1.729145349574089,0.3144539844636155,-0.0002684859911279002,-0.7078438937187196,-1.731309386062622,0.29896832822464264,-0.0011324852037376892,0.3,0.0,3
887,-0.7078438937187196,-1.731309386062622,0.29896832822464264,-0.0011324852037376892,-0.4470688451766968,-1.5858239053964616,0.2697391065711888,0.13688881460414914,0.21213204,0.21213204,6
888,-0.4470688451766968,-1.5858239053964616,0.2697391065711888,0.13688881460414914,-0.40120413501858715,-1.32227185754776,0.0007227852185112235,0.29892465855264744,0.0,0.3,5
889,-0.40120413501858715,-1.32227185754776,0.0007227852185112235,0.29892465855264744,-0.3842299203574658,-1.0307733775615693,0.0008230702693400886,0.28763408739244656,0.0,0.3,5
890,-0.3842299203574658,-1.0307733775615693,0.0008230702693400886,0.28763408739244656,-0.1447004015028477,-0.8590276819109918,0.2784436956415479,0.151415953359453,0.21213204,0.21213204,6
891,-0.1447004015028477,-0.8590276819109918,0.2784436956415479,0.151415953359453,-0.10830643147826195,-0.8441062373757362,-0.00019517167778508186,-0.0012720900004236425,0.0,0.0,0
892,-0.10830643147826195,-0.8441062373757362,-0.00019517167778508186,-0.0012720900004236425,-0.11211272087395191,-1.0917940100193024,-0.011214935213754117,-0.2861007947313024,0.0,-0.3,1
893,-0.11211272087395191,-1.0917940100193024,-0.011214935213754117,-0.2861007947313024,-0.3780617235779763,-1.1256834074735642,-0.27868671654963395,-0.0011118179210387442,-0.3,0.0,7
894,-0.3780617235779763,-1.1256834074735642,-0.27868671654963395,-0.0011118179210387442,-0.14252111117243765,-1.1248766217708588,0.24785365908886534,0.004657299432901149,0.3,0.0,3
895,-0.14252111117243765,-1.1248766217708588,0.24785365908886534,0.004657299432901149,0.12875080553740265,-1.262297000861168,0.27949830819855637,-0.14609695135424677,0.21213204,-0.21213204,8
896,0.12875080553740265,-1.262297000861168,0.27949830819855637,-0.14609695135424677,0.16240319998562336,-1.5300998745679857,0.001641321166538154,-0.28594823648477846,0.0,-0.3,1
897,0.16240319998562336,-1.5300998745679857,0.001641321166538154,-0.28594823648477846,0.1654514804184437,-1.7959321584939958,0.005913968836818969,-0.2588233676690527,0.0,-0.3,1
898,0.1654514804184437,-1.7959321584939958,0.005913968836818969,-0.2588233676690527,0.4055768741369248,-1.9576953905582426,0.2818549920706025,-0.15028926177869986,0.21213204,-0.21213204,8
899,0.4055768741369248,-1.9576953905582426,0.2818549920706025,-0.15028926177869986,0.4468922663092614,-1.7322174649477005,0.0056942160932679535,0.29537138572410787,0.0,0.3,5
